Date,Day,Week,Quarter,Month,Year,Media Buyer,Vertical,Source,Revenue,Net Profit,Margin,Incoming,Connected,Converted,No Connect,ACL Sec
2025-05-01,Thursday ,18,2,May      ,2025,Northwind Media,MEDICARE ENGLISH,youtube,4609.87,1256.83,0.273,270,228,141,42,679
2025-05-01,Thursday ,18,2,May      ,2025,Blue Harbor Digital,MEDICARE ENGLISH,search,312.69,63.44,0.203,16,14,9,2,850
2025-05-01,Thursday ,18,2,May      ,2025,Blue Harbor Digital,MEDICARE SPANISH,search,60.17,19.02,0.316,2,1,0,1,626
2025-05-01,Thursday ,18,2,May      ,2025,Cedar Lane Ads,ACA ENGLISH,facebook,793.05,NULL,NULL,43,39,19,4,834
2025-05-01,Thursday ,18,2,May      ,2025,Lantern Media Group,MEDICARE ENGLISH,facebook,3981.31,903.65,0.227,219,183,127,36,623
2025-05-01,Thursday ,18,2,May      ,2025,Copperfield Digital,MEDICARE ENGLISH,facebook,411.75,48.63,0.118,20,17,9,3,775
2025-05-01,Thursday ,18,2,May      ,2025,Copperfield Digital,ACA ENGLISH,facebook,92.65,12.28,0.133,4,3,2,1,715
2025-05-01,Thursday ,18,2,May      ,2025,Aster Performance,AUTO ENGLISH,youtube,812.37,67.12,0.083,47,41,24,6,887
2025-05-01,Thursday ,18,2,May      ,2025,Kingfisher Ads,MEDICARE ENGLISH,NULL,4163.02,560.42,0.135,320,269,191,51,899
2025-05-01,Thursday ,18,2,May      ,2025,Sable Creek Media,MEDICARE ENGLISH,facebook,1081.40,157.32,0.145,70,61,31,9,865
2025-05-01,Thursday ,18,2,May      ,2025,Ironwood Digital,ACA ENGLISH,youtube,1631.23,498.09,0.305,109,96,49,13,691
2025-05-01,Thursday ,18,2,May      ,2025,Ironwood Digital,MEDICARE ENGLISH,youtube,6356.14,1244.49,0.196,524,448,222,76,572
2025-05-01,Thursday ,18,2,May      ,2025,Juniper Path,AUTO INSURANCE ENGLISH,search,435.22,-147.58,-0.339,29,24,16,5,809
2025-05-01,Thursday ,18,2,May      ,2025,Juniper Path,MEDICARE SPANISH,search,1035.63,204.88,0.198,57,51,24,6,1036
2025-05-01,Thursday ,18,2,May      ,2025,Halcyon Reach,MEDICARE ENGLISH,search,647.56,108.69,0.168,32,29,18,3,500
2025-05-01,Thursday ,18,2,May      ,2025,Halcyon Reach,MEDICARE SPANISH,search,156.47,40.90,0.261,7,5,3,2,776
2025-05-01,Thursday ,18,2,May      ,2025,Prairie Signal,MEDICARE ENGLISH,youtube,369.87,59.47,0.161,17,15,7,2,999
2025-05-01,Thursday ,18,2,May      ,2025,Prairie Signal,ACA ENGLISH,youtube,251.59,46.75,0.186,16,13,6,3,685
2025-05-01,Thursday ,18,2,May      ,2025,Ember Lane Digital,MEDICARE ENGLISH,facebook,1946.06,468.66,0.241,134,126,69,8,665
2025-05-01,Thursday ,18,2,May      ,2025,Quarry Point,FINAL EXPENSE ENGLISH,NULL,765.43,28.35,0.037,59,48,31,11,707
2025-05-01,Thursday ,18,2,May      ,2025,Slate Harbor Ads,ACA ENGLISH,NULL,531.98,139.91,0.263,28,23,13,5,779
2025-05-01,Thursday ,18,2,May      ,2025,Slate Harbor Ads,MEDICARE ENGLISH,NULL,4283.63,1165.74,0.272,347,315,162,32,660
2025-05-01,Thursday ,18,2,May      ,2025,Windrose Performance,AUTO ENGLISH,NULL,217.73,NULL,NULL,11,9,5,2,596
2025-05-01,Thursday ,18,2,May      ,2025,Windrose Performance,MEDICARE ENGLISH,NULL,813.48,239.19,0.294,48,42,28,6,876
2025-05-01,Thursday ,18,2,May      ,2025,Thornfield Digital,MEDICARE ENGLISH,facebook,620.30,88.80,0.143,51,45,30,6,832
2025-05-01,Thursday ,18,2,May      ,2025,Auburn Peak Media,AUTO INSURANCE ENGLISH,search,104.11,6.26,0.060,5,4,2,1,899
2025-05-02,Friday   ,18,2,May      ,2025,Northwind Media,MEDICARE ENGLISH,youtube,3962.50,341.27,0.086,181,160,92,21,758
2025-05-02,Friday   ,18,2,May      ,2025,Blue Harbor Digital,MEDICARE ENGLISH,search,257.16,30.33,0.118,15,13,7,2,1048
2025-05-02,Friday   ,18,2,May      ,2025,Cedar Lane Ads,ACA ENGLISH,facebook,105.12,16.21,0.154,6,5,3,1,726
2025-05-02,Friday   ,18,2,May      ,2025,Vertex Reach,MEDICARE ENGLISH,facebook,1213.20,218.98,0.180,77,64,39,13,903
2025-05-02,Friday   ,18,2,May      ,2025,Vertex Reach,FINAL EXPENSE ENGLISH,facebook,1264.94,252.63,0.200,70,60,35,10,618
2025-05-02,Friday   ,18,2,May      ,2025,Lantern Media Group,MEDICARE ENGLISH,facebook,3189.25,205.32,0.064,172,158,92,14,969
2025-05-02,Friday   ,18,2,May      ,2025,Kingfisher Ads,MEDICARE ENGLISH,NULL,3211.98,NULL,NULL,209,178,123,31,1070
2025-05-02,Friday   ,18,2,May      ,2025,Bright Meridian,MEDICARE ENGLISH,facebook,1003.69,163.64,0.163,69,59,40,10,903
2025-05-02,Friday   ,18,2,May      ,2025,Ironwood Digital,ACA ENGLISH,youtube,2804.64,656.68,0.234,201,189,94,12,810
2025-05-02,Friday   ,18,2,May      ,2025,Ironwood Digital,MEDICARE ENGLISH,youtube,9736.26,2305.43,0.237,632,587,267,45,608
2025-05-02,Friday   ,18,2,May      ,2025,Juniper Path,AUTO INSURANCE ENGLISH,search,274.40,89.79,0.327,15,12,5,3,727
2025-05-02,Friday   ,18,2,May      ,2025,Halcyon Reach,MEDICARE ENGLISH,search,539.08,79.28,0.147,36,32,17,4,828
2025-05-02,Friday   ,18,2,May      ,2025,Halcyon Reach,MEDICARE SPANISH,search,312.77,37.79,0.121,17,15,8,2,896
2025-05-02,Friday   ,18,2,May      ,2025,Prairie Signal,MEDICARE ENGLISH,youtube,349.87,46.23,0.132,26,21,13,5,969
2025-05-02,Friday   ,18,2,May      ,2025,Prairie Signal,ACA ENGLISH,youtube,42.92,8.53,0.199,2,1,0,1,559
2025-05-02,Friday   ,18,2,May      ,2025,Silverpine Ads,AUTO INSURANCE ENGLISH,facebook,235.53,52.26,0.222,12,11,6,1,635
2025-05-02,Friday   ,18,2,May      ,2025,Silverpine Ads,AUTO ENGLISH,facebook,153.15,5.73,0.037,7,6,2,1,919
2025-05-02,Friday   ,18,2,May      ,2025,Foxglove Media,AUTO ENGLISH,search,557.69,NULL,NULL,30,28,17,2,894
2025-05-02,Friday   ,18,2,May      ,2025,Tidewater Reach,MEDICARE ENGLISH,facebook,1650.87,310.06,0.188,103,91,49,12,683
2025-05-02,Friday   ,18,2,May      ,2025,Marigold Digital,MEDICARE ENGLISH,facebook,2649.78,496.89,0.188,124,112,66,12,628
2025-05-02,Friday   ,18,2,May      ,2025,Slate Harbor Ads,ACA ENGLISH,NULL,638.39,148.90,0.233,31,28,14,3,1006
2025-05-02,Friday   ,18,2,May      ,2025,Bellweather Media,MEDICARE ENGLISH,NULL,420.48,42.84,0.102,22,18,12,4,1019
2025-05-02,Friday   ,18,2,May      ,2025,Bellweather Media,MEDICARE SPANISH,NULL,83.92,14.02,0.167,6,5,3,1,713
2025-05-02,Friday   ,18,2,May      ,2025,Cobalt Grove,MEDICARE ENGLISH,facebook,833.50,130.82,0.157,44,40,28,4,666
2025-05-02,Friday   ,18,2,May      ,2025,Windrose Performance,AUTO ENGLISH,NULL,191.66,29.20,0.152,9,7,4,2,593
2025-05-02,Friday   ,18,2,May      ,2025,Auburn Peak Media,AUTO INSURANCE ENGLISH,search,84.95,-12.15,-0.143,5,4,1,1,659
2025-05-02,Friday   ,18,2,May      ,2025,Auburn Peak Media,FINAL EXPENSE ENGLISH,search,173.97,18.10,0.104,8,6,4,2,623
2025-05-02,Friday   ,18,2,May      ,2025,Larkspur Ads,FINAL EXPENSE ENGLISH,NULL,1203.01,239.00,0.199,74,63,31,11,985
2025-05-05,Monday   ,19,2,May      ,2025,Northwind Media,MEDICARE ENGLISH,youtube,2749.92,50.36,0.018,146,130,71,16,945
2025-05-05,Monday   ,19,2,May      ,2025,Blue Harbor Digital,MEDICARE ENGLISH,search,337.14,69.66,0.207,22,19,10,3,520
2025-05-05,Monday   ,19,2,May      ,2025,Cedar Lane Ads,ACA ENGLISH,facebook,183.70,NULL,NULL,8,7,3,1,518
2025-05-05,Monday   ,19,2,May      ,2025,Copperfield Digital,MEDICARE ENGLISH,facebook,787.09,85.80,0.109,43,39,28,4,837
2025-05-05,Monday   ,19,2,May      ,2025,Bright Meridian,MEDICARE ENGLISH,facebook,2576.58,571.87,0.222,120,111,59,9,1062
2025-05-05,Monday   ,19,2,May      ,2025,Bright Meridian,AUTO INSURANCE ENGLISH,facebook,343.86,24.02,0.070,25,20,11,5,576
2025-05-05,Monday   ,19,2,May      ,2025,Sable Creek Media,MEDICARE ENGLISH,facebook,3256.93,322.09,0.099,233,194,117,39,592
2025-05-05,Monday   ,19,2,May      ,2025,Sable Creek Media,FINAL EXPENSE ENGLISH,facebook,687.74,114.08,0.166,32,27,16,5,988
2025-05-05,Monday   ,19,2,May      ,2025,Ironwood Digital,ACA ENGLISH,youtube,2254.75,494.52,0.219,104,95,52,9,734
2025-05-05,Monday   ,19,2,May      ,2025,Juniper Path,AUTO INSURANCE ENGLISH,search,382.21,25.26,0.066,30,27,17,3,852
2025-05-05,Monday   ,19,2,May      ,2025,Prairie Signal,MEDICARE ENGLISH,youtube,453.02,NULL,NULL,23,19,12,4,703
2025-05-05,Monday   ,19,2,May      ,2025,Prairie Signal,ACA ENGLISH,youtube,94.03,12.80,0.136,5,4,2,1,764
2025-05-05,Monday   ,19,2,May      ,2025,Foxglove Media,AUTO ENGLISH,search,176.69,51.85,0.293,10,9,4,1,568
2025-05-05,Monday   ,19,2,May      ,2025,Quarry Point,FINAL EXPENSE ENGLISH,NULL,944.26,89.72,0.095,58,48,32,10,886
2025-05-05,Monday   ,19,2,May      ,2025,Tidewater Reach,MEDICARE ENGLISH,facebook,846.22,202.56,0.239,49,46,25,3,516
2025-05-05,Monday   ,19,2,May      ,2025,Marigold Digital,MEDICARE ENGLISH,facebook,3492.69,NULL,NULL,250,206,127,44,1094
2025-05-05,Monday   ,19,2,May      ,2025,Slate Harbor Ads,ACA ENGLISH,NULL,827.73,NULL,NULL,57,53,24,4,1040
2025-05-05,Monday   ,19,2,May      ,2025,Slate Harbor Ads,MEDICARE ENGLISH,NULL,1771.52,276.80,0.156,85,77,39,8,984
2025-05-05,Monday   ,19,2,May      ,2025,Bellweather Media,MEDICARE ENGLISH,NULL,193.49,26.31,0.136,14,12,6,2,692
2025-05-05,Monday   ,19,2,May      ,2025,Bellweather Media,ACA ENGLISH,NULL,108.42,29.83,0.275,6,5,3,1,551
2025-05-05,Monday   ,19,2,May      ,2025,Cobalt Grove,MEDICARE ENGLISH,facebook,2367.94,251.40,0.106,179,169,95,10,737
2025-05-05,Monday   ,19,2,May      ,2025,Windrose Performance,AUTO ENGLISH,NULL,740.70,209.40,0.283,49,43,28,6,864
2025-05-05,Monday   ,19,2,May      ,2025,Windrose Performance,MEDICARE ENGLISH,NULL,1072.77,412.28,0.384,49,40,23,9,754
2025-05-05,Monday   ,19,2,May      ,2025,Auburn Peak Media,AUTO INSURANCE ENGLISH,search,206.15,37.47,0.182,11,10,5,1,784
2025-05-05,Monday   ,19,2,May      ,2025,Granite Bay Digital,MEDICARE ENGLISH,NULL,1051.34,330.82,0.315,84,79,50,5,559
2025-05-06,Tuesday  ,19,2,May      ,2025,Northwind Media,MEDICARE ENGLISH,youtube,4075.87,1076.36,0.264,237,218,134,19,783
2025-05-06,Tuesday  ,19,2,May      ,2025,Cedar Lane Ads,ACA ENGLISH,facebook,584.43,59.91,0.103,32,28,13,4,698
2025-05-06,Tuesday  ,19,2,May      ,2025,Copperfield Digital,ACA ENGLISH,facebook,104.15,NULL,NULL,6,5,3,1,801
2025-05-06,Tuesday  ,19,2,May      ,2025,Aster Performance,AUTO ENGLISH,youtube,1540.10,600.56,0.390,82,74,37,8,585
2025-05-06,Tuesday  ,19,2,May      ,2025,Kingfisher Ads,MEDICARE ENGLISH,NULL,1562.67,185.16,0.118,79,69,40,10,774
2025-05-06,Tuesday  ,19,2,May      ,2025,Bright Meridian,MEDICARE ENGLISH,facebook,2432.12,NULL,NULL,165,139,77,26,745
2025-05-06,Tuesday  ,19,2,May      ,2025,Bright Meridian,AUTO INSURANCE ENGLISH,facebook,917.00,359.35,0.392,42,39,20,3,985
2025-05-06,Tuesday  ,19,2,May      ,2025,Ironwood Digital,ACA ENGLISH,youtube,1965.76,NULL,NULL,90,73,45,17,1022
2025-05-06,Tuesday  ,19,2,May      ,2025,Ironwood Digital,MEDICARE ENGLISH,youtube,7108.81,563.76,0.079,470,396,239,74,1001
2025-05-06,Tuesday  ,19,2,May      ,2025,Halcyon Reach,MEDICARE ENGLISH,search,373.14,114.98,0.308,20,16,8,4,760
2025-05-06,Tuesday  ,19,2,May      ,2025,Halcyon Reach,MEDICARE SPANISH,search,229.38,36.24,0.158,19,16,9,3,700
2025-05-06,Tuesday  ,19,2,May      ,2025,Prairie Signal,MEDICARE ENGLISH,youtube,293.59,65.77,0.224,14,11,5,3,786
2025-05-06,Tuesday  ,19,2,May      ,2025,Silverpine Ads,AUTO INSURANCE ENGLISH,facebook,275.57,187.20,0.679,17,15,10,2,714
2025-05-06,Tuesday  ,19,2,May      ,2025,Silverpine Ads,AUTO ENGLISH,facebook,628.05,-134.63,-0.214,35,32,16,3,1079
2025-05-06,Tuesday  ,19,2,May      ,2025,Foxglove Media,AUTO ENGLISH,search,1159.32,89.17,0.077,60,55,26,5,548
2025-05-06,Tuesday  ,19,2,May      ,2025,Quarry Point,FINAL EXPENSE ENGLISH,NULL,1445.37,164.73,0.114,69,62,28,7,980
2025-05-06,Tuesday  ,19,2,May      ,2025,Tidewater Reach,MEDICARE ENGLISH,facebook,1792.99,262.64,0.146,146,134,65,12,604
2025-05-06,Tuesday  ,19,2,May      ,2025,Slate Harbor Ads,ACA ENGLISH,NULL,306.69,77.64,0.253,19,15,10,4,579
2025-05-06,Tuesday  ,19,2,May      ,2025,Bellweather Media,MEDICARE ENGLISH,NULL,656.52,159.04,0.242,40,36,19,4,800
2025-05-06,Tuesday  ,19,2,May      ,2025,Bellweather Media,MEDICARE SPANISH,NULL,46.95,9.90,0.211,3,2,1,1,507
2025-05-06,Tuesday  ,19,2,May      ,2025,Windrose Performance,AUTO ENGLISH,NULL,314.38,46.25,0.147,14,12,7,2,824
2025-05-06,Tuesday  ,19,2,May      ,2025,Auburn Peak Media,AUTO INSURANCE ENGLISH,search,67.80,17.28,0.255,3,2,1,1,743
2025-05-06,Tuesday  ,19,2,May      ,2025,Auburn Peak Media,FINAL EXPENSE ENGLISH,search,272.42,18.18,0.067,14,12,5,2,522
2025-05-06,Tuesday  ,19,2,May      ,2025,Granite Bay Digital,MEDICARE ENGLISH,NULL,873.05,215.68,0.247,61,55,25,6,547
2025-05-07,Wednesday,19,2,May      ,2025,Vertex Reach,MEDICARE ENGLISH,facebook,6173.92,733.52,0.119,293,270,186,23,880
2025-05-07,Wednesday,19,2,May      ,2025,Copperfield Digital,MEDICARE ENGLISH,facebook,249.22,20.52,0.082,11,10,4,1,820
2025-05-07,Wednesday,19,2,May      ,2025,Aster Performance,AUTO ENGLISH,youtube,335.47,175.25,0.522,16,14,9,2,773
2025-05-07,Wednesday,19,2,May      ,2025,Kingfisher Ads,MEDICARE ENGLISH,NULL,2164.68,127.04,0.059,150,134,89,16,856
2025-05-07,Wednesday,19,2,May      ,2025,Sable Creek Media,MEDICARE ENGLISH,facebook,1402.38,254.94,0.182,83,68,30,15,719
2025-05-07,Wednesday,19,2,May      ,2025,Ironwood Digital,ACA ENGLISH,youtube,2813.54,744.05,0.264,214,186,86,28,915
2025-05-07,Wednesday,19,2,May      ,2025,Juniper Path,AUTO INSURANCE ENGLISH,search,1679.07,707.32,0.421,103,87,57,16,620
2025-05-07,Wednesday,19,2,May      ,2025,Halcyon Reach,MEDICARE ENGLISH,search,491.64,105.89,0.215,35,28,17,7,546
2025-05-07,Wednesday,19,2,May      ,2025,Prairie Signal,MEDICARE ENGLISH,youtube,425.37,64.89,0.153,26,23,14,3,965
2025-05-07,Wednesday,19,2,May      ,2025,Onyx Row Media,MEDICARE SPANISH,NULL,45.16,16.29,0.361,2,1,0,1,1063
2025-05-07,Wednesday,19,2,May      ,2025,Onyx Row Media,AUTO ENGLISH,NULL,230.38,-31.14,-0.135,13,11,6,2,960
2025-05-07,Wednesday,19,2,May      ,2025,Tidewater Reach,MEDICARE ENGLISH,facebook,469.13,86.22,0.184,33,29,17,4,1075
2025-05-07,Wednesday,19,2,May      ,2025,Marigold Digital,MEDICARE ENGLISH,facebook,8936.15,2689.50,0.301,519,478,335,41,996
2025-05-07,Wednesday,19,2,May      ,2025,Cobalt Grove,MEDICARE ENGLISH,facebook,1176.15,108.27,0.092,63,55,30,8,851
2025-05-07,Wednesday,19,2,May      ,2025,Thornfield Digital,MEDICARE ENGLISH,facebook,432.76,107.27,0.248,22,19,10,3,640
2025-05-07,Wednesday,19,2,May      ,2025,Auburn Peak Media,AUTO INSURANCE ENGLISH,search,36.92,0.00,0.000,2,1,0,1,1092
2025-05-07,Wednesday,19,2,May      ,2025,Auburn Peak Media,FINAL EXPENSE ENGLISH,search,265.74,68.66,0.258,13,11,6,2,720
2025-05-07,Wednesday,19,2,May      ,2025,Granite Bay Digital,MEDICARE ENGLISH,NULL,1571.54,NULL,NULL,97,91,61,6,750
2025-05-08,Thursday ,19,2,May      ,2025,Northwind Media,MEDICARE ENGLISH,youtube,2691.05,127.73,0.047,139,126,83,13,707
2025-05-08,Thursday ,19,2,May      ,2025,Lantern Media Group,MEDICARE ENGLISH,facebook,5729.47,531.80,0.093,348,305,209,43,1096
2025-05-08,Thursday ,19,2,May      ,2025,Copperfield Digital,MEDICARE ENGLISH,facebook,556.74,126.89,0.228,36,29,17,7,866
2025-05-08,Thursday ,19,2,May      ,2025,Kingfisher Ads,MEDICARE ENGLISH,NULL,2265.76,372.49,0.164,184,156,97,28,1026
2025-05-08,Thursday ,19,2,May      ,2025,Bright Meridian,MEDICARE ENGLISH,facebook,3410.09,NULL,NULL,182,171,90,11,874
2025-05-08,Thursday ,19,2,May      ,2025,Bright Meridian,AUTO INSURANCE ENGLISH,facebook,1195.72,284.45,0.238,56,46,20,10,998
2025-05-08,Thursday ,19,2,May      ,2025,Sable Creek Media,MEDICARE ENGLISH,facebook,1411.13,172.31,0.122,82,72,47,10,870
2025-05-08,Thursday ,19,2,May      ,2025,Sable Creek Media,FINAL EXPENSE ENGLISH,facebook,575.83,30.34,0.053,27,23,13,4,686
2025-05-08,Thursday ,19,2,May      ,2025,Ironwood Digital,ACA ENGLISH,youtube,2204.64,620.15,0.281,138,126,72,12,1052
2025-05-08,Thursday ,19,2,May      ,2025,Juniper Path,AUTO INSURANCE ENGLISH,search,249.30,NULL,NULL,18,15,7,3,827
2025-05-08,Thursday ,19,2,May      ,2025,Halcyon Reach,MEDICARE ENGLISH,search,716.60,69.72,0.097,33,29,20,4,779
2025-05-08,Thursday ,19,2,May      ,2025,Silverpine Ads,AUTO INSURANCE ENGLISH,facebook,1443.28,124.72,0.086,84,72,45,12,516
2025-05-08,Thursday ,19,2,May      ,2025,Ember Lane Digital,MEDICARE ENGLISH,facebook,1404.06,253.88,0.181,86,80,54,6,1048
2025-05-08,Thursday ,19,2,May      ,2025,Foxglove Media,AUTO ENGLISH,search,514.29,3.02,0.006,31,29,18,2,1000
2025-05-08,Thursday ,19,2,May      ,2025,Tidewater Reach,MEDICARE ENGLISH,facebook,995.04,67.60,0.068,54,47,28,7,583
2025-05-08,Thursday ,19,2,May      ,2025,Marigold Digital,MEDICARE ENGLISH,facebook,4233.08,604.11,0.143,257,223,128,34,613
2025-05-08,Thursday ,19,2,May      ,2025,Slate Harbor Ads,ACA ENGLISH,NULL,1114.54,250.47,0.225,78,71,50,7,912
2025-05-08,Thursday ,19,2,May      ,2025,Slate Harbor Ads,MEDICARE ENGLISH,NULL,1808.80,248.05,0.137,109,93,45,16,651
2025-05-08,Thursday ,19,2,May      ,2025,Bellweather Media,MEDICARE ENGLISH,NULL,431.26,90.78,0.210,20,17,11,3,916
2025-05-08,Thursday ,19,2,May      ,2025,Windrose Performance,AUTO ENGLISH,NULL,243.40,45.35,0.186,11,9,6,2,577
2025-05-08,Thursday ,19,2,May      ,2025,Windrose Performance,MEDICARE ENGLISH,NULL,1179.14,271.09,0.230,56,49,31,7,693
2025-05-08,Thursday ,19,2,May      ,2025,Thornfield Digital,MEDICARE ENGLISH,facebook,837.09,165.14,0.197,65,60,32,5,953
2025-05-08,Thursday ,19,2,May      ,2025,Auburn Peak Media,AUTO INSURANCE ENGLISH,search,163.60,-1.10,-0.007,13,11,6,2,1023
2025-05-08,Thursday ,19,2,May      ,2025,Auburn Peak Media,FINAL EXPENSE ENGLISH,search,51.77,15.49,0.299,2,1,0,1,670
2025-05-08,Thursday ,19,2,May      ,2025,Granite Bay Digital,MEDICARE ENGLISH,NULL,399.08,46.48,0.116,19,15,6,4,623
2025-05-09,Friday   ,19,2,May      ,2025,Northwind Media,MEDICARE ENGLISH,youtube,812.72,NULL,NULL,50,42,26,8,1060
2025-05-09,Friday   ,19,2,May      ,2025,Cedar Lane Ads,ACA ENGLISH,facebook,179.57,NULL,NULL,9,7,4,2,862
2025-05-09,Friday   ,19,2,May      ,2025,Vertex Reach,MEDICARE ENGLISH,facebook,1190.28,48.99,0.041,59,50,24,9,677
2025-05-09,Friday   ,19,2,May      ,2025,Vertex Reach,FINAL EXPENSE ENGLISH,facebook,552.25,142.97,0.259,33,28,19,5,829
2025-05-09,Friday   ,19,2,May      ,2025,Lantern Media Group,MEDICARE ENGLISH,facebook,1630.43,227.35,0.139,87,81,57,6,798
2025-05-09,Friday   ,19,2,May      ,2025,Copperfield Digital,MEDICARE ENGLISH,facebook,549.20,56.57,0.103,45,40,24,5,695
2025-05-09,Friday   ,19,2,May      ,2025,Copperfield Digital,ACA ENGLISH,facebook,128.15,22.26,0.174,6,5,3,1,636
2025-05-09,Friday   ,19,2,May      ,2025,Kingfisher Ads,MEDICARE ENGLISH,NULL,4956.78,307.70,0.062,254,229,117,25,971
2025-05-09,Friday   ,19,2,May      ,2025,Bright Meridian,MEDICARE ENGLISH,facebook,4117.40,214.04,0.052,245,216,144,29,738
2025-05-09,Friday   ,19,2,May      ,2025,Ironwood Digital,ACA ENGLISH,youtube,1650.24,NULL,NULL,98,84,39,14,1070
2025-05-09,Friday   ,19,2,May      ,2025,Ironwood Digital,MEDICARE ENGLISH,youtube,8154.24,999.40,0.123,455,395,239,60,1099
2025-05-09,Friday   ,19,2,May      ,2025,Juniper Path,AUTO INSURANCE ENGLISH,search,593.52,-2.82,-0.005,35,32,15,3,924
2025-05-09,Friday   ,19,2,May      ,2025,Juniper Path,MEDICARE SPANISH,search,85.64,20.35,0.238,3,2,1,1,665
2025-05-09,Friday   ,19,2,May      ,2025,Onyx Row Media,MEDICARE SPANISH,NULL,38.59,9.31,0.241,2,1,0,1,998
2025-05-09,Friday   ,19,2,May      ,2025,Onyx Row Media,AUTO ENGLISH,NULL,175.92,76.82,0.437,11,9,5,2,925
2025-05-09,Friday   ,19,2,May      ,2025,Onyx Row Media,MEDICARE ENGLISH,NULL,1111.97,194.64,0.175,78,71,41,7,1014
2025-05-09,Friday   ,19,2,May      ,2025,Silverpine Ads,AUTO INSURANCE ENGLISH,facebook,223.88,108.16,0.483,16,14,8,2,1076
2025-05-09,Friday   ,19,2,May      ,2025,Foxglove Media,AUTO ENGLISH,search,791.38,24.73,0.031,47,44,29,3,900
2025-05-09,Friday   ,19,2,May      ,2025,Quarry Point,FINAL EXPENSE ENGLISH,NULL,1203.61,236.08,0.196,67,62,35,5,1048
2025-05-09,Friday   ,19,2,May      ,2025,Marigold Digital,MEDICARE ENGLISH,facebook,2718.47,886.30,0.326,176,165,93,11,951
2025-05-09,Friday   ,19,2,May      ,2025,Slate Harbor Ads,ACA ENGLISH,NULL,343.25,67.98,0.198,26,22,12,4,875
2025-05-09,Friday   ,19,2,May      ,2025,Bellweather Media,MEDICARE ENGLISH,NULL,390.25,97.16,0.249,31,29,13,2,1087
2025-05-09,Friday   ,19,2,May      ,2025,Cobalt Grove,MEDICARE ENGLISH,facebook,1835.97,178.39,0.097,88,78,53,10,722
2025-05-09,Friday   ,19,2,May      ,2025,Windrose Performance,AUTO ENGLISH,NULL,333.44,164.39,0.493,15,12,5,3,817
2025-05-09,Friday   ,19,2,May      ,2025,Auburn Peak Media,AUTO INSURANCE ENGLISH,search,35.13,2.71,0.077,1,0,0,1,1063
2025-05-09,Friday   ,19,2,May      ,2025,Granite Bay Digital,MEDICARE ENGLISH,NULL,637.28,125.99,0.198,38,32,14,6,576
2025-05-09,Friday   ,19,2,May      ,2025,Granite Bay Digital,ACA ENGLISH,NULL,104.28,12.86,0.123,8,6,3,2,926
2025-05-12,Monday   ,20,2,May      ,2025,Blue Harbor Digital,MEDICARE ENGLISH,search,962.11,224.56,0.233,52,49,29,3,773
2025-05-12,Monday   ,20,2,May      ,2025,Cedar Lane Ads,ACA ENGLISH,facebook,328.48,59.69,0.182,15,14,8,1,712
2025-05-12,Monday   ,20,2,May      ,2025,Lantern Media Group,MEDICARE ENGLISH,facebook,10172.17,NULL,NULL,606,540,342,66,598
2025-05-12,Monday   ,20,2,May      ,2025,Copperfield Digital,MEDICARE ENGLISH,facebook,1192.59,59.01,0.049,78,72,36,6,796
2025-05-12,Monday   ,20,2,May      ,2025,Aster Performance,AUTO ENGLISH,youtube,439.08,129.44,0.295,21,18,8,3,1018
2025-05-12,Monday   ,20,2,May      ,2025,Kingfisher Ads,MEDICARE ENGLISH,NULL,2549.35,545.54,0.214,148,140,83,8,999
2025-05-12,Monday   ,20,2,May      ,2025,Bright Meridian,MEDICARE ENGLISH,facebook,2416.98,NULL,NULL,124,111,73,13,791
2025-05-12,Monday   ,20,2,May      ,2025,Ironwood Digital,ACA ENGLISH,youtube,3125.49,NULL,NULL,216,203,124,13,571
2025-05-12,Monday   ,20,2,May      ,2025,Juniper Path,AUTO INSURANCE ENGLISH,search,382.72,NULL,NULL,28,26,15,2,551
2025-05-12,Monday   ,20,2,May      ,2025,Halcyon Reach,MEDICARE ENGLISH,search,458.26,56.39,0.123,29,25,15,4,874
2025-05-12,Monday   ,20,2,May      ,2025,Foxglove Media,AUTO ENGLISH,search,874.27,15.19,0.017,40,35,20,5,989
2025-05-12,Monday   ,20,2,May      ,2025,Quarry Point,FINAL EXPENSE ENGLISH,NULL,1685.03,154.48,0.092,126,117,64,9,908
2025-05-12,Monday   ,20,2,May      ,2025,Marigold Digital,MEDICARE ENGLISH,facebook,7332.37,NULL,NULL,342,313,162,29,574
2025-05-12,Monday   ,20,2,May      ,2025,Slate Harbor Ads,ACA ENGLISH,NULL,424.24,88.15,0.208,20,17,11,3,581
2025-05-12,Monday   ,20,2,May      ,2025,Cobalt Grove,MEDICARE ENGLISH,facebook,927.07,NULL,NULL,47,42,24,5,546
2025-05-12,Monday   ,20,2,May      ,2025,Windrose Performance,AUTO ENGLISH,NULL,394.29,120.09,0.305,21,18,11,3,528
2025-05-12,Monday   ,20,2,May      ,2025,Auburn Peak Media,AUTO INSURANCE ENGLISH,search,119.00,18.05,0.152,9,7,3,2,976
2025-05-13,Tuesday  ,20,2,May      ,2025,Northwind Media,MEDICARE ENGLISH,youtube,2897.34,485.97,0.168,137,122,77,15,819
2025-05-13,Tuesday  ,20,2,May      ,2025,Blue Harbor Digital,MEDICARE ENGLISH,search,332.90,79.92,0.240,21,18,10,3,668
2025-05-13,Tuesday  ,20,2,May      ,2025,Blue Harbor Digital,MEDICARE SPANISH,search,29.15,5.61,0.193,1,0,0,1,868
2025-05-13,Tuesday  ,20,2,May      ,2025,Cedar Lane Ads,ACA ENGLISH,facebook,842.62,192.16,0.228,39,32,22,7,855
2025-05-13,Tuesday  ,20,2,May      ,2025,Copperfield Digital,MEDICARE ENGLISH,facebook,225.39,NULL,NULL,12,10,6,2,1049
2025-05-13,Tuesday  ,20,2,May      ,2025,Bright Meridian,MEDICARE ENGLISH,facebook,2274.61,289.63,0.127,129,119,62,10,1046
2025-05-13,Tuesday  ,20,2,May      ,2025,Ironwood Digital,ACA ENGLISH,youtube,1012.17,227.06,0.224,50,42,27,8,838
2025-05-13,Tuesday  ,20,2,May      ,2025,Halcyon Reach,MEDICARE ENGLISH,search,843.22,131.79,0.156,47,38,25,9,753
2025-05-13,Tuesday  ,20,2,May      ,2025,Prairie Signal,MEDICARE ENGLISH,youtube,166.43,5.42,0.033,9,8,4,1,843
2025-05-13,Tuesday  ,20,2,May      ,2025,Quarry Point,FINAL EXPENSE ENGLISH,NULL,561.41,75.48,0.134,26,22,14,4,940
2025-05-13,Tuesday  ,20,2,May      ,2025,Tidewater Reach,MEDICARE ENGLISH,facebook,855.66,110.24,0.129,70,64,42,6,946
2025-05-13,Tuesday  ,20,2,May      ,2025,Slate Harbor Ads,ACA ENGLISH,NULL,435.78,112.78,0.259,23,19,10,4,511
2025-05-13,Tuesday  ,20,2,May      ,2025,Cobalt Grove,MEDICARE ENGLISH,facebook,1765.09,NULL,NULL,85,77,43,8,882
2025-05-13,Tuesday  ,20,2,May      ,2025,Windrose Performance,AUTO ENGLISH,NULL,464.67,54.67,0.118,37,33,16,4,907
2025-05-13,Tuesday  ,20,2,May      ,2025,Larkspur Ads,FINAL EXPENSE ENGLISH,NULL,1081.69,231.18,0.214,82,76,46,6,671
2025-05-14,Wednesday,20,2,May      ,2025,Blue Harbor Digital,MEDICARE ENGLISH,search,664.97,NULL,NULL,33,28,14,5,1091
2025-05-14,Wednesday,20,2,May      ,2025,Cedar Lane Ads,ACA ENGLISH,facebook,355.22,44.98,0.127,16,14,9,2,624
2025-05-14,Wednesday,20,2,May      ,2025,Copperfield Digital,MEDICARE ENGLISH,facebook,491.26,82.77,0.168,36,34,19,2,919
2025-05-14,Wednesday,20,2,May      ,2025,Copperfield Digital,ACA ENGLISH,facebook,228.69,23.38,0.102,12,10,5,2,574
2025-05-14,Wednesday,20,2,May      ,2025,Aster Performance,AUTO ENGLISH,youtube,229.08,41.55,0.181,15,13,7,2,992
2025-05-14,Wednesday,20,2,May      ,2025,Sable Creek Media,MEDICARE ENGLISH,facebook,896.10,NULL,NULL,46,39,23,7,984
2025-05-14,Wednesday,20,2,May      ,2025,Sable Creek Media,FINAL EXPENSE ENGLISH,facebook,817.94,68.78,0.084,39,34,24,5,694
2025-05-14,Wednesday,20,2,May      ,2025,Juniper Path,AUTO INSURANCE ENGLISH,search,638.68,120.71,0.189,34,31,17,3,709
2025-05-14,Wednesday,20,2,May      ,2025,Juniper Path,MEDICARE SPANISH,search,1233.08,394.30,0.320,92,76,47,16,862
2025-05-14,Wednesday,20,2,May      ,2025,Halcyon Reach,MEDICARE ENGLISH,search,1378.68,212.41,0.154,83,76,53,7,795
2025-05-14,Wednesday,20,2,May      ,2025,Halcyon Reach,MEDICARE SPANISH,search,105.79,24.62,0.233,8,7,3,1,1034
2025-05-14,Wednesday,20,2,May      ,2025,Prairie Signal,MEDICARE ENGLISH,youtube,310.46,24.32,0.078,20,17,7,3,806
2025-05-14,Wednesday,20,2,May      ,2025,Prairie Signal,ACA ENGLISH,youtube,52.02,9.14,0.176,2,1,0,1,883
2025-05-14,Wednesday,20,2,May      ,2025,Onyx Row Media,MEDICARE SPANISH,NULL,333.38,NULL,NULL,15,12,5,3,697
2025-05-14,Wednesday,20,2,May      ,2025,Onyx Row Media,MEDICARE ENGLISH,NULL,791.77,93.60,0.118,49,43,23,6,611
2025-05-14,Wednesday,20,2,May      ,2025,Silverpine Ads,AUTO INSURANCE ENGLISH,facebook,278.94,80.85,0.290,18,16,7,2,673
2025-05-14,Wednesday,20,2,May      ,2025,Silverpine Ads,AUTO ENGLISH,facebook,493.28,-18.59,-0.038,37,30,17,7,757
2025-05-14,Wednesday,20,2,May      ,2025,Ember Lane Digital,MEDICARE ENGLISH,facebook,2191.67,184.30,0.084,120,103,71,17,854
2025-05-14,Wednesday,20,2,May      ,2025,Foxglove Media,AUTO ENGLISH,search,676.20,-95.49,-0.141,41,34,20,7,634
2025-05-14,Wednesday,20,2,May      ,2025,Quarry Point,FINAL EXPENSE ENGLISH,NULL,796.93,137.16,0.172,50,45,25,5,548
2025-05-14,Wednesday,20,2,May      ,2025,Tidewater Reach,MEDICARE ENGLISH,facebook,823.55,95.92,0.116,45,41,20,4,593
2025-05-14,Wednesday,20,2,May      ,2025,Marigold Digital,MEDICARE ENGLISH,facebook,4640.46,1316.74,0.284,234,192,91,42,676
2025-05-14,Wednesday,20,2,May      ,2025,Slate Harbor Ads,ACA ENGLISH,NULL,331.57,96.08,0.290,19,17,9,2,686
2025-05-14,Wednesday,20,2,May      ,2025,Cobalt Grove,MEDICARE ENGLISH,facebook,4928.40,681.09,0.138,236,222,128,14,547
2025-05-14,Wednesday,20,2,May      ,2025,Windrose Performance,AUTO ENGLISH,NULL,197.87,77.45,0.391,10,8,5,2,995
2025-05-14,Wednesday,20,2,May      ,2025,Windrose Performance,MEDICARE ENGLISH,NULL,955.17,243.52,0.255,50,41,25,9,655
2025-05-14,Wednesday,20,2,May      ,2025,Auburn Peak Media,AUTO INSURANCE ENGLISH,search,153.41,31.22,0.203,7,6,3,1,816
2025-05-14,Wednesday,20,2,May      ,2025,Larkspur Ads,FINAL EXPENSE ENGLISH,NULL,521.20,118.45,0.227,42,38,26,4,944
2025-05-15,Thursday ,20,2,May      ,2025,Northwind Media,MEDICARE ENGLISH,youtube,2485.01,198.57,0.080,139,121,75,18,758
2025-05-15,Thursday ,20,2,May      ,2025,Blue Harbor Digital,MEDICARE ENGLISH,search,408.83,68.91,0.169,23,21,14,2,937
2025-05-15,Thursday ,20,2,May      ,2025,Cedar Lane Ads,ACA ENGLISH,facebook,514.30,NULL,NULL,31,29,17,2,628
2025-05-15,Thursday ,20,2,May      ,2025,Lantern Media Group,MEDICARE ENGLISH,facebook,4825.66,NULL,NULL,304,252,160,52,1068
2025-05-15,Thursday ,20,2,May      ,2025,Copperfield Digital,MEDICARE ENGLISH,facebook,450.87,76.78,0.170,23,19,11,4,976
2025-05-15,Thursday ,20,2,May      ,2025,Aster Performance,AUTO ENGLISH,youtube,871.33,284.07,0.326,71,60,39,11,952
2025-05-15,Thursday ,20,2,May      ,2025,Kingfisher Ads,MEDICARE ENGLISH,NULL,1688.84,153.35,0.091,83,77,37,6,1095
2025-05-15,Thursday ,20,2,May      ,2025,Bright Meridian,MEDICARE ENGLISH,facebook,3840.18,967.45,0.252,227,189,93,38,558
2025-05-15,Thursday ,20,2,May      ,2025,Sable Creek Media,MEDICARE ENGLISH,facebook,2192.55,449.14,0.205,125,117,56,8,839
2025-05-15,Thursday ,20,2,May      ,2025,Ironwood Digital,ACA ENGLISH,youtube,2062.26,549.78,0.267,110,103,69,7,503
2025-05-15,Thursday ,20,2,May      ,2025,Ironwood Digital,MEDICARE ENGLISH,youtube,14500.00,3151.76,0.217,929,822,385,107,1004
2025-05-15,Thursday ,20,2,May      ,2025,Halcyon Reach,MEDICARE ENGLISH,search,853.19,116.18,0.136,65,54,31,11,701
2025-05-15,Thursday ,20,2,May      ,2025,Silverpine Ads,AUTO INSURANCE ENGLISH,facebook,349.30,NULL,NULL,17,14,7,3,579
2025-05-15,Thursday ,20,2,May      ,2025,Silverpine Ads,AUTO ENGLISH,facebook,584.22,318.86,0.546,33,28,13,5,623
2025-05-15,Thursday ,20,2,May      ,2025,Foxglove Media,AUTO ENGLISH,search,1024.72,43.60,0.043,59,48,24,11,929
2025-05-15,Thursday ,20,2,May      ,2025,Quarry Point,FINAL EXPENSE ENGLISH,NULL,770.13,82.84,0.108,58,53,35,5,930
2025-05-15,Thursday ,20,2,May      ,2025,Slate Harbor Ads,ACA ENGLISH,NULL,223.44,65.61,0.294,10,8,4,2,621
2025-05-15,Thursday ,20,2,May      ,2025,Slate Harbor Ads,MEDICARE ENGLISH,NULL,1872.53,300.85,0.161,98,91,51,7,1019
2025-05-15,Thursday ,20,2,May      ,2025,Bellweather Media,MEDICARE ENGLISH,NULL,625.53,116.60,0.186,31,28,18,3,754
2025-05-15,Thursday ,20,2,May      ,2025,Bellweather Media,MEDICARE SPANISH,NULL,148.61,36.83,0.248,7,6,3,1,1016
2025-05-15,Thursday ,20,2,May      ,2025,Bellweather Media,ACA ENGLISH,NULL,211.26,65.94,0.312,11,10,5,1,901
2025-05-15,Thursday ,20,2,May      ,2025,Windrose Performance,AUTO ENGLISH,NULL,1488.00,534.54,0.359,91,81,44,10,832
2025-05-15,Thursday ,20,2,May      ,2025,Windrose Performance,MEDICARE ENGLISH,NULL,715.81,177.75,0.248,43,35,25,8,954
2025-05-15,Thursday ,20,2,May      ,2025,Thornfield Digital,MEDICARE ENGLISH,facebook,1550.24,193.73,0.125,77,68,43,9,1021
2025-05-15,Thursday ,20,2,May      ,2025,Auburn Peak Media,AUTO INSURANCE ENGLISH,search,80.47,25.12,0.312,4,3,1,1,1019
2025-05-16,Friday   ,20,2,May      ,2025,Blue Harbor Digital,MEDICARE ENGLISH,search,744.30,120.51,0.162,60,53,37,7,611
2025-05-16,Friday   ,20,2,May      ,2025,Cedar Lane Ads,ACA ENGLISH,facebook,322.88,54.62,0.169,14,12,7,2,716
2025-05-16,Friday   ,20,2,May      ,2025,Copperfield Digital,MEDICARE ENGLISH,facebook,931.41,NULL,NULL,57,48,29,9,1055
2025-05-16,Friday   ,20,2,May      ,2025,Aster Performance,AUTO ENGLISH,youtube,791.36,73.27,0.093,47,39,18,8,800
2025-05-16,Friday   ,20,2,May      ,2025,Kingfisher Ads,MEDICARE ENGLISH,NULL,2816.90,409.38,0.145,198,188,93,10,714
2025-05-16,Friday   ,20,2,May      ,2025,Ironwood Digital,ACA ENGLISH,youtube,614.85,149.20,0.243,42,39,20,3,570
2025-05-16,Friday   ,20,2,May      ,2025,Juniper Path,AUTO INSURANCE ENGLISH,search,543.02,40.92,0.075,28,23,12,5,889
2025-05-16,Friday   ,20,2,May      ,2025,Juniper Path,MEDICARE SPANISH,search,224.17,58.08,0.259,12,9,4,3,656
2025-05-16,Friday   ,20,2,May      ,2025,Halcyon Reach,MEDICARE ENGLISH,search,942.71,109.60,0.116,58,52,35,6,912
2025-05-16,Friday   ,20,2,May      ,2025,Prairie Signal,MEDICARE ENGLISH,youtube,106.79,20.69,0.194,5,4,2,1,786
2025-05-16,Friday   ,20,2,May      ,2025,Onyx Row Media,MEDICARE ENGLISH,NULL,497.18,81.92,0.165,33,29,13,4,739
2025-05-16,Friday   ,20,2,May      ,2025,Foxglove Media,AUTO ENGLISH,search,1027.92,400.55,0.390,61,51,36,10,567
2025-05-16,Friday   ,20,2,May      ,2025,Quarry Point,FINAL EXPENSE ENGLISH,NULL,457.75,NULL,NULL,24,22,15,2,706
2025-05-16,Friday   ,20,2,May      ,2025,Tidewater Reach,MEDICARE ENGLISH,facebook,1329.41,NULL,NULL,74,61,28,13,550
2025-05-16,Friday   ,20,2,May      ,2025,Marigold Digital,MEDICARE ENGLISH,facebook,1727.69,420.23,0.243,128,117,67,11,646
2025-05-16,Friday   ,20,2,May      ,2025,Slate Harbor Ads,ACA ENGLISH,NULL,1148.99,99.10,0.086,74,66,37,8,670
2025-05-16,Friday   ,20,2,May      ,2025,Cobalt Grove,MEDICARE ENGLISH,facebook,1897.41,224.38,0.118,114,94,67,20,787
2025-05-16,Friday   ,20,2,May      ,2025,Windrose Performance,AUTO ENGLISH,NULL,265.57,63.79,0.240,19,18,11,1,935
2025-05-16,Friday   ,20,2,May      ,2025,Windrose Performance,MEDICARE ENGLISH,NULL,881.27,219.27,0.249,49,42,24,7,504
2025-05-16,Friday   ,20,2,May      ,2025,Auburn Peak Media,AUTO INSURANCE ENGLISH,search,23.41,1.27,0.054,1,0,0,1,765
2025-05-16,Friday   ,20,2,May      ,2025,Larkspur Ads,FINAL EXPENSE ENGLISH,NULL,1748.46,553.62,0.317,106,96,50,10,1049
2025-05-16,Friday   ,20,2,May      ,2025,Mistral Reach,MEDICARE ENGLISH,search,4099.11,905.60,0.221,337,291,189,46,1025
2025-05-19,Monday   ,21,2,May      ,2025,Blue Harbor Digital,MEDICARE ENGLISH,search,331.33,69.12,0.209,26,21,13,5,986
2025-05-19,Monday   ,21,2,May      ,2025,Cedar Lane Ads,ACA ENGLISH,facebook,275.57,53.85,0.195,17,15,7,2,635
2025-05-19,Monday   ,21,2,May      ,2025,Vertex Reach,MEDICARE ENGLISH,facebook,4383.07,580.42,0.132,314,270,135,44,694
2025-05-19,Monday   ,21,2,May      ,2025,Copperfield Digital,MEDICARE ENGLISH,facebook,423.62,39.75,0.094,24,21,12,3,655
2025-05-19,Monday   ,21,2,May      ,2025,Copperfield Digital,ACA ENGLISH,facebook,79.93,12.84,0.161,3,2,1,1,554
2025-05-19,Monday   ,21,2,May      ,2025,Bright Meridian,MEDICARE ENGLISH,facebook,5794.29,1051.17,0.181,326,281,174,45,566
2025-05-19,Monday   ,21,2,May      ,2025,Ironwood Digital,MEDICARE ENGLISH,youtube,9413.58,NULL,NULL,507,433,286,74,1044
2025-05-19,Monday   ,21,2,May      ,2025,Juniper Path,AUTO INSURANCE ENGLISH,search,1207.85,102.25,0.085,77,69,34,8,1003
2025-05-19,Monday   ,21,2,May      ,2025,Halcyon Reach,MEDICARE ENGLISH,search,357.18,49.53,0.139,20,17,12,3,1002
2025-05-19,Monday   ,21,2,May      ,2025,Silverpine Ads,AUTO INSURANCE ENGLISH,facebook,223.99,23.42,0.105,18,16,9,2,826
2025-05-19,Monday   ,21,2,May      ,2025,Ember Lane Digital,MEDICARE ENGLISH,facebook,1020.44,25.68,0.025,83,71,50,12,759
2025-05-19,Monday   ,21,2,May      ,2025,Foxglove Media,AUTO ENGLISH,search,671.84,370.36,0.551,49,44,25,5,643
2025-05-19,Monday   ,21,2,May      ,2025,Quarry Point,FINAL EXPENSE ENGLISH,NULL,833.52,133.94,0.161,48,39,26,9,512
2025-05-19,Monday   ,21,2,May      ,2025,Tidewater Reach,MEDICARE ENGLISH,facebook,798.02,188.84,0.237,63,59,32,4,683
2025-05-19,Monday   ,21,2,May      ,2025,Slate Harbor Ads,ACA ENGLISH,NULL,587.90,NULL,NULL,48,44,31,4,1075
2025-05-19,Monday   ,21,2,May      ,2025,Windrose Performance,AUTO ENGLISH,NULL,493.23,36.81,0.075,33,27,13,6,1088
2025-05-19,Monday   ,21,2,May      ,2025,Thornfield Digital,MEDICARE ENGLISH,facebook,890.43,192.38,0.216,67,57,28,10,856
2025-05-19,Monday   ,21,2,May      ,2025,Auburn Peak Media,AUTO INSURANCE ENGLISH,search,77.70,15.38,0.198,4,3,1,1,1016
2025-05-19,Monday   ,21,2,May      ,2025,Granite Bay Digital,MEDICARE ENGLISH,NULL,293.47,NULL,NULL,16,13,8,3,768
2025-05-19,Monday   ,21,2,May      ,2025,Granite Bay Digital,ACA ENGLISH,NULL,268.87,39.88,0.148,12,9,4,3,1077
2025-05-20,Tuesday  ,21,2,May      ,2025,Northwind Media,MEDICARE ENGLISH,youtube,5394.72,NULL,NULL,284,242,140,42,745
2025-05-20,Tuesday  ,21,2,May      ,2025,Blue Harbor Digital,MEDICARE ENGLISH,search,367.75,90.66,0.247,29,25,14,4,857
2025-05-20,Tuesday  ,21,2,May      ,2025,Blue Harbor Digital,MEDICARE SPANISH,search,40.24,12.85,0.319,2,1,0,1,1029
2025-05-20,Tuesday  ,21,2,May      ,2025,Cedar Lane Ads,ACA ENGLISH,facebook,229.91,15.69,0.068,19,16,11,3,879
2025-05-20,Tuesday  ,21,2,May      ,2025,Vertex Reach,MEDICARE ENGLISH,facebook,877.20,209.79,0.239,55,49,23,6,717
2025-05-20,Tuesday  ,21,2,May      ,2025,Lantern Media Group,MEDICARE ENGLISH,facebook,2138.82,304.82,0.143,168,150,85,18,871
2025-05-20,Tuesday  ,21,2,May      ,2025,Copperfield Digital,MEDICARE ENGLISH,facebook,643.90,51.07,0.079,50,41,26,9,1060
2025-05-20,Tuesday  ,21,2,May      ,2025,Bright Meridian,MEDICARE ENGLISH,facebook,3825.79,9.45,0.002,257,213,104,44,611
2025-05-20,Tuesday  ,21,2,May      ,2025,Ironwood Digital,ACA ENGLISH,youtube,819.13,232.69,0.284,41,37,23,4,618
2025-05-20,Tuesday  ,21,2,May      ,2025,Juniper Path,AUTO INSURANCE ENGLISH,search,915.16,-75.70,-0.083,62,56,33,6,991
2025-05-20,Tuesday  ,21,2,May      ,2025,Juniper Path,MEDICARE SPANISH,search,258.94,70.10,0.271,13,12,6,1,1007
2025-05-20,Tuesday  ,21,2,May      ,2025,Halcyon Reach,MEDICARE ENGLISH,search,3036.07,976.84,0.322,223,202,110,21,602
2025-05-20,Tuesday  ,21,2,May      ,2025,Prairie Signal,MEDICARE ENGLISH,youtube,554.88,103.81,0.187,36,31,17,5,1019
2025-05-20,Tuesday  ,21,2,May      ,2025,Ember Lane Digital,MEDICARE ENGLISH,facebook,2111.75,336.81,0.159,168,153,73,15,1053
2025-05-20,Tuesday  ,21,2,May      ,2025,Foxglove Media,AUTO ENGLISH,search,1090.15,-191.46,-0.176,52,46,30,6,724
2025-05-20,Tuesday  ,21,2,May      ,2025,Quarry Point,FINAL EXPENSE ENGLISH,NULL,699.90,75.78,0.108,53,46,21,7,993
2025-05-20,Tuesday  ,21,2,May      ,2025,Tidewater Reach,MEDICARE ENGLISH,facebook,749.31,NULL,NULL,37,34,23,3,1038
2025-05-20,Tuesday  ,21,2,May      ,2025,Slate Harbor Ads,ACA ENGLISH,NULL,290.12,81.25,0.280,14,13,7,1,1033
2025-05-20,Tuesday  ,21,2,May      ,2025,Windrose Performance,AUTO ENGLISH,NULL,415.91,35.03,0.084,20,18,8,2,858
2025-05-20,Tuesday  ,21,2,May      ,2025,Thornfield Digital,MEDICARE ENGLISH,facebook,738.60,91.90,0.124,51,46,24,5,591
2025-05-20,Tuesday  ,21,2,May      ,2025,Auburn Peak Media,AUTO INSURANCE ENGLISH,search,53.48,17.41,0.325,3,2,0,1,748
2025-05-21,Wednesday,21,2,May      ,2025,Blue Harbor Digital,MEDICARE ENGLISH,search,332.15,54.13,0.163,19,16,9,3,858
2025-05-21,Wednesday,21,2,May      ,2025,Blue Harbor Digital,MEDICARE SPANISH,search,49.22,10.58,0.215,3,2,1,1,962
2025-05-21,Wednesday,21,2,May      ,2025,Cedar Lane Ads,ACA ENGLISH,facebook,167.49,20.22,0.121,11,9,4,2,1029
2025-05-21,Wednesday,21,2,May      ,2025,Lantern Media Group,MEDICARE ENGLISH,facebook,3073.17,NULL,NULL,238,219,98,19,664
2025-05-21,Wednesday,21,2,May      ,2025,Copperfield Digital,MEDICARE ENGLISH,facebook,1070.23,36.91,0.034,60,52,28,8,816
2025-05-21,Wednesday,21,2,May      ,2025,Aster Performance,AUTO ENGLISH,youtube,793.77,NULL,NULL,42,34,16,8,838
2025-05-21,Wednesday,21,2,May      ,2025,Kingfisher Ads,MEDICARE ENGLISH,NULL,1737.43,73.02,0.042,109,90,41,19,610
2025-05-21,Wednesday,21,2,May      ,2025,Bright Meridian,MEDICARE ENGLISH,facebook,4980.38,826.89,0.166,232,219,152,13,933
2025-05-21,Wednesday,21,2,May      ,2025,Ironwood Digital,ACA ENGLISH,youtube,550.99,156.46,0.284,37,34,23,3,910
2025-05-21,Wednesday,21,2,May      ,2025,Ironwood Digital,MEDICARE ENGLISH,youtube,3743.44,860.88,0.230,220,191,86,29,553
2025-05-21,Wednesday,21,2,May      ,2025,Juniper Path,AUTO INSURANCE ENGLISH,search,1626.18,785.61,0.483,79,67,47,12,725
2025-05-21,Wednesday,21,2,May      ,2025,Halcyon Reach,MEDICARE SPANISH,search,351.66,33.06,0.094,20,16,7,4,773
2025-05-21,Wednesday,21,2,May      ,2025,Silverpine Ads,AUTO INSURANCE ENGLISH,facebook,242.91,NULL,NULL,16,14,9,2,987
2025-05-21,Wednesday,21,2,May      ,2025,Tidewater Reach,MEDICARE ENGLISH,facebook,2479.71,447.81,0.181,157,138,96,19,947
2025-05-21,Wednesday,21,2,May      ,2025,Slate Harbor Ads,ACA ENGLISH,NULL,627.04,121.94,0.194,43,40,23,3,539
2025-05-21,Wednesday,21,2,May      ,2025,Bellweather Media,MEDICARE ENGLISH,NULL,378.41,NULL,NULL,22,19,9,3,1061
2025-05-21,Wednesday,21,2,May      ,2025,Bellweather Media,MEDICARE SPANISH,NULL,93.07,14.41,0.155,7,5,2,2,920
2025-05-21,Wednesday,21,2,May      ,2025,Windrose Performance,AUTO ENGLISH,NULL,683.13,144.38,0.211,54,48,21,6,831
2025-05-21,Wednesday,21,2,May      ,2025,Thornfield Digital,MEDICARE ENGLISH,facebook,617.05,89.63,0.145,33,29,16,4,873
2025-05-21,Wednesday,21,2,May      ,2025,Auburn Peak Media,AUTO INSURANCE ENGLISH,search,53.49,1.13,0.021,2,1,0,1,625
2025-05-21,Wednesday,21,2,May      ,2025,Auburn Peak Media,FINAL EXPENSE ENGLISH,search,182.09,NULL,NULL,12,11,7,1,819
2025-05-21,Wednesday,21,2,May      ,2025,Larkspur Ads,FINAL EXPENSE ENGLISH,NULL,1311.64,184.36,0.141,61,52,26,9,727
2025-05-21,Wednesday,21,2,May      ,2025,Mistral Reach,MEDICARE ENGLISH,search,7252.81,2466.81,0.340,547,507,336,40,919
2025-05-22,Thursday ,21,2,May      ,2025,Blue Harbor Digital,MEDICARE ENGLISH,search,1314.43,108.61,0.083,94,80,44,14,601
2025-05-22,Thursday ,21,2,May      ,2025,Cedar Lane Ads,ACA ENGLISH,facebook,128.78,16.68,0.129,6,5,2,1,551
2025-05-22,Thursday ,21,2,May      ,2025,Vertex Reach,MEDICARE ENGLISH,facebook,1293.60,159.62,0.123,81,76,52,5,856
2025-05-22,Thursday ,21,2,May      ,2025,Copperfield Digital,MEDICARE ENGLISH,facebook,504.45,127.92,0.254,39,34,20,5,732
2025-05-22,Thursday ,21,2,May      ,2025,Kingfisher Ads,MEDICARE ENGLISH,NULL,1696.85,317.04,0.187,131,112,57,19,872
2025-05-22,Thursday ,21,2,May      ,2025,Bright Meridian,MEDICARE ENGLISH,facebook,2265.40,127.03,0.056,161,141,81,20,1090
2025-05-22,Thursday ,21,2,May      ,2025,Juniper Path,AUTO INSURANCE ENGLISH,search,774.73,194.59,0.251,41,36,20,5,957
2025-05-22,Thursday ,21,2,May      ,2025,Juniper Path,MEDICARE SPANISH,search,801.60,276.13,0.344,37,32,17,5,958
2025-05-22,Thursday ,21,2,May      ,2025,Halcyon Reach,MEDICARE ENGLISH,search,409.76,44.52,0.109,21,17,10,4,536
2025-05-22,Thursday ,21,2,May      ,2025,Silverpine Ads,AUTO INSURANCE ENGLISH,facebook,411.04,-10.76,-0.026,19,16,10,3,712
2025-05-22,Thursday ,21,2,May      ,2025,Foxglove Media,AUTO ENGLISH,search,1511.94,573.19,0.379,95,81,42,14,1096
2025-05-22,Thursday ,21,2,May      ,2025,Quarry Point,FINAL EXPENSE ENGLISH,NULL,881.08,173.16,0.197,44,41,26,3,801
2025-05-22,Thursday ,21,2,May      ,2025,Tidewater Reach,MEDICARE ENGLISH,facebook,2227.33,NULL,NULL,171,162,98,9,900
2025-05-22,Thursday ,21,2,May      ,2025,Slate Harbor Ads,ACA ENGLISH,NULL,680.64,182.20,0.268,52,47,27,5,589
2025-05-22,Thursday ,21,2,May      ,2025,Bellweather Media,MEDICARE ENGLISH,NULL,474.90,72.69,0.153,27,25,14,2,520
2025-05-22,Thursday ,21,2,May      ,2025,Cobalt Grove,MEDICARE ENGLISH,facebook,3753.68,549.01,0.146,172,149,83,23,1088
2025-05-22,Thursday ,21,2,May      ,2025,Windrose Performance,AUTO ENGLISH,NULL,1267.36,NULL,NULL,65,55,28,10,675
2025-05-22,Thursday ,21,2,May      ,2025,Windrose Performance,MEDICARE ENGLISH,NULL,842.92,167.50,0.199,42,39,23,3,665
2025-05-22,Thursday ,21,2,May      ,2025,Auburn Peak Media,AUTO INSURANCE ENGLISH,search,120.54,1.49,0.012,5,4,2,1,673
2025-05-22,Thursday ,21,2,May      ,2025,Auburn Peak Media,FINAL EXPENSE ENGLISH,search,119.63,NULL,NULL,8,6,3,2,998
2025-05-22,Thursday ,21,2,May      ,2025,Larkspur Ads,FINAL EXPENSE ENGLISH,NULL,797.19,218.57,0.274,63,52,23,11,649
2025-05-22,Thursday ,21,2,May      ,2025,Granite Bay Digital,MEDICARE ENGLISH,NULL,446.09,84.40,0.189,29,27,16,2,751
2025-05-22,Thursday ,21,2,May      ,2025,Mistral Reach,MEDICARE ENGLISH,search,6838.59,1583.84,0.232,384,328,235,56,982
2025-05-23,Friday   ,21,2,May      ,2025,Northwind Media,MEDICARE ENGLISH,youtube,2969.58,643.06,0.217,144,127,87,17,661
2025-05-23,Friday   ,21,2,May      ,2025,Blue Harbor Digital,MEDICARE ENGLISH,search,437.85,121.55,0.278,26,21,14,5,525
2025-05-23,Friday   ,21,2,May      ,2025,Cedar Lane Ads,ACA ENGLISH,facebook,184.08,30.54,0.166,8,7,4,1,509
2025-05-23,Friday   ,21,2,May      ,2025,Copperfield Digital,MEDICARE ENGLISH,facebook,1004.68,94.27,0.094,46,38,22,8,1013
2025-05-23,Friday   ,21,2,May      ,2025,Aster Performance,AUTO ENGLISH,youtube,719.09,NULL,NULL,47,40,19,7,757
2025-05-23,Friday   ,21,2,May      ,2025,Kingfisher Ads,MEDICARE ENGLISH,NULL,3428.81,603.63,0.176,210,189,119,21,1076
2025-05-23,Friday   ,21,2,May      ,2025,Bright Meridian,MEDICARE ENGLISH,facebook,2212.69,371.85,0.168,149,140,77,9,707
2025-05-23,Friday   ,21,2,May      ,2025,Sable Creek Media,MEDICARE ENGLISH,facebook,831.68,-25.84,-0.031,48,42,28,6,612
2025-05-23,Friday   ,21,2,May      ,2025,Sable Creek Media,FINAL EXPENSE ENGLISH,facebook,518.33,45.02,0.087,38,31,18,7,693
2025-05-23,Friday   ,21,2,May      ,2025,Ironwood Digital,ACA ENGLISH,youtube,1540.95,424.42,0.275,100,94,49,6,1046
2025-05-23,Friday   ,21,2,May      ,2025,Ironwood Digital,MEDICARE ENGLISH,youtube,5937.79,1559.34,0.263,294,267,168,27,861
2025-05-23,Friday   ,21,2,May      ,2025,Juniper Path,AUTO INSURANCE ENGLISH,search,151.41,44.30,0.293,9,7,4,2,868
2025-05-23,Friday   ,21,2,May      ,2025,Halcyon Reach,MEDICARE ENGLISH,search,784.86,NULL,NULL,50,43,28,7,1088
2025-05-23,Friday   ,21,2,May      ,2025,Prairie Signal,MEDICARE ENGLISH,youtube,275.81,49.74,0.180,12,11,7,1,751
2025-05-23,Friday   ,21,2,May      ,2025,Prairie Signal,ACA ENGLISH,youtube,59.26,NULL,NULL,3,2,1,1,987
2025-05-23,Friday   ,21,2,May      ,2025,Silverpine Ads,AUTO INSURANCE ENGLISH,facebook,420.64,77.69,0.185,20,18,12,2,890
2025-05-23,Friday   ,21,2,May      ,2025,Foxglove Media,AUTO ENGLISH,search,459.28,133.19,0.290,22,20,13,2,572
2025-05-23,Friday   ,21,2,May      ,2025,Quarry Point,FINAL EXPENSE ENGLISH,NULL,984.96,165.44,0.168,54,45,23,9,708
2025-05-23,Friday   ,21,2,May      ,2025,Marigold Digital,MEDICARE ENGLISH,facebook,3838.37,880.15,0.229,272,226,158,46,767
2025-05-23,Friday   ,21,2,May      ,2025,Slate Harbor Ads,ACA ENGLISH,NULL,1365.96,NULL,NULL,98,92,65,6,662
2025-05-23,Friday   ,21,2,May      ,2025,Slate Harbor Ads,MEDICARE ENGLISH,NULL,1652.93,310.47,0.188,93,78,39,15,862
2025-05-23,Friday   ,21,2,May      ,2025,Windrose Performance,AUTO ENGLISH,NULL,416.71,55.56,0.133,27,25,14,2,668
2025-05-23,Friday   ,21,2,May      ,2025,Auburn Peak Media,AUTO INSURANCE ENGLISH,search,54.23,-19.30,-0.356,3,2,1,1,807
2025-05-26,Monday   ,22,2,May      ,2025,Northwind Media,MEDICARE ENGLISH,youtube,1355.35,NULL,NULL,101,84,52,17,932
2025-05-26,Monday   ,22,2,May      ,2025,Blue Harbor Digital,MEDICARE ENGLISH,search,659.59,126.11,0.191,50,44,19,6,704
2025-05-26,Monday   ,22,2,May      ,2025,Cedar Lane Ads,ACA ENGLISH,facebook,139.82,8.39,0.060,9,8,4,1,891
2025-05-26,Monday   ,22,2,May      ,2025,Vertex Reach,MEDICARE ENGLISH,facebook,1859.11,225.35,0.121,98,87,59,11,520
2025-05-26,Monday   ,22,2,May      ,2025,Vertex Reach,FINAL EXPENSE ENGLISH,facebook,518.97,82.44,0.159,37,31,14,6,559
2025-05-26,Monday   ,22,2,May      ,2025,Copperfield Digital,MEDICARE ENGLISH,facebook,396.87,43.23,0.109,20,16,9,4,754
2025-05-26,Monday   ,22,2,May      ,2025,Aster Performance,AUTO ENGLISH,youtube,177.34,14.72,0.083,10,9,6,1,815
2025-05-26,Monday   ,22,2,May      ,2025,Kingfisher Ads,MEDICARE ENGLISH,NULL,2399.72,370.26,0.154,170,146,100,24,1039
2025-05-26,Monday   ,22,2,May      ,2025,Bright Meridian,MEDICARE ENGLISH,facebook,3249.90,167.66,0.052,255,218,111,37,848
2025-05-26,Monday   ,22,2,May      ,2025,Halcyon Reach,MEDICARE ENGLISH,search,672.03,NULL,NULL,32,26,12,6,695
2025-05-26,Monday   ,22,2,May      ,2025,Prairie Signal,MEDICARE ENGLISH,youtube,251.20,34.44,0.137,12,11,7,1,868
2025-05-26,Monday   ,22,2,May      ,2025,Ember Lane Digital,MEDICARE ENGLISH,facebook,3475.01,620.01,0.178,221,202,138,19,1099
2025-05-26,Monday   ,22,2,May      ,2025,Foxglove Media,AUTO ENGLISH,search,978.17,NULL,NULL,56,47,22,9,1003
2025-05-26,Monday   ,22,2,May      ,2025,Tidewater Reach,MEDICARE ENGLISH,facebook,943.03,187.03,0.198,51,44,20,7,507
2025-05-26,Monday   ,22,2,May      ,2025,Slate Harbor Ads,ACA ENGLISH,NULL,474.12,102.13,0.215,27,22,12,5,619
2025-05-26,Monday   ,22,2,May      ,2025,Cobalt Grove,MEDICARE ENGLISH,facebook,3365.58,645.75,0.192,260,234,122,26,916
2025-05-26,Monday   ,22,2,May      ,2025,Windrose Performance,AUTO ENGLISH,NULL,187.36,50.89,0.272,14,12,7,2,1014
2025-05-26,Monday   ,22,2,May      ,2025,Windrose Performance,MEDICARE ENGLISH,NULL,505.89,134.72,0.266,26,21,14,5,620
2025-05-26,Monday   ,22,2,May      ,2025,Thornfield Digital,MEDICARE ENGLISH,facebook,683.13,155.95,0.228,31,25,15,6,603
2025-05-26,Monday   ,22,2,May      ,2025,Auburn Peak Media,AUTO INSURANCE ENGLISH,search,121.48,6.20,0.051,6,5,2,1,978
2025-05-26,Monday   ,22,2,May      ,2025,Larkspur Ads,FINAL EXPENSE ENGLISH,NULL,527.30,NULL,NULL,37,34,19,3,513
2025-05-26,Monday   ,22,2,May      ,2025,Granite Bay Digital,MEDICARE ENGLISH,NULL,344.73,NULL,NULL,21,19,8,2,613
2025-05-26,Monday   ,22,2,May      ,2025,Granite Bay Digital,ACA ENGLISH,NULL,116.10,NULL,NULL,6,5,2,1,942
2025-05-27,Tuesday  ,22,2,May      ,2025,Northwind Media,MEDICARE ENGLISH,youtube,1779.32,363.93,0.205,130,111,63,19,1085
2025-05-27,Tuesday  ,22,2,May      ,2025,Blue Harbor Digital,MEDICARE ENGLISH,search,306.45,75.55,0.247,15,13,7,2,752
2025-05-27,Tuesday  ,22,2,May      ,2025,Blue Harbor Digital,MEDICARE SPANISH,search,127.43,34.82,0.273,6,5,3,1,899
2025-05-27,Tuesday  ,22,2,May      ,2025,Cedar Lane Ads,ACA ENGLISH,facebook,1089.27,241.53,0.222,51,44,26,7,815
2025-05-27,Tuesday  ,22,2,May      ,2025,Lantern Media Group,MEDICARE ENGLISH,facebook,2116.80,497.48,0.235,171,151,77,20,526
2025-05-27,Tuesday  ,22,2,May      ,2025,Copperfield Digital,MEDICARE ENGLISH,facebook,420.42,47.42,0.113,30,25,11,5,1060
2025-05-27,Tuesday  ,22,2,May      ,2025,Aster Performance,AUTO ENGLISH,youtube,338.32,-27.69,-0.082,16,13,8,3,679
2025-05-27,Tuesday  ,22,2,May      ,2025,Kingfisher Ads,MEDICARE ENGLISH,NULL,4362.42,447.70,0.103,256,225,103,31,708
2025-05-27,Tuesday  ,22,2,May      ,2025,Sable Creek Media,MEDICARE ENGLISH,facebook,1375.03,275.98,0.201,87,76,52,11,1094
2025-05-27,Tuesday  ,22,2,May      ,2025,Ironwood Digital,ACA ENGLISH,youtube,3484.43,470.47,0.135,232,208,142,24,1084
2025-05-27,Tuesday  ,22,2,May      ,2025,Juniper Path,AUTO INSURANCE ENGLISH,search,719.29,285.16,0.396,42,36,21,6,967
2025-05-27,Tuesday  ,22,2,May      ,2025,Halcyon Reach,MEDICARE ENGLISH,search,786.37,92.94,0.118,46,39,18,7,647
2025-05-27,Tuesday  ,22,2,May      ,2025,Prairie Signal,MEDICARE ENGLISH,youtube,401.18,88.37,0.220,24,21,15,3,957
2025-05-27,Tuesday  ,22,2,May      ,2025,Onyx Row Media,MEDICARE SPANISH,NULL,198.12,46.61,0.235,9,8,5,1,1031
2025-05-27,Tuesday  ,22,2,May      ,2025,Silverpine Ads,AUTO INSURANCE ENGLISH,facebook,207.33,99.19,0.478,13,11,6,2,684
2025-05-27,Tuesday  ,22,2,May      ,2025,Foxglove Media,AUTO ENGLISH,search,831.33,246.31,0.296,52,47,24,5,1082
2025-05-27,Tuesday  ,22,2,May      ,2025,Tidewater Reach,MEDICARE ENGLISH,facebook,1468.42,221.47,0.151,69,60,35,9,1072
2025-05-27,Tuesday  ,22,2,May      ,2025,Marigold Digital,MEDICARE ENGLISH,facebook,5495.32,575.03,0.105,282,255,150,27,743
2025-05-27,Tuesday  ,22,2,May      ,2025,Slate Harbor Ads,ACA ENGLISH,NULL,608.72,133.97,0.220,30,28,19,2,827
2025-05-27,Tuesday  ,22,2,May      ,2025,Bellweather Media,MEDICARE SPANISH,NULL,99.01,NULL,NULL,7,6,2,1,617
2025-05-27,Tuesday  ,22,2,May      ,2025,Windrose Performance,AUTO ENGLISH,NULL,714.97,-14.83,-0.021,47,39,18,8,887
2025-05-27,Tuesday  ,22,2,May      ,2025,Thornfield Digital,MEDICARE ENGLISH,facebook,802.05,126.14,0.157,64,54,29,10,506
2025-05-27,Tuesday  ,22,2,May      ,2025,Auburn Peak Media,AUTO INSURANCE ENGLISH,search,297.08,82.45,0.278,24,22,13,2,878
2025-05-28,Wednesday,22,2,May      ,2025,Northwind Media,MEDICARE ENGLISH,youtube,2620.95,421.09,0.161,192,167,109,25,876
2025-05-28,Wednesday,22,2,May      ,2025,Blue Harbor Digital,MEDICARE ENGLISH,search,906.48,271.17,0.299,53,44,24,9,923
2025-05-28,Wednesday,22,2,May      ,2025,Blue Harbor Digital,MEDICARE SPANISH,search,107.89,25.00,0.232,6,5,2,1,764
2025-05-28,Wednesday,22,2,May      ,2025,Vertex Reach,MEDICARE ENGLISH,facebook,4501.36,109.30,0.024,291,274,184,17,1040
2025-05-28,Wednesday,22,2,May      ,2025,Copperfield Digital,MEDICARE ENGLISH,facebook,289.52,NULL,NULL,21,18,9,3,837
2025-05-28,Wednesday,22,2,May      ,2025,Bright Meridian,AUTO INSURANCE ENGLISH,facebook,1322.06,375.64,0.284,85,76,39,9,998
2025-05-28,Wednesday,22,2,May      ,2025,Sable Creek Media,MEDICARE ENGLISH,facebook,1244.16,208.94,0.168,69,62,38,7,890
2025-05-28,Wednesday,22,2,May      ,2025,Sable Creek Media,FINAL EXPENSE ENGLISH,facebook,629.76,4.82,0.008,35,31,22,4,761
2025-05-28,Wednesday,22,2,May      ,2025,Ironwood Digital,ACA ENGLISH,youtube,1202.05,255.97,0.213,65,58,37,7,911
2025-05-28,Wednesday,22,2,May      ,2025,Halcyon Reach,MEDICARE ENGLISH,search,2048.12,371.92,0.182,129,109,57,20,1066
2025-05-28,Wednesday,22,2,May      ,2025,Onyx Row Media,MEDICARE SPANISH,NULL,40.55,10.62,0.262,2,1,0,1,540
2025-05-28,Wednesday,22,2,May      ,2025,Onyx Row Media,AUTO ENGLISH,NULL,346.79,160.02,0.461,21,18,9,3,532
2025-05-28,Wednesday,22,2,May      ,2025,Onyx Row Media,MEDICARE ENGLISH,NULL,427.66,65.46,0.153,28,23,12,5,511
2025-05-28,Wednesday,22,2,May      ,2025,Silverpine Ads,AUTO INSURANCE ENGLISH,facebook,565.95,33.32,0.059,26,21,11,5,832
2025-05-28,Wednesday,22,2,May      ,2025,Silverpine Ads,AUTO ENGLISH,facebook,782.25,-116.12,-0.148,35,32,18,3,898
2025-05-28,Wednesday,22,2,May      ,2025,Foxglove Media,AUTO ENGLISH,search,1147.50,-291.29,-0.254,59,54,34,5,988
2025-05-28,Wednesday,22,2,May      ,2025,Quarry Point,FINAL EXPENSE ENGLISH,NULL,694.70,71.91,0.104,35,32,19,3,671
2025-05-28,Wednesday,22,2,May      ,2025,Tidewater Reach,MEDICARE ENGLISH,facebook,1263.10,224.90,0.178,78,72,49,6,705
2025-05-28,Wednesday,22,2,May      ,2025,Slate Harbor Ads,ACA ENGLISH,NULL,791.48,150.24,0.190,57,53,32,4,682
2025-05-28,Wednesday,22,2,May      ,2025,Bellweather Media,MEDICARE ENGLISH,NULL,506.65,90.72,0.179,27,24,16,3,687
2025-05-28,Wednesday,22,2,May      ,2025,Bellweather Media,ACA ENGLISH,NULL,140.61,NULL,NULL,8,7,4,1,966
2025-05-28,Wednesday,22,2,May      ,2025,Auburn Peak Media,FINAL EXPENSE ENGLISH,search,447.54,89.54,0.200,36,31,16,5,832
2025-05-28,Wednesday,22,2,May      ,2025,Granite Bay Digital,MEDICARE ENGLISH,NULL,689.68,180.92,0.262,55,46,22,9,865
2025-05-28,Wednesday,22,2,May      ,2025,Granite Bay Digital,ACA ENGLISH,NULL,159.60,28.83,0.181,10,8,5,2,515
2025-05-28,Wednesday,22,2,May      ,2025,Mistral Reach,MEDICARE ENGLISH,search,5153.55,1017.77,0.197,403,357,187,46,740
2025-05-29,Thursday ,22,2,May      ,2025,Northwind Media,MEDICARE ENGLISH,youtube,1297.28,145.05,0.112,75,62,35,13,526
2025-05-29,Thursday ,22,2,May      ,2025,Cedar Lane Ads,ACA ENGLISH,facebook,188.46,35.85,0.190,10,8,3,2,1024
2025-05-29,Thursday ,22,2,May      ,2025,Copperfield Digital,MEDICARE ENGLISH,facebook,352.33,NULL,NULL,16,14,7,2,703
2025-05-29,Thursday ,22,2,May      ,2025,Aster Performance,AUTO ENGLISH,youtube,521.17,246.33,0.473,41,34,21,7,622
2025-05-29,Thursday ,22,2,May      ,2025,Bright Meridian,MEDICARE ENGLISH,facebook,1288.63,168.24,0.131,86,77,35,9,985
2025-05-29,Thursday ,22,2,May      ,2025,Ironwood Digital,ACA ENGLISH,youtube,2361.18,NULL,NULL,119,107,57,12,985
2025-05-29,Thursday ,22,2,May      ,2025,Juniper Path,AUTO INSURANCE ENGLISH,search,378.71,25.48,0.067,30,25,11,5,1035
2025-05-29,Thursday ,22,2,May      ,2025,Halcyon Reach,MEDICARE ENGLISH,search,589.35,57.63,0.098,39,34,18,5,854
2025-05-29,Thursday ,22,2,May      ,2025,Halcyon Reach,MEDICARE SPANISH,search,126.25,47.80,0.379,6,5,3,1,714
2025-05-29,Thursday ,22,2,May      ,2025,Prairie Signal,MEDICARE ENGLISH,youtube,712.92,131.83,0.185,35,32,19,3,763
2025-05-29,Thursday ,22,2,May      ,2025,Prairie Signal,ACA ENGLISH,youtube,157.99,30.71,0.194,7,6,2,1,864
2025-05-29,Thursday ,22,2,May      ,2025,Ember Lane Digital,MEDICARE ENGLISH,facebook,2125.41,214.95,0.101,171,148,99,23,756
2025-05-29,Thursday ,22,2,May      ,2025,Quarry Point,FINAL EXPENSE ENGLISH,NULL,1339.65,215.31,0.161,66,55,30,11,832
2025-05-29,Thursday ,22,2,May      ,2025,Tidewater Reach,MEDICARE ENGLISH,facebook,1287.95,142.13,0.110,71,61,28,10,880
2025-05-29,Thursday ,22,2,May      ,2025,Marigold Digital,MEDICARE ENGLISH,facebook,3096.20,709.82,0.229,237,220,102,17,830
2025-05-29,Thursday ,22,2,May      ,2025,Cobalt Grove,MEDICARE ENGLISH,facebook,1384.67,198.73,0.144,95,88,51,7,542
2025-05-29,Thursday ,22,2,May      ,2025,Windrose Performance,AUTO ENGLISH,NULL,116.63,40.27,0.345,7,6,2,1,1084
2025-05-29,Thursday ,22,2,May      ,2025,Thornfield Digital,MEDICARE ENGLISH,facebook,389.68,81.37,0.209,25,22,14,3,577
2025-05-29,Thursday ,22,2,May      ,2025,Larkspur Ads,FINAL EXPENSE ENGLISH,NULL,1335.44,372.37,0.279,110,94,50,16,593
2025-05-29,Thursday ,22,2,May      ,2025,Granite Bay Digital,MEDICARE ENGLISH,NULL,553.94,62.28,0.112,40,37,26,3,573
2025-05-29,Thursday ,22,2,May      ,2025,Granite Bay Digital,ACA ENGLISH,NULL,79.85,16.15,0.202,5,4,1,1,831
2025-05-29,Thursday ,22,2,May      ,2025,Mistral Reach,MEDICARE ENGLISH,search,8579.58,1194.26,0.139,598,541,316,57,1076
2025-05-30,Friday   ,22,2,May      ,2025,Northwind Media,MEDICARE ENGLISH,youtube,4811.38,329.60,0.069,284,233,162,51,1001
2025-05-30,Friday   ,22,2,May      ,2025,Blue Harbor Digital,MEDICARE ENGLISH,search,293.14,84.68,0.289,19,17,12,2,592
2025-05-30,Friday   ,22,2,May      ,2025,Blue Harbor Digital,MEDICARE SPANISH,search,48.18,7.80,0.162,3,2,1,1,772
2025-05-30,Friday   ,22,2,May      ,2025,Cedar Lane Ads,ACA ENGLISH,facebook,407.88,108.52,0.266,21,19,10,2,884
2025-05-30,Friday   ,22,2,May      ,2025,Vertex Reach,MEDICARE ENGLISH,facebook,1466.09,213.69,0.146,98,90,63,8,939
2025-05-30,Friday   ,22,2,May      ,2025,Vertex Reach,FINAL EXPENSE ENGLISH,facebook,1136.19,122.97,0.108,71,65,43,6,625
2025-05-30,Friday   ,22,2,May      ,2025,Lantern Media Group,MEDICARE ENGLISH,facebook,2526.45,415.17,0.164,149,129,86,20,795
2025-05-30,Friday   ,22,2,May      ,2025,Copperfield Digital,MEDICARE ENGLISH,facebook,195.45,6.13,0.031,12,9,5,3,753
2025-05-30,Friday   ,22,2,May      ,2025,Copperfield Digital,ACA ENGLISH,facebook,50.10,7.96,0.159,3,2,1,1,579
2025-05-30,Friday   ,22,2,May      ,2025,Aster Performance,AUTO ENGLISH,youtube,140.67,40.45,0.288,11,9,4,2,840
2025-05-30,Friday   ,22,2,May      ,2025,Kingfisher Ads,MEDICARE ENGLISH,NULL,4489.18,551.66,0.123,260,243,120,17,872
2025-05-30,Friday   ,22,2,May      ,2025,Bright Meridian,MEDICARE ENGLISH,facebook,4476.40,788.67,0.176,229,202,124,27,1026
2025-05-30,Friday   ,22,2,May      ,2025,Sable Creek Media,MEDICARE ENGLISH,facebook,860.95,125.20,0.145,45,42,22,3,606
2025-05-30,Friday   ,22,2,May      ,2025,Ironwood Digital,ACA ENGLISH,youtube,1403.96,411.40,0.293,108,101,70,7,1005
2025-05-30,Friday   ,22,2,May      ,2025,Juniper Path,AUTO INSURANCE ENGLISH,search,310.34,45.98,0.148,19,16,9,3,616
2025-05-30,Friday   ,22,2,May      ,2025,Halcyon Reach,MEDICARE ENGLISH,search,185.92,42.43,0.228,12,10,6,2,989
2025-05-30,Friday   ,22,2,May      ,2025,Halcyon Reach,MEDICARE SPANISH,search,214.83,56.18,0.262,16,14,7,2,775
2025-05-30,Friday   ,22,2,May      ,2025,Onyx Row Media,MEDICARE SPANISH,NULL,106.33,23.35,0.220,7,6,4,1,1067
2025-05-30,Friday   ,22,2,May      ,2025,Onyx Row Media,MEDICARE ENGLISH,NULL,403.86,32.34,0.080,26,21,11,5,945
2025-05-30,Friday   ,22,2,May      ,2025,Silverpine Ads,AUTO INSURANCE ENGLISH,facebook,337.03,50.99,0.151,23,19,12,4,561
2025-05-30,Friday   ,22,2,May      ,2025,Ember Lane Digital,MEDICARE ENGLISH,facebook,1230.44,123.95,0.101,88,73,44,15,1097
2025-05-30,Friday   ,22,2,May      ,2025,Slate Harbor Ads,ACA ENGLISH,NULL,844.88,169.03,0.200,59,49,31,10,783
2025-05-30,Friday   ,22,2,May      ,2025,Windrose Performance,AUTO ENGLISH,NULL,505.91,186.88,0.369,26,23,14,3,794
2025-05-30,Friday   ,22,2,May      ,2025,Windrose Performance,MEDICARE ENGLISH,NULL,1851.36,623.14,0.337,153,139,89,14,1010
2025-05-30,Friday   ,22,2,May      ,2025,Thornfield Digital,MEDICARE ENGLISH,facebook,1351.07,262.03,0.194,78,64,31,14,889
2025-05-30,Friday   ,22,2,May      ,2025,Auburn Peak Media,AUTO INSURANCE ENGLISH,search,157.33,47.73,0.303,8,6,4,2,998
2025-05-30,Friday   ,22,2,May      ,2025,Larkspur Ads,FINAL EXPENSE ENGLISH,NULL,634.99,NULL,NULL,45,39,23,6,774
2025-05-30,Friday   ,22,2,May      ,2025,Granite Bay Digital,MEDICARE ENGLISH,NULL,572.06,127.08,0.222,26,21,11,5,621
2025-05-30,Friday   ,22,2,May      ,2025,Mistral Reach,MEDICARE ENGLISH,search,3759.13,1056.38,0.281,264,240,125,24,808
2025-06-02,Monday   ,23,2,June     ,2025,Northwind Media,MEDICARE ENGLISH,youtube,2587.49,528.34,0.204,150,132,84,18,564
2025-06-02,Monday   ,23,2,June     ,2025,Blue Harbor Digital,MEDICARE ENGLISH,search,183.01,52.33,0.286,9,7,4,2,653
2025-06-02,Monday   ,23,2,June     ,2025,Blue Harbor Digital,MEDICARE SPANISH,search,75.66,12.95,0.171,4,3,2,1,639
2025-06-02,Monday   ,23,2,June     ,2025,Lantern Media Group,MEDICARE ENGLISH,facebook,2534.41,488.92,0.193,155,137,62,18,738
2025-06-02,Monday   ,23,2,June     ,2025,Copperfield Digital,MEDICARE ENGLISH,facebook,389.76,36.38,0.093,27,22,10,5,1034
2025-06-02,Monday   ,23,2,June     ,2025,Kingfisher Ads,MEDICARE ENGLISH,NULL,2798.51,557.12,0.199,129,118,54,11,854
2025-06-02,Monday   ,23,2,June     ,2025,Ironwood Digital,ACA ENGLISH,youtube,1513.92,NULL,NULL,100,82,51,18,964
2025-06-02,Monday   ,23,2,June     ,2025,Halcyon Reach,MEDICARE ENGLISH,search,227.28,58.06,0.255,12,10,5,2,745
2025-06-02,Monday   ,23,2,June     ,2025,Prairie Signal,MEDICARE ENGLISH,youtube,866.06,155.80,0.180,40,37,21,3,745
2025-06-02,Monday   ,23,2,June     ,2025,Prairie Signal,ACA ENGLISH,youtube,35.05,8.04,0.230,2,1,0,1,919
2025-06-02,Monday   ,23,2,June     ,2025,Onyx Row Media,MEDICARE SPANISH,NULL,115.63,26.84,0.232,9,7,4,2,939
2025-06-02,Monday   ,23,2,June     ,2025,Onyx Row Media,AUTO ENGLISH,NULL,178.84,NULL,NULL,9,7,3,2,787
2025-06-02,Monday   ,23,2,June     ,2025,Onyx Row Media,MEDICARE ENGLISH,NULL,253.34,49.95,0.197,15,13,7,2,577
2025-06-02,Monday   ,23,2,June     ,2025,Silverpine Ads,AUTO INSURANCE ENGLISH,facebook,589.67,196.55,0.333,30,24,16,6,673
2025-06-02,Monday   ,23,2,June     ,2025,Ember Lane Digital,MEDICARE ENGLISH,facebook,1049.82,231.00,0.220,53,46,24,7,761
2025-06-02,Monday   ,23,2,June     ,2025,Foxglove Media,AUTO ENGLISH,search,888.23,52.19,0.059,44,39,25,5,968
2025-06-02,Monday   ,23,2,June     ,2025,Quarry Point,FINAL EXPENSE ENGLISH,NULL,650.27,60.72,0.093,36,33,15,3,1045
2025-06-02,Monday   ,23,2,June     ,2025,Tidewater Reach,MEDICARE ENGLISH,facebook,999.59,271.24,0.271,63,58,38,5,807
2025-06-02,Monday   ,23,2,June     ,2025,Slate Harbor Ads,ACA ENGLISH,NULL,390.08,87.74,0.225,29,25,15,4,1080
2025-06-02,Monday   ,23,2,June     ,2025,Cobalt Grove,MEDICARE ENGLISH,facebook,2544.89,250.79,0.099,120,106,58,14,914
2025-06-02,Monday   ,23,2,June     ,2025,Windrose Performance,AUTO ENGLISH,NULL,422.90,56.31,0.133,23,19,8,4,779
2025-06-02,Monday   ,23,2,June     ,2025,Auburn Peak Media,AUTO INSURANCE ENGLISH,search,110.04,19.38,0.176,6,5,3,1,529
2025-06-02,Monday   ,23,2,June     ,2025,Auburn Peak Media,FINAL EXPENSE ENGLISH,search,137.28,31.08,0.226,8,7,4,1,900
2025-06-02,Monday   ,23,2,June     ,2025,Larkspur Ads,FINAL EXPENSE ENGLISH,NULL,1079.95,185.75,0.172,53,48,26,5,711
2025-06-02,Monday   ,23,2,June     ,2025,Granite Bay Digital,MEDICARE ENGLISH,NULL,1472.50,162.66,0.110,86,81,47,5,827
2025-06-02,Monday   ,23,2,June     ,2025,Granite Bay Digital,ACA ENGLISH,NULL,277.36,65.61,0.237,12,10,6,2,572
2025-06-03,Tuesday  ,23,2,June     ,2025,Northwind Media,MEDICARE ENGLISH,youtube,1467.60,254.11,0.173,110,98,54,12,908
2025-06-03,Tuesday  ,23,2,June     ,2025,Cedar Lane Ads,ACA ENGLISH,facebook,439.00,118.63,0.270,21,17,8,4,749
2025-06-03,Tuesday  ,23,2,June     ,2025,Lantern Media Group,MEDICARE ENGLISH,facebook,4141.40,830.01,0.200,219,205,115,14,972
2025-06-03,Tuesday  ,23,2,June     ,2025,Aster Performance,AUTO ENGLISH,youtube,2382.06,916.29,0.385,195,183,96,12,676
2025-06-03,Tuesday  ,23,2,June     ,2025,Bright Meridian,MEDICARE ENGLISH,facebook,3728.74,471.19,0.126,271,252,137,19,874
2025-06-03,Tuesday  ,23,2,June     ,2025,Juniper Path,AUTO INSURANCE ENGLISH,search,693.24,434.93,0.627,47,43,27,4,907
2025-06-03,Tuesday  ,23,2,June     ,2025,Halcyon Reach,MEDICARE ENGLISH,search,890.76,112.20,0.126,61,52,37,9,638
2025-06-03,Tuesday  ,23,2,June     ,2025,Halcyon Reach,MEDICARE SPANISH,search,101.99,18.75,0.184,8,7,3,1,640
2025-06-03,Tuesday  ,23,2,June     ,2025,Prairie Signal,MEDICARE ENGLISH,youtube,603.73,132.66,0.220,30,27,13,3,1000
2025-06-03,Tuesday  ,23,2,June     ,2025,Onyx Row Media,MEDICARE SPANISH,NULL,64.54,11.85,0.184,3,2,1,1,871
2025-06-03,Tuesday  ,23,2,June     ,2025,Silverpine Ads,AUTO INSURANCE ENGLISH,facebook,277.80,NULL,NULL,14,11,6,3,1061
2025-06-03,Tuesday  ,23,2,June     ,2025,Silverpine Ads,AUTO ENGLISH,facebook,252.46,82.06,0.325,12,10,4,2,828
2025-06-03,Tuesday  ,23,2,June     ,2025,Foxglove Media,AUTO ENGLISH,search,3471.69,-257.08,-0.074,267,252,140,15,1051
2025-06-03,Tuesday  ,23,2,June     ,2025,Quarry Point,FINAL EXPENSE ENGLISH,NULL,602.22,127.67,0.212,27,24,17,3,507
2025-06-03,Tuesday  ,23,2,June     ,2025,Tidewater Reach,MEDICARE ENGLISH,facebook,1194.93,144.01,0.121,82,67,48,15,530
2025-06-03,Tuesday  ,23,2,June     ,2025,Slate Harbor Ads,ACA ENGLISH,NULL,492.12,110.94,0.225,34,28,13,6,592
2025-06-03,Tuesday  ,23,2,June     ,2025,Slate Harbor Ads,MEDICARE ENGLISH,NULL,2213.87,NULL,NULL,164,145,67,19,918
2025-06-03,Tuesday  ,23,2,June     ,2025,Windrose Performance,AUTO ENGLISH,NULL,359.87,NULL,NULL,18,16,8,2,1028
2025-06-03,Tuesday  ,23,2,June     ,2025,Thornfield Digital,MEDICARE ENGLISH,facebook,1275.19,208.93,0.164,67,56,34,11,513
2025-06-03,Tuesday  ,23,2,June     ,2025,Auburn Peak Media,AUTO INSURANCE ENGLISH,search,120.52,27.62,0.229,7,5,2,2,779
2025-06-03,Tuesday  ,23,2,June     ,2025,Mistral Reach,MEDICARE ENGLISH,search,2210.75,NULL,NULL,112,99,67,13,517
2025-06-04,Wednesday,23,2,June     ,2025,Northwind Media,MEDICARE ENGLISH,youtube,1114.86,257.32,0.231,67,57,35,10,1060
2025-06-04,Wednesday,23,2,June     ,2025,Blue Harbor Digital,MEDICARE ENGLISH,search,946.55,256.14,0.271,58,52,32,6,645
2025-06-04,Wednesday,23,2,June     ,2025,Cedar Lane Ads,ACA ENGLISH,facebook,347.48,36.28,0.104,17,15,8,2,688
2025-06-04,Wednesday,23,2,June     ,2025,Copperfield Digital,MEDICARE ENGLISH,facebook,415.49,47.65,0.115,30,26,17,4,1023
2025-06-04,Wednesday,23,2,June     ,2025,Copperfield Digital,ACA ENGLISH,facebook,163.82,23.56,0.144,8,6,3,2,898
2025-06-04,Wednesday,23,2,June     ,2025,Aster Performance,AUTO ENGLISH,youtube,691.13,274.09,0.397,39,35,19,4,615
2025-06-04,Wednesday,23,2,June     ,2025,Kingfisher Ads,MEDICARE ENGLISH,NULL,3482.66,82.88,0.024,202,175,83,27,586
2025-06-04,Wednesday,23,2,June     ,2025,Bright Meridian,MEDICARE ENGLISH,facebook,3329.83,NULL,NULL,181,151,100,30,947
2025-06-04,Wednesday,23,2,June     ,2025,Bright Meridian,AUTO INSURANCE ENGLISH,facebook,523.65,169.26,0.323,37,30,15,7,512
2025-06-04,Wednesday,23,2,June     ,2025,Ironwood Digital,ACA ENGLISH,youtube,4129.84,1296.30,0.314,236,222,127,14,695
2025-06-04,Wednesday,23,2,June     ,2025,Ironwood Digital,MEDICARE ENGLISH,youtube,14500.00,2647.44,0.183,1025,932,483,93,1009
2025-06-04,Wednesday,23,2,June     ,2025,Juniper Path,AUTO INSURANCE ENGLISH,search,739.54,NULL,NULL,48,41,21,7,750
2025-06-04,Wednesday,23,2,June     ,2025,Halcyon Reach,MEDICARE ENGLISH,search,762.49,121.77,0.160,36,34,23,2,760
2025-06-04,Wednesday,23,2,June     ,2025,Prairie Signal,MEDICARE ENGLISH,youtube,793.20,144.63,0.182,61,55,27,6,575
2025-06-04,Wednesday,23,2,June     ,2025,Silverpine Ads,AUTO INSURANCE ENGLISH,facebook,133.65,32.28,0.242,10,9,5,1,716
2025-06-04,Wednesday,23,2,June     ,2025,Silverpine Ads,AUTO ENGLISH,facebook,525.65,-12.23,-0.023,30,27,19,3,1012
2025-06-04,Wednesday,23,2,June     ,2025,Foxglove Media,AUTO ENGLISH,search,1358.79,71.86,0.053,99,82,45,17,506
2025-06-04,Wednesday,23,2,June     ,2025,Quarry Point,FINAL EXPENSE ENGLISH,NULL,1487.28,191.23,0.129,82,69,42,13,818
2025-06-04,Wednesday,23,2,June     ,2025,Tidewater Reach,MEDICARE ENGLISH,facebook,540.12,106.82,0.198,44,38,25,6,767
2025-06-04,Wednesday,23,2,June     ,2025,Marigold Digital,MEDICARE ENGLISH,facebook,5859.04,462.64,0.079,441,403,266,38,537
2025-06-04,Wednesday,23,2,June     ,2025,Slate Harbor Ads,MEDICARE ENGLISH,NULL,1782.74,NULL,NULL,136,115,73,21,1037
2025-06-04,Wednesday,23,2,June     ,2025,Cobalt Grove,MEDICARE ENGLISH,facebook,2432.72,282.76,0.116,119,110,63,9,596
2025-06-04,Wednesday,23,2,June     ,2025,Windrose Performance,AUTO ENGLISH,NULL,232.63,145.28,0.625,12,10,6,2,1009
2025-06-04,Wednesday,23,2,June     ,2025,Mistral Reach,MEDICARE ENGLISH,search,4760.46,912.46,0.192,275,237,157,38,644
2025-06-05,Thursday ,23,2,June     ,2025,Northwind Media,MEDICARE ENGLISH,youtube,1078.43,225.72,0.209,58,54,28,4,1018
2025-06-05,Thursday ,23,2,June     ,2025,Vertex Reach,MEDICARE ENGLISH,facebook,705.97,150.61,0.213,56,50,27,6,519
2025-06-05,Thursday ,23,2,June     ,2025,Lantern Media Group,MEDICARE ENGLISH,facebook,6243.84,482.56,0.077,368,336,210,32,909
2025-06-05,Thursday ,23,2,June     ,2025,Copperfield Digital,MEDICARE ENGLISH,facebook,596.16,62.29,0.104,37,32,14,5,982
2025-06-05,Thursday ,23,2,June     ,2025,Copperfield Digital,ACA ENGLISH,facebook,38.99,6.42,0.165,2,1,0,1,820
2025-06-05,Thursday ,23,2,June     ,2025,Kingfisher Ads,MEDICARE ENGLISH,NULL,2159.66,281.62,0.130,134,123,75,11,1036
2025-06-05,Thursday ,23,2,June     ,2025,Bright Meridian,MEDICARE ENGLISH,facebook,2161.01,NULL,NULL,156,137,66,19,1044
2025-06-05,Thursday ,23,2,June     ,2025,Bright Meridian,AUTO INSURANCE ENGLISH,facebook,871.97,217.13,0.249,63,58,40,5,790
2025-06-05,Thursday ,23,2,June     ,2025,Ironwood Digital,ACA ENGLISH,youtube,825.35,202.79,0.246,45,42,25,3,840
2025-06-05,Thursday ,23,2,June     ,2025,Juniper Path,AUTO INSURANCE ENGLISH,search,356.97,NULL,NULL,23,21,13,2,626
2025-06-05,Thursday ,23,2,June     ,2025,Juniper Path,MEDICARE SPANISH,search,287.50,75.75,0.263,23,21,13,2,1040
2025-06-05,Thursday ,23,2,June     ,2025,Prairie Signal,MEDICARE ENGLISH,youtube,532.44,157.48,0.296,24,22,12,2,674
2025-06-05,Thursday ,23,2,June     ,2025,Prairie Signal,ACA ENGLISH,youtube,80.03,18.61,0.233,3,2,0,1,892
2025-06-05,Thursday ,23,2,June     ,2025,Silverpine Ads,AUTO INSURANCE ENGLISH,facebook,359.80,NULL,NULL,25,22,10,3,869
2025-06-05,Thursday ,23,2,June     ,2025,Foxglove Media,AUTO ENGLISH,search,1139.15,534.13,0.469,65,58,37,7,669
2025-06-05,Thursday ,23,2,June     ,2025,Tidewater Reach,MEDICARE ENGLISH,facebook,1315.45,339.83,0.258,72,62,34,10,583
2025-06-05,Thursday ,23,2,June     ,2025,Marigold Digital,MEDICARE ENGLISH,facebook,5415.11,1479.63,0.273,285,243,172,42,1019
2025-06-05,Thursday ,23,2,June     ,2025,Slate Harbor Ads,ACA ENGLISH,NULL,170.48,41.18,0.242,11,9,4,2,933
2025-06-05,Thursday ,23,2,June     ,2025,Bellweather Media,MEDICARE ENGLISH,NULL,481.17,72.66,0.151,29,27,16,2,809
2025-06-05,Thursday ,23,2,June     ,2025,Bellweather Media,MEDICARE SPANISH,NULL,94.51,26.48,0.280,6,5,3,1,834
2025-06-05,Thursday ,23,2,June     ,2025,Bellweather Media,ACA ENGLISH,NULL,59.72,9.82,0.164,4,3,1,1,708
2025-06-05,Thursday ,23,2,June     ,2025,Cobalt Grove,MEDICARE ENGLISH,facebook,4092.76,188.67,0.046,194,171,113,23,726
2025-06-05,Thursday ,23,2,June     ,2025,Windrose Performance,AUTO ENGLISH,NULL,908.57,604.82,0.666,41,35,16,6,563
2025-06-05,Thursday ,23,2,June     ,2025,Thornfield Digital,MEDICARE ENGLISH,facebook,778.54,137.74,0.177,36,33,15,3,770
2025-06-05,Thursday ,23,2,June     ,2025,Granite Bay Digital,MEDICARE ENGLISH,NULL,476.89,68.60,0.144,22,20,9,2,662
2025-06-06,Friday   ,23,2,June     ,2025,Northwind Media,MEDICARE ENGLISH,youtube,1785.49,336.13,0.188,130,122,64,8,510
2025-06-06,Friday   ,23,2,June     ,2025,Cedar Lane Ads,ACA ENGLISH,facebook,151.44,31.06,0.205,8,6,2,2,779
2025-06-06,Friday   ,23,2,June     ,2025,Vertex Reach,MEDICARE ENGLISH,facebook,1850.33,93.26,0.050,119,104,69,15,631
2025-06-06,Friday   ,23,2,June     ,2025,Vertex Reach,FINAL EXPENSE ENGLISH,facebook,383.20,101.22,0.264,19,15,8,4,870
2025-06-06,Friday   ,23,2,June     ,2025,Copperfield Digital,MEDICARE ENGLISH,facebook,160.92,17.29,0.107,7,6,3,1,764
2025-06-06,Friday   ,23,2,June     ,2025,Aster Performance,AUTO ENGLISH,youtube,343.48,115.19,0.335,17,14,7,3,739
2025-06-06,Friday   ,23,2,June     ,2025,Kingfisher Ads,MEDICARE ENGLISH,NULL,2169.66,339.00,0.156,141,121,78,20,853
2025-06-06,Friday   ,23,2,June     ,2025,Bright Meridian,MEDICARE ENGLISH,facebook,1224.49,342.14,0.279,58,52,24,6,645
2025-06-06,Friday   ,23,2,June     ,2025,Bright Meridian,AUTO INSURANCE ENGLISH,facebook,364.10,80.74,0.222,22,19,13,3,966
2025-06-06,Friday   ,23,2,June     ,2025,Ironwood Digital,ACA ENGLISH,youtube,2157.96,689.06,0.319,145,127,66,18,998
2025-06-06,Friday   ,23,2,June     ,2025,Juniper Path,AUTO INSURANCE ENGLISH,search,898.51,NULL,NULL,65,55,29,10,1005
2025-06-06,Friday   ,23,2,June     ,2025,Juniper Path,MEDICARE SPANISH,search,164.86,NULL,NULL,7,6,3,1,750
2025-06-06,Friday   ,23,2,June     ,2025,Halcyon Reach,MEDICARE ENGLISH,search,1462.94,28.25,0.019,82,68,33,14,846
2025-06-06,Friday   ,23,2,June     ,2025,Prairie Signal,MEDICARE ENGLISH,youtube,218.60,45.39,0.208,12,10,6,2,1018
2025-06-06,Friday   ,23,2,June     ,2025,Ember Lane Digital,MEDICARE ENGLISH,facebook,1299.13,350.29,0.270,79,75,50,4,730
2025-06-06,Friday   ,23,2,June     ,2025,Tidewater Reach,MEDICARE ENGLISH,facebook,493.08,NULL,NULL,23,20,13,3,694
2025-06-06,Friday   ,23,2,June     ,2025,Slate Harbor Ads,ACA ENGLISH,NULL,277.80,57.90,0.208,16,14,7,2,1024
2025-06-06,Friday   ,23,2,June     ,2025,Cobalt Grove,MEDICARE ENGLISH,facebook,2976.26,489.05,0.164,167,140,64,27,976
2025-06-06,Friday   ,23,2,June     ,2025,Windrose Performance,AUTO ENGLISH,NULL,273.10,21.45,0.079,15,13,8,2,805
2025-06-06,Friday   ,23,2,June     ,2025,Windrose Performance,MEDICARE ENGLISH,NULL,2494.53,769.07,0.308,129,118,76,11,1079
2025-06-06,Friday   ,23,2,June     ,2025,Auburn Peak Media,AUTO INSURANCE ENGLISH,search,132.77,13.14,0.099,7,6,3,1,741
2025-06-06,Friday   ,23,2,June     ,2025,Auburn Peak Media,FINAL EXPENSE ENGLISH,search,64.41,11.94,0.185,3,2,1,1,1096
2025-06-09,Monday   ,24,2,June     ,2025,Northwind Media,MEDICARE ENGLISH,youtube,3714.25,-263.26,-0.071,180,169,112,11,656
2025-06-09,Monday   ,24,2,June     ,2025,Blue Harbor Digital,MEDICARE ENGLISH,search,245.13,29.73,0.121,13,11,5,2,952
2025-06-09,Monday   ,24,2,June     ,2025,Cedar Lane Ads,ACA ENGLISH,facebook,250.51,NULL,NULL,12,10,5,2,608
2025-06-09,Monday   ,24,2,June     ,2025,Lantern Media Group,MEDICARE ENGLISH,facebook,3572.31,414.11,0.116,214,191,108,23,780
2025-06-09,Monday   ,24,2,June     ,2025,Copperfield Digital,MEDICARE ENGLISH,facebook,338.37,77.65,0.229,25,22,12,3,656
2025-06-09,Monday   ,24,2,June     ,2025,Aster Performance,AUTO ENGLISH,youtube,1030.52,154.96,0.150,76,62,30,14,881
2025-06-09,Monday   ,24,2,June     ,2025,Sable Creek Media,MEDICARE ENGLISH,facebook,2694.32,433.92,0.161,144,133,91,11,794
2025-06-09,Monday   ,24,2,June     ,2025,Ironwood Digital,ACA ENGLISH,youtube,310.25,96.63,0.311,17,15,7,2,691
2025-06-09,Monday   ,24,2,June     ,2025,Halcyon Reach,MEDICARE ENGLISH,search,776.35,86.56,0.111,49,40,23,9,833
2025-06-09,Monday   ,24,2,June     ,2025,Prairie Signal,MEDICARE ENGLISH,youtube,1979.32,NULL,NULL,90,82,53,8,976
2025-06-09,Monday   ,24,2,June     ,2025,Ember Lane Digital,MEDICARE ENGLISH,facebook,1869.47,213.13,0.114,111,95,45,16,1070
2025-06-09,Monday   ,24,2,June     ,2025,Foxglove Media,AUTO ENGLISH,search,203.14,36.21,0.178,10,8,4,2,767
2025-06-09,Monday   ,24,2,June     ,2025,Tidewater Reach,MEDICARE ENGLISH,facebook,618.93,102.15,0.165,40,36,24,4,517
2025-06-09,Monday   ,24,2,June     ,2025,Marigold Digital,MEDICARE ENGLISH,facebook,986.35,287.88,0.292,57,49,23,8,532
2025-06-09,Monday   ,24,2,June     ,2025,Slate Harbor Ads,ACA ENGLISH,NULL,274.42,66.21,0.241,15,13,7,2,717
2025-06-09,Monday   ,24,2,June     ,2025,Slate Harbor Ads,MEDICARE ENGLISH,NULL,3177.85,460.85,0.145,190,169,92,21,658
2025-06-09,Monday   ,24,2,June     ,2025,Bellweather Media,MEDICARE ENGLISH,NULL,432.09,68.19,0.158,30,27,17,3,993
2025-06-09,Monday   ,24,2,June     ,2025,Windrose Performance,AUTO ENGLISH,NULL,697.35,211.47,0.303,46,38,20,8,1053
2025-06-09,Monday   ,24,2,June     ,2025,Windrose Performance,MEDICARE ENGLISH,NULL,1806.43,481.53,0.267,113,94,52,19,939
2025-06-09,Monday   ,24,2,June     ,2025,Thornfield Digital,MEDICARE ENGLISH,facebook,2057.42,460.78,0.224,128,114,69,14,1003
2025-06-09,Monday   ,24,2,June     ,2025,Auburn Peak Media,AUTO INSURANCE ENGLISH,search,66.78,21.56,0.323,3,2,1,1,1042
2025-06-10,Tuesday  ,24,2,June     ,2025,Northwind Media,MEDICARE ENGLISH,youtube,6142.17,679.92,0.111,295,242,171,53,786
2025-06-10,Tuesday  ,24,2,June     ,2025,Blue Harbor Digital,MEDICARE ENGLISH,search,805.68,230.42,0.286,55,48,25,7,872
2025-06-10,Tuesday  ,24,2,June     ,2025,Cedar Lane Ads,ACA ENGLISH,facebook,224.19,NULL,NULL,13,11,6,2,554
2025-06-10,Tuesday  ,24,2,June     ,2025,Lantern Media Group,MEDICARE ENGLISH,facebook,1769.24,NULL,NULL,83,73,45,10,590
2025-06-10,Tuesday  ,24,2,June     ,2025,Copperfield Digital,MEDICARE ENGLISH,facebook,468.92,55.19,0.118,26,24,12,2,909
2025-06-10,Tuesday  ,24,2,June     ,2025,Aster Performance,AUTO ENGLISH,youtube,260.26,130.94,0.503,18,15,9,3,744
2025-06-10,Tuesday  ,24,2,June     ,2025,Sable Creek Media,MEDICARE ENGLISH,facebook,2658.15,592.56,0.223,219,186,132,33,579
2025-06-10,Tuesday  ,24,2,June     ,2025,Halcyon Reach,MEDICARE ENGLISH,search,2480.98,-41.94,-0.017,137,114,63,23,726
2025-06-10,Tuesday  ,24,2,June     ,2025,Prairie Signal,MEDICARE ENGLISH,youtube,469.28,107.24,0.229,29,24,16,5,591
2025-06-10,Tuesday  ,24,2,June     ,2025,Silverpine Ads,AUTO INSURANCE ENGLISH,facebook,316.72,73.71,0.233,16,14,6,2,760
2025-06-10,Tuesday  ,24,2,June     ,2025,Ember Lane Digital,MEDICARE ENGLISH,facebook,1392.40,194.56,0.140,104,90,41,14,1095
2025-06-10,Tuesday  ,24,2,June     ,2025,Foxglove Media,AUTO ENGLISH,search,615.89,-7.70,-0.013,28,23,10,5,1047
2025-06-10,Tuesday  ,24,2,June     ,2025,Tidewater Reach,MEDICARE ENGLISH,facebook,553.27,105.18,0.190,25,22,14,3,524
2025-06-10,Tuesday  ,24,2,June     ,2025,Marigold Digital,MEDICARE ENGLISH,facebook,5529.68,1172.21,0.212,346,302,177,44,843
2025-06-10,Tuesday  ,24,2,June     ,2025,Slate Harbor Ads,ACA ENGLISH,NULL,236.09,59.82,0.253,16,15,8,1,569
2025-06-10,Tuesday  ,24,2,June     ,2025,Bellweather Media,MEDICARE ENGLISH,NULL,432.56,68.56,0.159,24,19,11,5,910
2025-06-10,Tuesday  ,24,2,June     ,2025,Cobalt Grove,MEDICARE ENGLISH,facebook,1110.06,100.47,0.091,79,72,36,7,808
2025-06-10,Tuesday  ,24,2,June     ,2025,Windrose Performance,AUTO ENGLISH,NULL,233.31,117.20,0.502,13,10,6,3,793
2025-06-10,Tuesday  ,24,2,June     ,2025,Thornfield Digital,MEDICARE ENGLISH,facebook,600.77,106.67,0.178,48,40,18,8,1049
2025-06-10,Tuesday  ,24,2,June     ,2025,Auburn Peak Media,AUTO INSURANCE ENGLISH,search,209.96,17.40,0.083,11,9,5,2,868
2025-06-10,Tuesday  ,24,2,June     ,2025,Auburn Peak Media,FINAL EXPENSE ENGLISH,search,147.17,32.57,0.221,8,6,3,2,899
2025-06-10,Tuesday  ,24,2,June     ,2025,Larkspur Ads,FINAL EXPENSE ENGLISH,NULL,401.49,72.75,0.181,31,26,12,5,611
2025-06-10,Tuesday  ,24,2,June     ,2025,Granite Bay Digital,MEDICARE ENGLISH,NULL,512.87,72.34,0.141,25,22,15,3,894
2025-06-11,Wednesday,24,2,June     ,2025,Blue Harbor Digital,MEDICARE ENGLISH,search,392.08,65.69,0.168,17,14,9,3,950
2025-06-11,Wednesday,24,2,June     ,2025,Cedar Lane Ads,ACA ENGLISH,facebook,104.08,NULL,NULL,7,6,3,1,644
2025-06-11,Wednesday,24,2,June     ,2025,Vertex Reach,MEDICARE ENGLISH,facebook,2626.27,215.20,0.082,125,112,56,13,926
2025-06-11,Wednesday,24,2,June     ,2025,Lantern Media Group,MEDICARE ENGLISH,facebook,2614.04,247.72,0.095,142,132,74,10,1032
2025-06-11,Wednesday,24,2,June     ,2025,Copperfield Digital,MEDICARE ENGLISH,facebook,324.93,18.08,0.056,25,20,10,5,519
2025-06-11,Wednesday,24,2,June     ,2025,Aster Performance,AUTO ENGLISH,youtube,1570.13,554.25,0.353,104,87,45,17,1035
2025-06-11,Wednesday,24,2,June     ,2025,Kingfisher Ads,MEDICARE ENGLISH,NULL,9824.16,527.72,0.054,447,392,207,55,920
2025-06-11,Wednesday,24,2,June     ,2025,Bright Meridian,MEDICARE ENGLISH,facebook,5079.69,559.66,0.110,400,370,247,30,757
2025-06-11,Wednesday,24,2,June     ,2025,Bright Meridian,AUTO INSURANCE ENGLISH,facebook,888.52,74.74,0.084,53,44,22,9,904
2025-06-11,Wednesday,24,2,June     ,2025,Ironwood Digital,ACA ENGLISH,youtube,3997.84,559.56,0.140,285,258,121,27,563
2025-06-11,Wednesday,24,2,June     ,2025,Halcyon Reach,MEDICARE ENGLISH,search,685.08,137.53,0.201,38,34,21,4,773
2025-06-11,Wednesday,24,2,June     ,2025,Halcyon Reach,MEDICARE SPANISH,search,280.66,37.41,0.133,16,14,6,2,1086
2025-06-11,Wednesday,24,2,June     ,2025,Prairie Signal,MEDICARE ENGLISH,youtube,737.54,185.00,0.251,47,44,21,3,1098
2025-06-11,Wednesday,24,2,June     ,2025,Ember Lane Digital,MEDICARE ENGLISH,facebook,3697.18,287.13,0.078,207,188,91,19,741
2025-06-11,Wednesday,24,2,June     ,2025,Foxglove Media,AUTO ENGLISH,search,1323.28,391.74,0.296,78,69,37,9,1077
2025-06-11,Wednesday,24,2,June     ,2025,Quarry Point,FINAL EXPENSE ENGLISH,NULL,733.70,66.96,0.091,56,47,27,9,613
2025-06-11,Wednesday,24,2,June     ,2025,Slate Harbor Ads,ACA ENGLISH,NULL,1007.14,184.28,0.183,50,47,28,3,977
2025-06-11,Wednesday,24,2,June     ,2025,Cobalt Grove,MEDICARE ENGLISH,facebook,2183.97,213.75,0.098,103,89,45,14,537
2025-06-11,Wednesday,24,2,June     ,2025,Auburn Peak Media,AUTO INSURANCE ENGLISH,search,53.73,16.23,0.302,2,1,0,1,628
2025-06-11,Wednesday,24,2,June     ,2025,Granite Bay Digital,MEDICARE ENGLISH,NULL,526.44,15.17,0.029,27,23,15,4,667
2025-06-11,Wednesday,24,2,June     ,2025,Granite Bay Digital,ACA ENGLISH,NULL,111.97,20.26,0.181,6,5,2,1,878
2025-06-12,Thursday ,24,2,June     ,2025,Northwind Media,MEDICARE ENGLISH,youtube,2193.38,360.96,0.165,108,96,60,12,700
2025-06-12,Thursday ,24,2,June     ,2025,Blue Harbor Digital,MEDICARE ENGLISH,search,254.30,71.52,0.281,14,13,6,1,749
2025-06-12,Thursday ,24,2,June     ,2025,Blue Harbor Digital,MEDICARE SPANISH,search,111.68,24.93,0.223,7,6,4,1,645
2025-06-12,Thursday ,24,2,June     ,2025,Cedar Lane Ads,ACA ENGLISH,facebook,943.49,158.33,0.168,44,39,18,5,943
2025-06-12,Thursday ,24,2,June     ,2025,Copperfield Digital,MEDICARE ENGLISH,facebook,1093.97,213.52,0.195,60,56,39,4,533
2025-06-12,Thursday ,24,2,June     ,2025,Kingfisher Ads,MEDICARE ENGLISH,NULL,3014.51,341.62,0.113,149,123,87,26,624
2025-06-12,Thursday ,24,2,June     ,2025,Bright Meridian,MEDICARE ENGLISH,facebook,1849.06,472.12,0.255,129,118,57,11,866
2025-06-12,Thursday ,24,2,June     ,2025,Sable Creek Media,MEDICARE ENGLISH,facebook,4323.25,684.45,0.158,267,253,152,14,876
2025-06-12,Thursday ,24,2,June     ,2025,Sable Creek Media,FINAL EXPENSE ENGLISH,facebook,856.37,69.82,0.082,51,46,31,5,1030
2025-06-12,Thursday ,24,2,June     ,2025,Juniper Path,AUTO INSURANCE ENGLISH,search,1637.20,329.47,0.201,74,67,41,7,1035
2025-06-12,Thursday ,24,2,June     ,2025,Halcyon Reach,MEDICARE ENGLISH,search,367.22,19.90,0.054,18,15,7,3,830
2025-06-12,Thursday ,24,2,June     ,2025,Halcyon Reach,MEDICARE SPANISH,search,113.55,22.82,0.201,7,6,3,1,1080
2025-06-12,Thursday ,24,2,June     ,2025,Prairie Signal,MEDICARE ENGLISH,youtube,250.42,40.27,0.161,13,12,6,1,668
2025-06-12,Thursday ,24,2,June     ,2025,Prairie Signal,ACA ENGLISH,youtube,104.66,20.52,0.196,6,5,2,1,916
2025-06-12,Thursday ,24,2,June     ,2025,Onyx Row Media,MEDICARE SPANISH,NULL,41.07,NULL,NULL,2,1,0,1,758
2025-06-12,Thursday ,24,2,June     ,2025,Onyx Row Media,MEDICARE ENGLISH,NULL,542.10,95.87,0.177,29,26,18,3,787
2025-06-12,Thursday ,24,2,June     ,2025,Silverpine Ads,AUTO ENGLISH,facebook,265.96,-82.10,-0.309,19,17,8,2,552
2025-06-12,Thursday ,24,2,June     ,2025,Ember Lane Digital,MEDICARE ENGLISH,facebook,1982.22,336.01,0.170,108,95,42,13,1048
2025-06-12,Thursday ,24,2,June     ,2025,Tidewater Reach,MEDICARE ENGLISH,facebook,806.42,184.98,0.229,38,36,17,2,855
2025-06-12,Thursday ,24,2,June     ,2025,Slate Harbor Ads,ACA ENGLISH,NULL,814.21,217.33,0.267,60,50,22,10,626
2025-06-12,Thursday ,24,2,June     ,2025,Slate Harbor Ads,MEDICARE ENGLISH,NULL,3107.84,NULL,NULL,144,124,68,20,735
2025-06-12,Thursday ,24,2,June     ,2025,Cobalt Grove,MEDICARE ENGLISH,facebook,3105.45,144.97,0.047,241,222,147,19,575
2025-06-12,Thursday ,24,2,June     ,2025,Windrose Performance,AUTO ENGLISH,NULL,503.03,NULL,NULL,23,19,12,4,618
2025-06-12,Thursday ,24,2,June     ,2025,Windrose Performance,MEDICARE ENGLISH,NULL,1412.60,241.03,0.171,115,106,64,9,617
2025-06-12,Thursday ,24,2,June     ,2025,Thornfield Digital,MEDICARE ENGLISH,facebook,347.61,57.89,0.167,21,18,10,3,1044
2025-06-12,Thursday ,24,2,June     ,2025,Auburn Peak Media,AUTO INSURANCE ENGLISH,search,134.05,25.37,0.189,8,7,3,1,618
2025-06-12,Thursday ,24,2,June     ,2025,Mistral Reach,MEDICARE ENGLISH,search,2745.16,790.01,0.288,209,190,128,19,1028
2025-06-13,Friday   ,24,2,June     ,2025,Northwind Media,MEDICARE ENGLISH,youtube,4554.00,568.28,0.125,322,271,157,51,998
2025-06-13,Friday   ,24,2,June     ,2025,Blue Harbor Digital,MEDICARE ENGLISH,search,972.42,220.66,0.227,62,55,32,7,889
2025-06-13,Friday   ,24,2,June     ,2025,Cedar Lane Ads,ACA ENGLISH,facebook,526.22,NULL,NULL,38,34,19,4,685
2025-06-13,Friday   ,24,2,June     ,2025,Aster Performance,AUTO ENGLISH,youtube,353.15,79.87,0.226,16,13,6,3,638
2025-06-13,Friday   ,24,2,June     ,2025,Bright Meridian,MEDICARE ENGLISH,facebook,5249.74,849.62,0.162,316,265,163,51,1068
2025-06-13,Friday   ,24,2,June     ,2025,Sable Creek Media,MEDICARE ENGLISH,facebook,2980.20,423.05,0.142,141,129,83,12,536
2025-06-13,Friday   ,24,2,June     ,2025,Ironwood Digital,ACA ENGLISH,youtube,1289.59,394.51,0.306,71,63,41,8,932
2025-06-13,Friday   ,24,2,June     ,2025,Ironwood Digital,MEDICARE ENGLISH,youtube,5402.64,1046.62,0.194,403,333,200,70,1000
2025-06-13,Friday   ,24,2,June     ,2025,Juniper Path,AUTO INSURANCE ENGLISH,search,235.14,101.48,0.432,12,11,5,1,563
2025-06-13,Friday   ,24,2,June     ,2025,Halcyon Reach,MEDICARE ENGLISH,search,772.07,197.38,0.256,60,53,32,7,945
2025-06-13,Friday   ,24,2,June     ,2025,Halcyon Reach,MEDICARE SPANISH,search,128.80,31.28,0.243,6,5,3,1,649
2025-06-13,Friday   ,24,2,June     ,2025,Onyx Row Media,MEDICARE SPANISH,NULL,76.32,17.73,0.232,5,4,2,1,772
2025-06-13,Friday   ,24,2,June     ,2025,Onyx Row Media,MEDICARE ENGLISH,NULL,323.09,83.41,0.258,19,17,9,2,805
2025-06-13,Friday   ,24,2,June     ,2025,Silverpine Ads,AUTO INSURANCE ENGLISH,facebook,137.40,30.67,0.223,7,5,3,2,632
2025-06-13,Friday   ,24,2,June     ,2025,Silverpine Ads,AUTO ENGLISH,facebook,322.77,69.50,0.215,26,21,9,5,655
2025-06-13,Friday   ,24,2,June     ,2025,Foxglove Media,AUTO ENGLISH,search,650.50,236.20,0.363,44,36,16,8,836
2025-06-13,Friday   ,24,2,June     ,2025,Quarry Point,FINAL EXPENSE ENGLISH,NULL,582.70,138.30,0.237,34,29,14,5,992
2025-06-13,Friday   ,24,2,June     ,2025,Slate Harbor Ads,ACA ENGLISH,NULL,372.51,NULL,NULL,18,16,8,2,852
2025-06-13,Friday   ,24,2,June     ,2025,Windrose Performance,AUTO ENGLISH,NULL,330.24,-13.33,-0.040,22,18,9,4,535
2025-06-13,Friday   ,24,2,June     ,2025,Auburn Peak Media,AUTO INSURANCE ENGLISH,search,36.18,-0.77,-0.021,1,0,0,1,711
2025-06-13,Friday   ,24,2,June     ,2025,Auburn Peak Media,FINAL EXPENSE ENGLISH,search,39.98,NULL,NULL,2,1,0,1,538
2025-06-13,Friday   ,24,2,June     ,2025,Granite Bay Digital,MEDICARE ENGLISH,NULL,1054.05,209.15,0.198,70,59,29,11,626
2025-06-13,Friday   ,24,2,June     ,2025,Granite Bay Digital,ACA ENGLISH,NULL,67.01,11.35,0.169,5,4,1,1,736
2025-06-13,Friday   ,24,2,June     ,2025,Mistral Reach,MEDICARE ENGLISH,search,4062.57,NULL,NULL,203,187,99,16,883
2025-06-16,Monday   ,25,2,June     ,2025,Northwind Media,MEDICARE ENGLISH,youtube,822.84,131.17,0.159,61,50,31,11,545
2025-06-16,Monday   ,25,2,June     ,2025,Blue Harbor Digital,MEDICARE ENGLISH,search,396.07,102.94,0.260,26,23,12,3,777
2025-06-16,Monday   ,25,2,June     ,2025,Cedar Lane Ads,ACA ENGLISH,facebook,513.95,132.27,0.257,27,25,13,2,1090
2025-06-16,Monday   ,25,2,June     ,2025,Copperfield Digital,MEDICARE ENGLISH,facebook,908.59,161.89,0.178,53,45,20,8,955
2025-06-16,Monday   ,25,2,June     ,2025,Aster Performance,AUTO ENGLISH,youtube,685.17,-80.65,-0.118,31,29,20,2,1091
2025-06-16,Monday   ,25,2,June     ,2025,Bright Meridian,MEDICARE ENGLISH,facebook,5899.20,1070.17,0.181,364,320,214,44,530
2025-06-16,Monday   ,25,2,June     ,2025,Ironwood Digital,ACA ENGLISH,youtube,3477.57,NULL,NULL,180,170,109,10,1067
2025-06-16,Monday   ,25,2,June     ,2025,Juniper Path,AUTO INSURANCE ENGLISH,search,498.24,234.08,0.470,36,30,17,6,564
2025-06-16,Monday   ,25,2,June     ,2025,Halcyon Reach,MEDICARE ENGLISH,search,788.48,196.56,0.249,56,52,26,4,835
2025-06-16,Monday   ,25,2,June     ,2025,Halcyon Reach,MEDICARE SPANISH,search,68.82,5.64,0.082,4,3,1,1,980
2025-06-16,Monday   ,25,2,June     ,2025,Silverpine Ads,AUTO INSURANCE ENGLISH,facebook,231.10,16.87,0.073,14,13,6,1,570
2025-06-16,Monday   ,25,2,June     ,2025,Foxglove Media,AUTO ENGLISH,search,556.54,-96.47,-0.173,31,27,14,4,1011
2025-06-16,Monday   ,25,2,June     ,2025,Quarry Point,FINAL EXPENSE ENGLISH,NULL,2362.61,678.87,0.287,168,139,93,29,1090
2025-06-16,Monday   ,25,2,June     ,2025,Tidewater Reach,MEDICARE ENGLISH,facebook,818.27,164.24,0.201,41,34,21,7,506
2025-06-16,Monday   ,25,2,June     ,2025,Slate Harbor Ads,ACA ENGLISH,NULL,440.82,61.02,0.138,33,29,17,4,1072
2025-06-16,Monday   ,25,2,June     ,2025,Bellweather Media,MEDICARE ENGLISH,NULL,810.31,98.22,0.121,39,33,15,6,557
2025-06-16,Monday   ,25,2,June     ,2025,Bellweather Media,ACA ENGLISH,NULL,124.39,34.06,0.274,8,7,3,1,650
2025-06-16,Monday   ,25,2,June     ,2025,Cobalt Grove,MEDICARE ENGLISH,facebook,741.59,11.80,0.016,36,32,19,4,666
2025-06-16,Monday   ,25,2,June     ,2025,Windrose Performance,AUTO ENGLISH,NULL,152.84,57.32,0.375,9,8,4,1,826
2025-06-16,Monday   ,25,2,June     ,2025,Thornfield Digital,MEDICARE ENGLISH,facebook,154.12,32.20,0.209,10,9,6,1,876
2025-06-16,Monday   ,25,2,June     ,2025,Auburn Peak Media,AUTO INSURANCE ENGLISH,search,57.33,6.10,0.106,3,2,1,1,673
2025-06-16,Monday   ,25,2,June     ,2025,Auburn Peak Media,FINAL EXPENSE ENGLISH,search,96.56,23.10,0.239,5,4,2,1,856
2025-06-16,Monday   ,25,2,June     ,2025,Larkspur Ads,FINAL EXPENSE ENGLISH,NULL,370.49,47.81,0.129,22,20,9,2,1080
2025-06-16,Monday   ,25,2,June     ,2025,Granite Bay Digital,MEDICARE ENGLISH,NULL,602.29,145.51,0.242,46,42,20,4,679
2025-06-17,Tuesday  ,25,2,June     ,2025,Northwind Media,MEDICARE ENGLISH,youtube,2535.79,256.52,0.101,129,105,70,24,605
2025-06-17,Tuesday  ,25,2,June     ,2025,Cedar Lane Ads,ACA ENGLISH,facebook,228.56,NULL,NULL,10,9,6,1,925
2025-06-17,Tuesday  ,25,2,June     ,2025,Vertex Reach,MEDICARE ENGLISH,facebook,1990.22,145.29,0.073,106,93,57,13,688
2025-06-17,Tuesday  ,25,2,June     ,2025,Copperfield Digital,MEDICARE ENGLISH,facebook,461.81,70.70,0.153,31,28,13,3,561
2025-06-17,Tuesday  ,25,2,June     ,2025,Aster Performance,AUTO ENGLISH,youtube,696.26,105.71,0.152,53,44,28,9,570
2025-06-17,Tuesday  ,25,2,June     ,2025,Sable Creek Media,MEDICARE ENGLISH,facebook,722.48,79.93,0.111,33,29,15,4,912
2025-06-17,Tuesday  ,25,2,June     ,2025,Sable Creek Media,FINAL EXPENSE ENGLISH,facebook,496.74,29.95,0.060,35,32,15,3,846
2025-06-17,Tuesday  ,25,2,June     ,2025,Ironwood Digital,MEDICARE ENGLISH,youtube,10258.40,629.98,0.061,561,492,283,69,668
2025-06-17,Tuesday  ,25,2,June     ,2025,Juniper Path,AUTO INSURANCE ENGLISH,search,484.94,62.42,0.129,28,23,11,5,1085
2025-06-17,Tuesday  ,25,2,June     ,2025,Juniper Path,MEDICARE SPANISH,search,297.12,67.86,0.228,21,17,8,4,633
2025-06-17,Tuesday  ,25,2,June     ,2025,Halcyon Reach,MEDICARE ENGLISH,search,806.24,NULL,NULL,41,37,21,4,983
2025-06-17,Tuesday  ,25,2,June     ,2025,Prairie Signal,MEDICARE ENGLISH,youtube,539.44,NULL,NULL,28,23,11,5,1043
2025-06-17,Tuesday  ,25,2,June     ,2025,Ember Lane Digital,MEDICARE ENGLISH,facebook,1132.72,35.39,0.031,85,76,48,9,653
2025-06-17,Tuesday  ,25,2,June     ,2025,Foxglove Media,AUTO ENGLISH,search,1596.85,61.99,0.039,123,104,62,19,997
2025-06-17,Tuesday  ,25,2,June     ,2025,Quarry Point,FINAL EXPENSE ENGLISH,NULL,427.72,18.74,0.044,31,27,13,4,727
2025-06-17,Tuesday  ,25,2,June     ,2025,Tidewater Reach,MEDICARE ENGLISH,facebook,2102.37,447.87,0.213,173,149,77,24,899
2025-06-17,Tuesday  ,25,2,June     ,2025,Marigold Digital,MEDICARE ENGLISH,facebook,4981.78,1220.43,0.245,324,292,142,32,777
2025-06-17,Tuesday  ,25,2,June     ,2025,Cobalt Grove,MEDICARE ENGLISH,facebook,1914.70,345.75,0.181,117,101,55,16,524
2025-06-17,Tuesday  ,25,2,June     ,2025,Windrose Performance,AUTO ENGLISH,NULL,407.76,145.05,0.356,20,18,11,2,757
2025-06-17,Tuesday  ,25,2,June     ,2025,Windrose Performance,MEDICARE ENGLISH,NULL,655.56,NULL,NULL,32,30,17,2,738
2025-06-17,Tuesday  ,25,2,June     ,2025,Thornfield Digital,MEDICARE ENGLISH,facebook,1082.36,218.24,0.202,69,63,33,6,683
2025-06-17,Tuesday  ,25,2,June     ,2025,Auburn Peak Media,AUTO INSURANCE ENGLISH,search,104.86,NULL,NULL,4,3,1,1,853
2025-06-17,Tuesday  ,25,2,June     ,2025,Auburn Peak Media,FINAL EXPENSE ENGLISH,search,191.63,26.97,0.141,9,8,4,1,843
2025-06-18,Wednesday,25,2,June     ,2025,Northwind Media,MEDICARE ENGLISH,youtube,2974.70,739.37,0.249,159,139,72,20,641
2025-06-18,Wednesday,25,2,June     ,2025,Cedar Lane Ads,ACA ENGLISH,facebook,686.67,199.18,0.290,35,29,18,6,879
2025-06-18,Wednesday,25,2,June     ,2025,Vertex Reach,MEDICARE ENGLISH,facebook,2519.16,374.32,0.149,137,116,59,21,765
2025-06-18,Wednesday,25,2,June     ,2025,Vertex Reach,FINAL EXPENSE ENGLISH,facebook,962.92,104.03,0.108,51,44,29,7,729
2025-06-18,Wednesday,25,2,June     ,2025,Copperfield Digital,MEDICARE ENGLISH,facebook,626.09,114.15,0.182,51,42,27,9,586
2025-06-18,Wednesday,25,2,June     ,2025,Copperfield Digital,ACA ENGLISH,facebook,162.89,29.35,0.180,13,11,5,2,779
2025-06-18,Wednesday,25,2,June     ,2025,Aster Performance,AUTO ENGLISH,youtube,527.42,-123.08,-0.233,24,21,9,3,501
2025-06-18,Wednesday,25,2,June     ,2025,Kingfisher Ads,MEDICARE ENGLISH,NULL,3294.47,63.48,0.019,222,187,98,35,802
2025-06-18,Wednesday,25,2,June     ,2025,Bright Meridian,MEDICARE ENGLISH,facebook,3256.34,676.76,0.208,222,188,101,34,1050
2025-06-18,Wednesday,25,2,June     ,2025,Ironwood Digital,ACA ENGLISH,youtube,1347.23,NULL,NULL,95,90,56,5,835
2025-06-18,Wednesday,25,2,June     ,2025,Juniper Path,AUTO INSURANCE ENGLISH,search,607.46,100.41,0.165,38,34,15,4,694
2025-06-18,Wednesday,25,2,June     ,2025,Halcyon Reach,MEDICARE ENGLISH,search,802.71,108.47,0.135,48,41,26,7,525
2025-06-18,Wednesday,25,2,June     ,2025,Prairie Signal,MEDICARE ENGLISH,youtube,717.58,92.23,0.129,46,41,22,5,957
2025-06-18,Wednesday,25,2,June     ,2025,Silverpine Ads,AUTO INSURANCE ENGLISH,facebook,366.54,NULL,NULL,25,22,15,3,725
2025-06-18,Wednesday,25,2,June     ,2025,Ember Lane Digital,MEDICARE ENGLISH,facebook,877.68,NULL,NULL,43,38,25,5,791
2025-06-18,Wednesday,25,2,June     ,2025,Quarry Point,FINAL EXPENSE ENGLISH,NULL,530.17,NULL,NULL,40,34,15,6,546
2025-06-18,Wednesday,25,2,June     ,2025,Tidewater Reach,MEDICARE ENGLISH,facebook,1251.09,262.97,0.210,63,53,30,10,894
2025-06-18,Wednesday,25,2,June     ,2025,Slate Harbor Ads,ACA ENGLISH,NULL,2580.14,419.61,0.163,164,146,93,18,670
2025-06-18,Wednesday,25,2,June     ,2025,Cobalt Grove,MEDICARE ENGLISH,facebook,3195.10,308.35,0.097,153,132,83,21,681
2025-06-18,Wednesday,25,2,June     ,2025,Windrose Performance,AUTO ENGLISH,NULL,491.12,252.43,0.514,25,21,10,4,640
2025-06-18,Wednesday,25,2,June     ,2025,Windrose Performance,MEDICARE ENGLISH,NULL,808.60,209.30,0.259,54,49,30,5,828
2025-06-18,Wednesday,25,2,June     ,2025,Thornfield Digital,MEDICARE ENGLISH,facebook,1130.78,162.66,0.144,61,51,23,10,1083
2025-06-18,Wednesday,25,2,June     ,2025,Larkspur Ads,FINAL EXPENSE ENGLISH,NULL,613.85,161.16,0.263,34,27,15,7,689
2025-06-18,Wednesday,25,2,June     ,2025,Granite Bay Digital,MEDICARE ENGLISH,NULL,433.41,NULL,NULL,22,19,13,3,829
2025-06-18,Wednesday,25,2,June     ,2025,Granite Bay Digital,ACA ENGLISH,NULL,114.63,19.78,0.173,5,4,2,1,626
2025-06-19,Thursday ,25,2,June     ,2025,Northwind Media,MEDICARE ENGLISH,youtube,2116.04,184.06,0.087,116,106,65,10,703
2025-06-19,Thursday ,25,2,June     ,2025,Cedar Lane Ads,ACA ENGLISH,facebook,267.82,63.59,0.237,14,12,6,2,596
2025-06-19,Thursday ,25,2,June     ,2025,Copperfield Digital,MEDICARE ENGLISH,facebook,614.32,27.44,0.045,47,43,20,4,879
2025-06-19,Thursday ,25,2,June     ,2025,Copperfield Digital,ACA ENGLISH,facebook,79.31,NULL,NULL,3,2,1,1,1018
2025-06-19,Thursday ,25,2,June     ,2025,Aster Performance,AUTO ENGLISH,youtube,1462.81,19.02,0.013,66,54,25,12,746
2025-06-19,Thursday ,25,2,June     ,2025,Bright Meridian,MEDICARE ENGLISH,facebook,4062.62,216.49,0.053,273,258,161,15,557
2025-06-19,Thursday ,25,2,June     ,2025,Sable Creek Media,MEDICARE ENGLISH,facebook,3610.77,NULL,NULL,276,257,133,19,890
2025-06-19,Thursday ,25,2,June     ,2025,Sable Creek Media,FINAL EXPENSE ENGLISH,facebook,577.72,85.46,0.148,37,32,15,5,579
2025-06-19,Thursday ,25,2,June     ,2025,Ironwood Digital,ACA ENGLISH,youtube,2077.92,497.56,0.239,110,91,51,19,581
2025-06-19,Thursday ,25,2,June     ,2025,Ironwood Digital,MEDICARE ENGLISH,youtube,14500.00,3360.62,0.232,1181,1001,644,180,621
2025-06-19,Thursday ,25,2,June     ,2025,Juniper Path,AUTO INSURANCE ENGLISH,search,467.22,-142.20,-0.304,24,21,14,3,927
2025-06-19,Thursday ,25,2,June     ,2025,Juniper Path,MEDICARE SPANISH,search,422.23,92.13,0.218,27,24,13,3,914
2025-06-19,Thursday ,25,2,June     ,2025,Halcyon Reach,MEDICARE ENGLISH,search,1184.75,46.44,0.039,59,55,32,4,772
2025-06-19,Thursday ,25,2,June     ,2025,Onyx Row Media,MEDICARE SPANISH,NULL,114.56,37.32,0.326,9,7,3,2,1009
2025-06-19,Thursday ,25,2,June     ,2025,Onyx Row Media,AUTO ENGLISH,NULL,125.13,23.51,0.188,6,4,2,2,697
2025-06-19,Thursday ,25,2,June     ,2025,Slate Harbor Ads,ACA ENGLISH,NULL,445.90,93.14,0.209,23,19,10,4,1071
2025-06-19,Thursday ,25,2,June     ,2025,Windrose Performance,MEDICARE ENGLISH,NULL,1278.20,NULL,NULL,75,64,42,11,663
2025-06-19,Thursday ,25,2,June     ,2025,Auburn Peak Media,AUTO INSURANCE ENGLISH,search,131.83,20.30,0.154,7,6,3,1,739
2025-06-19,Thursday ,25,2,June     ,2025,Granite Bay Digital,MEDICARE ENGLISH,NULL,586.56,120.41,0.205,43,36,22,7,914
2025-06-19,Thursday ,25,2,June     ,2025,Mistral Reach,MEDICARE ENGLISH,search,7611.26,1781.22,0.234,348,307,215,41,796
2025-06-20,Friday   ,25,2,June     ,2025,Northwind Media,MEDICARE ENGLISH,youtube,2000.59,NULL,NULL,91,76,38,15,872
2025-06-20,Friday   ,25,2,June     ,2025,Blue Harbor Digital,MEDICARE ENGLISH,search,230.92,49.93,0.216,13,10,7,3,806
2025-06-20,Friday   ,25,2,June     ,2025,Blue Harbor Digital,MEDICARE SPANISH,search,65.16,16.12,0.247,4,3,2,1,634
2025-06-20,Friday   ,25,2,June     ,2025,Cedar Lane Ads,ACA ENGLISH,facebook,313.11,47.00,0.150,14,12,5,2,583
2025-06-20,Friday   ,25,2,June     ,2025,Copperfield Digital,MEDICARE ENGLISH,facebook,645.77,53.27,0.082,32,27,14,5,799
2025-06-20,Friday   ,25,2,June     ,2025,Kingfisher Ads,MEDICARE ENGLISH,NULL,2786.29,171.12,0.061,160,147,78,13,952
2025-06-20,Friday   ,25,2,June     ,2025,Bright Meridian,MEDICARE ENGLISH,facebook,2212.86,225.33,0.102,134,123,86,11,994
2025-06-20,Friday   ,25,2,June     ,2025,Sable Creek Media,MEDICARE ENGLISH,facebook,1082.78,249.98,0.231,50,41,23,9,671
2025-06-20,Friday   ,25,2,June     ,2025,Sable Creek Media,FINAL EXPENSE ENGLISH,facebook,470.07,62.74,0.133,26,23,11,3,822
2025-06-20,Friday   ,25,2,June     ,2025,Juniper Path,AUTO INSURANCE ENGLISH,search,594.33,NULL,NULL,27,25,17,2,744
2025-06-20,Friday   ,25,2,June     ,2025,Juniper Path,MEDICARE SPANISH,search,535.69,148.33,0.277,24,21,15,3,549
2025-06-20,Friday   ,25,2,June     ,2025,Halcyon Reach,MEDICARE ENGLISH,search,793.08,153.92,0.194,43,40,26,3,978
2025-06-20,Friday   ,25,2,June     ,2025,Halcyon Reach,MEDICARE SPANISH,search,121.24,30.03,0.248,7,6,3,1,1001
2025-06-20,Friday   ,25,2,June     ,2025,Prairie Signal,MEDICARE ENGLISH,youtube,906.68,224.61,0.248,43,40,23,3,828
2025-06-20,Friday   ,25,2,June     ,2025,Onyx Row Media,MEDICARE SPANISH,NULL,126.34,NULL,NULL,8,7,4,1,967
2025-06-20,Friday   ,25,2,June     ,2025,Silverpine Ads,AUTO INSURANCE ENGLISH,facebook,294.79,110.37,0.374,17,14,9,3,862
2025-06-20,Friday   ,25,2,June     ,2025,Foxglove Media,AUTO ENGLISH,search,1455.07,269.22,0.185,96,83,57,13,1069
2025-06-20,Friday   ,25,2,June     ,2025,Tidewater Reach,MEDICARE ENGLISH,facebook,1369.83,136.92,0.100,67,61,30,6,694
2025-06-20,Friday   ,25,2,June     ,2025,Slate Harbor Ads,ACA ENGLISH,NULL,1071.94,153.96,0.144,76,67,46,9,851
2025-06-20,Friday   ,25,2,June     ,2025,Bellweather Media,MEDICARE ENGLISH,NULL,626.66,137.68,0.220,32,27,19,5,633
2025-06-20,Friday   ,25,2,June     ,2025,Windrose Performance,AUTO ENGLISH,NULL,186.86,17.62,0.094,9,7,3,2,864
2025-06-20,Friday   ,25,2,June     ,2025,Thornfield Digital,MEDICARE ENGLISH,facebook,1050.56,NULL,NULL,70,57,40,13,1019
2025-06-20,Friday   ,25,2,June     ,2025,Auburn Peak Media,AUTO INSURANCE ENGLISH,search,121.50,-0.84,-0.007,6,5,3,1,698
2025-06-20,Friday   ,25,2,June     ,2025,Granite Bay Digital,MEDICARE ENGLISH,NULL,243.60,62.47,0.256,12,10,6,2,623
2025-06-23,Monday   ,26,2,June     ,2025,Northwind Media,MEDICARE ENGLISH,youtube,2656.53,154.27,0.058,145,129,92,16,660
2025-06-23,Monday   ,26,2,June     ,2025,Blue Harbor Digital,MEDICARE ENGLISH,search,276.09,NULL,NULL,17,15,7,2,1027
2025-06-23,Monday   ,26,2,June     ,2025,Blue Harbor Digital,MEDICARE SPANISH,search,72.69,24.20,0.333,3,2,1,1,977
2025-06-23,Monday   ,26,2,June     ,2025,Cedar Lane Ads,ACA ENGLISH,facebook,206.90,46.34,0.224,14,11,5,3,1049
2025-06-23,Monday   ,26,2,June     ,2025,Copperfield Digital,MEDICARE ENGLISH,facebook,840.31,-0.38,-0.000,69,59,33,10,907
2025-06-23,Monday   ,26,2,June     ,2025,Aster Performance,AUTO ENGLISH,youtube,228.61,-82.31,-0.360,13,12,7,1,543
2025-06-23,Monday   ,26,2,June     ,2025,Kingfisher Ads,MEDICARE ENGLISH,NULL,1415.72,379.84,0.268,85,77,44,8,1056
2025-06-23,Monday   ,26,2,June     ,2025,Sable Creek Media,MEDICARE ENGLISH,facebook,1229.77,61.85,0.050,56,48,32,8,527
2025-06-23,Monday   ,26,2,June     ,2025,Ironwood Digital,ACA ENGLISH,youtube,2682.66,NULL,NULL,175,162,88,13,869
2025-06-23,Monday   ,26,2,June     ,2025,Juniper Path,AUTO INSURANCE ENGLISH,search,756.76,NULL,NULL,37,32,15,5,909
2025-06-23,Monday   ,26,2,June     ,2025,Halcyon Reach,MEDICARE ENGLISH,search,600.93,89.87,0.150,38,35,17,3,576
2025-06-23,Monday   ,26,2,June     ,2025,Prairie Signal,MEDICARE ENGLISH,youtube,577.28,105.15,0.182,26,21,9,5,902
2025-06-23,Monday   ,26,2,June     ,2025,Onyx Row Media,MEDICARE SPANISH,NULL,155.59,35.79,0.230,9,7,3,2,530
2025-06-23,Monday   ,26,2,June     ,2025,Onyx Row Media,MEDICARE ENGLISH,NULL,198.84,20.65,0.104,12,11,6,1,874
2025-06-23,Monday   ,26,2,June     ,2025,Silverpine Ads,AUTO INSURANCE ENGLISH,facebook,371.93,24.15,0.065,24,21,13,3,757
2025-06-23,Monday   ,26,2,June     ,2025,Silverpine Ads,AUTO ENGLISH,facebook,527.69,135.57,0.257,37,30,13,7,1085
2025-06-23,Monday   ,26,2,June     ,2025,Ember Lane Digital,MEDICARE ENGLISH,facebook,713.84,83.91,0.118,45,39,21,6,768
2025-06-23,Monday   ,26,2,June     ,2025,Foxglove Media,AUTO ENGLISH,search,501.82,356.29,0.710,25,21,11,4,863
2025-06-23,Monday   ,26,2,June     ,2025,Tidewater Reach,MEDICARE ENGLISH,facebook,1262.58,219.26,0.174,75,63,44,12,973
2025-06-23,Monday   ,26,2,June     ,2025,Slate Harbor Ads,ACA ENGLISH,NULL,305.94,78.33,0.256,19,16,10,3,653
2025-06-23,Monday   ,26,2,June     ,2025,Windrose Performance,AUTO ENGLISH,NULL,315.30,140.00,0.444,15,14,7,1,1077
2025-06-23,Monday   ,26,2,June     ,2025,Thornfield Digital,MEDICARE ENGLISH,facebook,840.06,235.49,0.280,54,44,20,10,602
2025-06-23,Monday   ,26,2,June     ,2025,Auburn Peak Media,AUTO INSURANCE ENGLISH,search,79.03,29.29,0.371,5,4,2,1,606
2025-06-23,Monday   ,26,2,June     ,2025,Auburn Peak Media,FINAL EXPENSE ENGLISH,search,249.07,NULL,NULL,19,17,11,2,639
2025-06-24,Tuesday  ,26,2,June     ,2025,Northwind Media,MEDICARE ENGLISH,youtube,3745.73,396.83,0.106,202,190,129,12,1015
2025-06-24,Tuesday  ,26,2,June     ,2025,Blue Harbor Digital,MEDICARE ENGLISH,search,438.78,67.08,0.153,21,17,10,4,524
2025-06-24,Tuesday  ,26,2,June     ,2025,Cedar Lane Ads,ACA ENGLISH,facebook,99.06,17.51,0.177,6,5,2,1,897
2025-06-24,Tuesday  ,26,2,June     ,2025,Lantern Media Group,MEDICARE ENGLISH,facebook,2723.10,736.55,0.270,147,134,86,13,760
2025-06-24,Tuesday  ,26,2,June     ,2025,Copperfield Digital,ACA ENGLISH,facebook,172.39,18.32,0.106,13,12,7,1,578
2025-06-24,Tuesday  ,26,2,June     ,2025,Kingfisher Ads,MEDICARE ENGLISH,NULL,9843.89,NULL,NULL,598,511,363,87,1072
2025-06-24,Tuesday  ,26,2,June     ,2025,Bright Meridian,MEDICARE ENGLISH,facebook,2584.16,300.97,0.116,122,112,62,10,855
2025-06-24,Tuesday  ,26,2,June     ,2025,Bright Meridian,AUTO INSURANCE ENGLISH,facebook,2275.87,504.70,0.222,123,105,57,18,596
2025-06-24,Tuesday  ,26,2,June     ,2025,Ironwood Digital,ACA ENGLISH,youtube,1365.28,218.08,0.160,92,85,52,7,1089
2025-06-24,Tuesday  ,26,2,June     ,2025,Ironwood Digital,MEDICARE ENGLISH,youtube,7737.33,NULL,NULL,502,426,287,76,734
2025-06-24,Tuesday  ,26,2,June     ,2025,Juniper Path,AUTO INSURANCE ENGLISH,search,300.40,41.54,0.138,14,12,6,2,910
2025-06-24,Tuesday  ,26,2,June     ,2025,Halcyon Reach,MEDICARE ENGLISH,search,169.88,34.70,0.204,14,13,6,1,731
2025-06-24,Tuesday  ,26,2,June     ,2025,Halcyon Reach,MEDICARE SPANISH,search,212.86,44.88,0.211,12,10,6,2,695
2025-06-24,Tuesday  ,26,2,June     ,2025,Silverpine Ads,AUTO INSURANCE ENGLISH,facebook,270.54,23.60,0.087,16,14,9,2,1004
2025-06-24,Tuesday  ,26,2,June     ,2025,Silverpine Ads,AUTO ENGLISH,facebook,1018.56,222.48,0.218,63,55,30,8,572
2025-06-24,Tuesday  ,26,2,June     ,2025,Ember Lane Digital,MEDICARE ENGLISH,facebook,2207.08,311.75,0.141,142,122,75,20,509
2025-06-24,Tuesday  ,26,2,June     ,2025,Foxglove Media,AUTO ENGLISH,search,1081.77,46.47,0.043,87,74,51,13,969
2025-06-24,Tuesday  ,26,2,June     ,2025,Quarry Point,FINAL EXPENSE ENGLISH,NULL,468.08,73.35,0.157,33,30,21,3,579
2025-06-24,Tuesday  ,26,2,June     ,2025,Tidewater Reach,MEDICARE ENGLISH,facebook,922.04,175.33,0.190,53,49,29,4,847
2025-06-24,Tuesday  ,26,2,June     ,2025,Slate Harbor Ads,ACA ENGLISH,NULL,422.38,70.10,0.166,30,27,14,3,1012
2025-06-24,Tuesday  ,26,2,June     ,2025,Windrose Performance,AUTO ENGLISH,NULL,2046.93,674.70,0.330,160,137,85,23,973
2025-06-24,Tuesday  ,26,2,June     ,2025,Larkspur Ads,FINAL EXPENSE ENGLISH,NULL,1062.95,254.41,0.239,65,61,34,4,786
2025-06-25,Wednesday,26,2,June     ,2025,Northwind Media,MEDICARE ENGLISH,youtube,5402.87,660.58,0.122,246,228,128,18,772
2025-06-25,Wednesday,26,2,June     ,2025,Blue Harbor Digital,MEDICARE ENGLISH,search,181.96,32.93,0.181,12,10,5,2,1060
2025-06-25,Wednesday,26,2,June     ,2025,Cedar Lane Ads,ACA ENGLISH,facebook,262.61,63.44,0.242,13,10,7,3,876
2025-06-25,Wednesday,26,2,June     ,2025,Copperfield Digital,MEDICARE ENGLISH,facebook,494.48,68.92,0.139,38,35,16,3,1068
2025-06-25,Wednesday,26,2,June     ,2025,Copperfield Digital,ACA ENGLISH,facebook,113.90,5.94,0.052,5,4,2,1,584
2025-06-25,Wednesday,26,2,June     ,2025,Kingfisher Ads,MEDICARE ENGLISH,NULL,3397.16,NULL,NULL,179,155,100,24,1017
2025-06-25,Wednesday,26,2,June     ,2025,Bright Meridian,MEDICARE ENGLISH,facebook,4513.89,321.95,0.071,288,258,184,30,1096
2025-06-25,Wednesday,26,2,June     ,2025,Bright Meridian,AUTO INSURANCE ENGLISH,facebook,691.87,138.51,0.200,35,31,19,4,773
2025-06-25,Wednesday,26,2,June     ,2025,Sable Creek Media,MEDICARE ENGLISH,facebook,3348.70,NULL,NULL,254,218,104,36,652
2025-06-25,Wednesday,26,2,June     ,2025,Sable Creek Media,FINAL EXPENSE ENGLISH,facebook,1097.73,176.66,0.161,75,68,43,7,785
2025-06-25,Wednesday,26,2,June     ,2025,Ironwood Digital,ACA ENGLISH,youtube,7882.04,2498.12,0.317,379,315,189,64,685
2025-06-25,Wednesday,26,2,June     ,2025,Juniper Path,AUTO INSURANCE ENGLISH,search,265.79,78.41,0.295,16,13,8,3,775
2025-06-25,Wednesday,26,2,June     ,2025,Juniper Path,MEDICARE SPANISH,search,438.37,81.47,0.186,27,23,15,4,947
2025-06-25,Wednesday,26,2,June     ,2025,Halcyon Reach,MEDICARE ENGLISH,search,880.07,114.63,0.130,70,63,40,7,993
2025-06-25,Wednesday,26,2,June     ,2025,Quarry Point,FINAL EXPENSE ENGLISH,NULL,951.43,NULL,NULL,43,39,17,4,884
2025-06-25,Wednesday,26,2,June     ,2025,Tidewater Reach,MEDICARE ENGLISH,facebook,2789.74,429.23,0.154,217,196,137,21,716
2025-06-25,Wednesday,26,2,June     ,2025,Slate Harbor Ads,ACA ENGLISH,NULL,385.97,59.74,0.155,25,23,11,2,516
2025-06-25,Wednesday,26,2,June     ,2025,Slate Harbor Ads,MEDICARE ENGLISH,NULL,1739.63,341.75,0.196,109,100,71,9,632
2025-06-25,Wednesday,26,2,June     ,2025,Bellweather Media,MEDICARE ENGLISH,NULL,205.96,38.62,0.188,13,10,5,3,1028
2025-06-25,Wednesday,26,2,June     ,2025,Cobalt Grove,MEDICARE ENGLISH,facebook,2902.26,618.88,0.213,135,113,70,22,543
2025-06-25,Wednesday,26,2,June     ,2025,Auburn Peak Media,AUTO INSURANCE ENGLISH,search,80.78,17.85,0.221,4,3,1,1,921
2025-06-26,Thursday ,26,2,June     ,2025,Northwind Media,MEDICARE ENGLISH,youtube,2340.78,557.86,0.238,182,150,76,32,905
2025-06-26,Thursday ,26,2,June     ,2025,Vertex Reach,MEDICARE ENGLISH,facebook,5897.92,710.56,0.120,276,229,120,47,1038
2025-06-26,Thursday ,26,2,June     ,2025,Copperfield Digital,MEDICARE ENGLISH,facebook,399.18,43.94,0.110,20,17,11,3,1071
2025-06-26,Thursday ,26,2,June     ,2025,Copperfield Digital,ACA ENGLISH,facebook,223.75,37.32,0.167,10,8,4,2,906
2025-06-26,Thursday ,26,2,June     ,2025,Kingfisher Ads,MEDICARE ENGLISH,NULL,5765.98,541.64,0.094,384,315,195,69,1080
2025-06-26,Thursday ,26,2,June     ,2025,Bright Meridian,MEDICARE ENGLISH,facebook,2321.34,479.88,0.207,111,94,44,17,605
2025-06-26,Thursday ,26,2,June     ,2025,Sable Creek Media,MEDICARE ENGLISH,facebook,2059.13,157.95,0.077,121,106,48,15,711
2025-06-26,Thursday ,26,2,June     ,2025,Ironwood Digital,MEDICARE ENGLISH,youtube,3871.22,840.98,0.217,269,236,140,33,678
2025-06-26,Thursday ,26,2,June     ,2025,Halcyon Reach,MEDICARE ENGLISH,search,502.76,94.32,0.188,29,25,15,4,949
2025-06-26,Thursday ,26,2,June     ,2025,Halcyon Reach,MEDICARE SPANISH,search,118.52,16.26,0.137,7,5,3,2,797
2025-06-26,Thursday ,26,2,June     ,2025,Onyx Row Media,MEDICARE SPANISH,NULL,76.54,18.94,0.247,4,3,2,1,920
2025-06-26,Thursday ,26,2,June     ,2025,Onyx Row Media,AUTO ENGLISH,NULL,428.19,-76.32,-0.178,20,18,11,2,987
2025-06-26,Thursday ,26,2,June     ,2025,Quarry Point,FINAL EXPENSE ENGLISH,NULL,1834.96,75.30,0.041,142,123,85,19,588
2025-06-26,Thursday ,26,2,June     ,2025,Marigold Digital,MEDICARE ENGLISH,facebook,9672.09,3040.28,0.314,596,501,225,95,614
2025-06-26,Thursday ,26,2,June     ,2025,Slate Harbor Ads,ACA ENGLISH,NULL,770.75,139.71,0.181,52,45,28,7,610
2025-06-26,Thursday ,26,2,June     ,2025,Cobalt Grove,MEDICARE ENGLISH,facebook,5528.40,992.12,0.179,283,245,114,38,591
2025-06-26,Thursday ,26,2,June     ,2025,Windrose Performance,AUTO ENGLISH,NULL,396.60,86.86,0.219,23,20,11,3,588
2025-06-26,Thursday ,26,2,June     ,2025,Windrose Performance,MEDICARE ENGLISH,NULL,698.74,129.37,0.185,39,32,17,7,898
2025-06-26,Thursday ,26,2,June     ,2025,Auburn Peak Media,AUTO INSURANCE ENGLISH,search,262.10,NULL,NULL,14,12,6,2,610
2025-06-26,Thursday ,26,2,June     ,2025,Larkspur Ads,FINAL EXPENSE ENGLISH,NULL,291.68,57.02,0.195,15,12,5,3,970
2025-06-27,Friday   ,26,2,June     ,2025,Northwind Media,MEDICARE ENGLISH,youtube,2977.75,NULL,NULL,241,208,105,33,859
2025-06-27,Friday   ,26,2,June     ,2025,Blue Harbor Digital,MEDICARE ENGLISH,search,312.27,62.00,0.199,15,13,7,2,985
2025-06-27,Friday   ,26,2,June     ,2025,Copperfield Digital,MEDICARE ENGLISH,facebook,250.65,14.44,0.058,11,9,5,2,629
2025-06-27,Friday   ,26,2,June     ,2025,Aster Performance,AUTO ENGLISH,youtube,266.97,116.03,0.435,21,19,9,2,778
2025-06-27,Friday   ,26,2,June     ,2025,Kingfisher Ads,MEDICARE ENGLISH,NULL,553.76,115.43,0.208,32,26,17,6,949
2025-06-27,Friday   ,26,2,June     ,2025,Ironwood Digital,ACA ENGLISH,youtube,2277.44,527.91,0.232,176,166,94,10,918
2025-06-27,Friday   ,26,2,June     ,2025,Ironwood Digital,MEDICARE ENGLISH,youtube,3641.38,948.52,0.260,218,195,94,23,765
2025-06-27,Friday   ,26,2,June     ,2025,Halcyon Reach,MEDICARE ENGLISH,search,2027.77,134.46,0.066,152,139,71,13,552
2025-06-27,Friday   ,26,2,June     ,2025,Ember Lane Digital,MEDICARE ENGLISH,facebook,3190.22,220.33,0.069,149,130,73,19,828
2025-06-27,Friday   ,26,2,June     ,2025,Foxglove Media,AUTO ENGLISH,search,869.71,-27.91,-0.032,47,39,25,8,1072
2025-06-27,Friday   ,26,2,June     ,2025,Tidewater Reach,MEDICARE ENGLISH,facebook,1566.87,332.70,0.212,111,100,53,11,725
2025-06-27,Friday   ,26,2,June     ,2025,Slate Harbor Ads,ACA ENGLISH,NULL,491.60,NULL,NULL,37,32,18,5,677
2025-06-27,Friday   ,26,2,June     ,2025,Slate Harbor Ads,MEDICARE ENGLISH,NULL,10367.58,1138.77,0.110,504,476,313,28,822
2025-06-27,Friday   ,26,2,June     ,2025,Bellweather Media,MEDICARE ENGLISH,NULL,580.97,63.00,0.108,42,37,23,5,973
2025-06-27,Friday   ,26,2,June     ,2025,Cobalt Grove,MEDICARE ENGLISH,facebook,492.60,55.79,0.113,32,27,13,5,1015
2025-06-27,Friday   ,26,2,June     ,2025,Windrose Performance,AUTO ENGLISH,NULL,222.20,-22.03,-0.099,14,12,5,2,527
2025-06-27,Friday   ,26,2,June     ,2025,Auburn Peak Media,AUTO INSURANCE ENGLISH,search,106.96,-4.93,-0.046,6,5,3,1,508
2025-06-27,Friday   ,26,2,June     ,2025,Auburn Peak Media,FINAL EXPENSE ENGLISH,search,309.69,65.40,0.211,15,12,5,3,1043
2025-06-30,Monday   ,27,2,June     ,2025,Northwind Media,MEDICARE ENGLISH,youtube,5386.42,NULL,NULL,280,234,113,46,725
2025-06-30,Monday   ,27,2,June     ,2025,Cedar Lane Ads,ACA ENGLISH,facebook,298.74,NULL,NULL,23,18,11,5,1002
2025-06-30,Monday   ,27,2,June     ,2025,Copperfield Digital,MEDICARE ENGLISH,facebook,1845.95,321.40,0.174,122,109,55,13,618
2025-06-30,Monday   ,27,2,June     ,2025,Kingfisher Ads,MEDICARE ENGLISH,NULL,1382.06,197.30,0.143,68,60,30,8,684
2025-06-30,Monday   ,27,2,June     ,2025,Bright Meridian,MEDICARE ENGLISH,facebook,4083.49,672.89,0.165,202,185,128,17,1009
2025-06-30,Monday   ,27,2,June     ,2025,Ironwood Digital,ACA ENGLISH,youtube,655.14,NULL,NULL,35,32,21,3,520
2025-06-30,Monday   ,27,2,June     ,2025,Halcyon Reach,MEDICARE ENGLISH,search,1339.97,164.26,0.123,87,79,54,8,740
2025-06-30,Monday   ,27,2,June     ,2025,Halcyon Reach,MEDICARE SPANISH,search,155.18,23.53,0.152,11,9,5,2,1054
2025-06-30,Monday   ,27,2,June     ,2025,Prairie Signal,MEDICARE ENGLISH,youtube,282.11,80.98,0.287,20,17,9,3,670
2025-06-30,Monday   ,27,2,June     ,2025,Prairie Signal,ACA ENGLISH,youtube,184.12,38.27,0.208,11,9,4,2,918
2025-06-30,Monday   ,27,2,June     ,2025,Silverpine Ads,AUTO INSURANCE ENGLISH,facebook,175.45,-15.06,-0.086,12,10,5,2,947
2025-06-30,Monday   ,27,2,June     ,2025,Ember Lane Digital,MEDICARE ENGLISH,facebook,289.19,32.37,0.112,18,16,8,2,747
2025-06-30,Monday   ,27,2,June     ,2025,Foxglove Media,AUTO ENGLISH,search,558.89,19.85,0.036,33,29,17,4,886
2025-06-30,Monday   ,27,2,June     ,2025,Tidewater Reach,MEDICARE ENGLISH,facebook,480.19,90.86,0.189,34,31,14,3,1084
2025-06-30,Monday   ,27,2,June     ,2025,Bellweather Media,MEDICARE ENGLISH,NULL,1353.29,NULL,NULL,76,64,44,12,795
2025-06-30,Monday   ,27,2,June     ,2025,Windrose Performance,AUTO ENGLISH,NULL,172.98,-9.52,-0.055,9,8,5,1,590
2025-06-30,Monday   ,27,2,June     ,2025,Windrose Performance,MEDICARE ENGLISH,NULL,536.01,149.86,0.280,34,28,13,6,646
2025-06-30,Monday   ,27,2,June     ,2025,Thornfield Digital,MEDICARE ENGLISH,facebook,875.08,234.47,0.268,45,39,24,6,727
2025-06-30,Monday   ,27,2,June     ,2025,Auburn Peak Media,AUTO INSURANCE ENGLISH,search,35.88,1.66,0.046,1,0,0,1,634
2025-06-30,Monday   ,27,2,June     ,2025,Auburn Peak Media,FINAL EXPENSE ENGLISH,search,73.44,19.53,0.266,5,4,1,1,914
2025-06-30,Monday   ,27,2,June     ,2025,Mistral Reach,MEDICARE ENGLISH,search,5539.25,1224.36,0.221,270,233,149,37,1095
2025-07-01,Tuesday  ,27,3,July     ,2025,Northwind Media,MEDICARE ENGLISH,youtube,2074.41,383.81,0.185,113,93,55,20,1057
2025-07-01,Tuesday  ,27,3,July     ,2025,Blue Harbor Digital,MEDICARE ENGLISH,search,819.95,259.51,0.316,54,45,31,9,893
2025-07-01,Tuesday  ,27,3,July     ,2025,Blue Harbor Digital,MEDICARE SPANISH,search,379.10,78.23,0.206,22,20,13,2,907
2025-07-01,Tuesday  ,27,3,July     ,2025,Cedar Lane Ads,ACA ENGLISH,facebook,174.87,NULL,NULL,10,8,4,2,677
2025-07-01,Tuesday  ,27,3,July     ,2025,Vertex Reach,MEDICARE ENGLISH,facebook,4395.99,409.03,0.093,239,205,118,34,665
2025-07-01,Tuesday  ,27,3,July     ,2025,Lantern Media Group,MEDICARE ENGLISH,facebook,2348.99,510.72,0.217,129,110,68,19,748
2025-07-01,Tuesday  ,27,3,July     ,2025,Copperfield Digital,MEDICARE ENGLISH,facebook,303.85,60.41,0.199,17,13,7,4,653
2025-07-01,Tuesday  ,27,3,July     ,2025,Copperfield Digital,ACA ENGLISH,facebook,53.90,9.00,0.167,4,3,1,1,657
2025-07-01,Tuesday  ,27,3,July     ,2025,Aster Performance,AUTO ENGLISH,youtube,1031.65,637.04,0.617,56,48,33,8,504
2025-07-01,Tuesday  ,27,3,July     ,2025,Bright Meridian,MEDICARE ENGLISH,facebook,1442.71,429.58,0.298,96,90,50,6,656
2025-07-01,Tuesday  ,27,3,July     ,2025,Bright Meridian,AUTO INSURANCE ENGLISH,facebook,988.34,253.57,0.257,74,65,45,9,669
2025-07-01,Tuesday  ,27,3,July     ,2025,Sable Creek Media,MEDICARE ENGLISH,facebook,1681.48,391.26,0.233,104,85,61,19,1005
2025-07-01,Tuesday  ,27,3,July     ,2025,Ironwood Digital,ACA ENGLISH,youtube,4125.38,875.08,0.212,204,184,112,20,1020
2025-07-01,Tuesday  ,27,3,July     ,2025,Ironwood Digital,MEDICARE ENGLISH,youtube,6146.57,2297.54,0.374,345,293,133,52,596
2025-07-01,Tuesday  ,27,3,July     ,2025,Halcyon Reach,MEDICARE ENGLISH,search,1010.43,134.34,0.133,66,57,38,9,901
2025-07-01,Tuesday  ,27,3,July     ,2025,Onyx Row Media,MEDICARE SPANISH,NULL,59.39,NULL,NULL,3,2,1,1,753
2025-07-01,Tuesday  ,27,3,July     ,2025,Onyx Row Media,AUTO ENGLISH,NULL,315.52,NULL,NULL,16,13,8,3,1083
2025-07-01,Tuesday  ,27,3,July     ,2025,Ember Lane Digital,MEDICARE ENGLISH,facebook,884.29,162.08,0.183,46,39,20,7,525
2025-07-01,Tuesday  ,27,3,July     ,2025,Foxglove Media,AUTO ENGLISH,search,826.13,52.07,0.063,44,40,28,4,863
2025-07-01,Tuesday  ,27,3,July     ,2025,Tidewater Reach,MEDICARE ENGLISH,facebook,846.22,28.41,0.034,45,38,26,7,1009
2025-07-01,Tuesday  ,27,3,July     ,2025,Marigold Digital,MEDICARE ENGLISH,facebook,3579.01,489.67,0.137,198,176,119,22,1063
2025-07-01,Tuesday  ,27,3,July     ,2025,Slate Harbor Ads,ACA ENGLISH,NULL,617.46,136.61,0.221,43,36,21,7,889
2025-07-01,Tuesday  ,27,3,July     ,2025,Windrose Performance,AUTO ENGLISH,NULL,192.11,14.66,0.076,12,10,4,2,1030
2025-07-01,Tuesday  ,27,3,July     ,2025,Windrose Performance,MEDICARE ENGLISH,NULL,719.84,119.11,0.165,49,40,19,9,542
2025-07-01,Tuesday  ,27,3,July     ,2025,Thornfield Digital,MEDICARE ENGLISH,facebook,409.10,38.70,0.095,27,24,12,3,866
2025-07-01,Tuesday  ,27,3,July     ,2025,Auburn Peak Media,AUTO INSURANCE ENGLISH,search,142.27,8.82,0.062,9,8,5,1,1003
2025-07-01,Tuesday  ,27,3,July     ,2025,Larkspur Ads,FINAL EXPENSE ENGLISH,NULL,438.41,135.98,0.310,20,18,9,2,916
2025-07-02,Wednesday,27,3,July     ,2025,Northwind Media,MEDICARE ENGLISH,youtube,3408.89,642.18,0.188,244,210,148,34,684
2025-07-02,Wednesday,27,3,July     ,2025,Blue Harbor Digital,MEDICARE ENGLISH,search,329.52,79.82,0.242,24,21,9,3,1060
2025-07-02,Wednesday,27,3,July     ,2025,Blue Harbor Digital,MEDICARE SPANISH,search,107.44,28.69,0.267,7,6,4,1,847
2025-07-02,Wednesday,27,3,July     ,2025,Cedar Lane Ads,ACA ENGLISH,facebook,299.87,48.20,0.161,21,19,12,2,1090
2025-07-02,Wednesday,27,3,July     ,2025,Vertex Reach,MEDICARE ENGLISH,facebook,2811.02,NULL,NULL,224,208,113,16,688
2025-07-02,Wednesday,27,3,July     ,2025,Vertex Reach,FINAL EXPENSE ENGLISH,facebook,970.50,82.21,0.085,56,52,23,4,663
2025-07-02,Wednesday,27,3,July     ,2025,Copperfield Digital,MEDICARE ENGLISH,facebook,673.22,34.64,0.051,38,32,21,6,891
2025-07-02,Wednesday,27,3,July     ,2025,Kingfisher Ads,MEDICARE ENGLISH,NULL,1840.27,344.34,0.187,121,102,58,19,1064
2025-07-02,Wednesday,27,3,July     ,2025,Bright Meridian,MEDICARE ENGLISH,facebook,3415.55,669.77,0.196,173,148,88,25,816
2025-07-02,Wednesday,27,3,July     ,2025,Bright Meridian,AUTO INSURANCE ENGLISH,facebook,3849.33,1454.13,0.378,229,196,133,33,1069
2025-07-02,Wednesday,27,3,July     ,2025,Sable Creek Media,MEDICARE ENGLISH,facebook,3065.21,348.76,0.114,241,212,125,29,550
2025-07-02,Wednesday,27,3,July     ,2025,Ironwood Digital,ACA ENGLISH,youtube,809.16,273.57,0.338,44,38,17,6,1002
2025-07-02,Wednesday,27,3,July     ,2025,Juniper Path,AUTO INSURANCE ENGLISH,search,620.82,-74.14,-0.119,33,27,17,6,1042
2025-07-02,Wednesday,27,3,July     ,2025,Juniper Path,MEDICARE SPANISH,search,324.62,89.12,0.275,14,12,6,2,877
2025-07-02,Wednesday,27,3,July     ,2025,Halcyon Reach,MEDICARE ENGLISH,search,364.15,70.23,0.193,26,22,12,4,720
2025-07-02,Wednesday,27,3,July     ,2025,Onyx Row Media,MEDICARE SPANISH,NULL,42.48,6.30,0.148,2,1,0,1,1051
2025-07-02,Wednesday,27,3,July     ,2025,Onyx Row Media,MEDICARE ENGLISH,NULL,608.57,40.69,0.067,35,29,17,6,957
2025-07-02,Wednesday,27,3,July     ,2025,Silverpine Ads,AUTO INSURANCE ENGLISH,facebook,403.61,2.29,0.006,23,20,12,3,704
2025-07-02,Wednesday,27,3,July     ,2025,Quarry Point,FINAL EXPENSE ENGLISH,NULL,1604.62,NULL,NULL,82,71,43,11,803
2025-07-02,Wednesday,27,3,July     ,2025,Tidewater Reach,MEDICARE ENGLISH,facebook,617.21,NULL,NULL,42,36,22,6,906
2025-07-02,Wednesday,27,3,July     ,2025,Marigold Digital,MEDICARE ENGLISH,facebook,8291.63,2207.35,0.266,424,367,247,57,1003
2025-07-02,Wednesday,27,3,July     ,2025,Slate Harbor Ads,ACA ENGLISH,NULL,584.07,110.66,0.189,35,30,18,5,644
2025-07-02,Wednesday,27,3,July     ,2025,Slate Harbor Ads,MEDICARE ENGLISH,NULL,1799.97,319.53,0.178,84,78,37,6,1051
2025-07-02,Wednesday,27,3,July     ,2025,Bellweather Media,MEDICARE ENGLISH,NULL,529.24,99.39,0.188,27,24,13,3,509
2025-07-02,Wednesday,27,3,July     ,2025,Bellweather Media,MEDICARE SPANISH,NULL,99.92,22.75,0.228,7,6,4,1,714
2025-07-02,Wednesday,27,3,July     ,2025,Cobalt Grove,MEDICARE ENGLISH,facebook,1106.62,191.64,0.173,74,63,32,11,925
2025-07-02,Wednesday,27,3,July     ,2025,Windrose Performance,AUTO ENGLISH,NULL,363.99,176.39,0.485,18,16,8,2,1041
2025-07-02,Wednesday,27,3,July     ,2025,Thornfield Digital,MEDICARE ENGLISH,facebook,1176.22,336.43,0.286,54,51,26,3,826
2025-07-02,Wednesday,27,3,July     ,2025,Auburn Peak Media,AUTO INSURANCE ENGLISH,search,56.41,-3.18,-0.056,3,2,0,1,954
2025-07-02,Wednesday,27,3,July     ,2025,Granite Bay Digital,MEDICARE ENGLISH,NULL,345.76,54.52,0.158,26,23,15,3,825
2025-07-03,Thursday ,27,3,July     ,2025,Northwind Media,MEDICARE ENGLISH,youtube,1423.43,303.72,0.213,69,60,39,9,983
2025-07-03,Thursday ,27,3,July     ,2025,Cedar Lane Ads,ACA ENGLISH,facebook,177.62,40.43,0.228,13,11,7,2,850
2025-07-03,Thursday ,27,3,July     ,2025,Vertex Reach,MEDICARE ENGLISH,facebook,840.87,177.38,0.211,50,45,23,5,892
2025-07-03,Thursday ,27,3,July     ,2025,Vertex Reach,FINAL EXPENSE ENGLISH,facebook,524.55,57.64,0.110,25,22,12,3,738
2025-07-03,Thursday ,27,3,July     ,2025,Copperfield Digital,MEDICARE ENGLISH,facebook,1704.63,NULL,NULL,77,65,40,12,873
2025-07-03,Thursday ,27,3,July     ,2025,Copperfield Digital,ACA ENGLISH,facebook,55.46,7.19,0.130,2,1,0,1,563
2025-07-03,Thursday ,27,3,July     ,2025,Aster Performance,AUTO ENGLISH,youtube,813.31,331.22,0.407,55,48,23,7,668
2025-07-03,Thursday ,27,3,July     ,2025,Bright Meridian,MEDICARE ENGLISH,facebook,4619.23,831.91,0.180,305,284,128,21,888
2025-07-03,Thursday ,27,3,July     ,2025,Bright Meridian,AUTO INSURANCE ENGLISH,facebook,1746.63,-36.81,-0.021,141,125,77,16,1003
2025-07-03,Thursday ,27,3,July     ,2025,Sable Creek Media,MEDICARE ENGLISH,facebook,1451.74,203.64,0.140,86,71,38,15,820
2025-07-03,Thursday ,27,3,July     ,2025,Sable Creek Media,FINAL EXPENSE ENGLISH,facebook,457.24,50.70,0.111,33,30,16,3,700
2025-07-03,Thursday ,27,3,July     ,2025,Ironwood Digital,ACA ENGLISH,youtube,1057.90,270.79,0.256,66,61,29,5,1003
2025-07-03,Thursday ,27,3,July     ,2025,Juniper Path,AUTO INSURANCE ENGLISH,search,110.27,20.00,0.181,7,5,3,2,805
2025-07-03,Thursday ,27,3,July     ,2025,Halcyon Reach,MEDICARE ENGLISH,search,388.01,43.98,0.113,24,19,11,5,728
2025-07-03,Thursday ,27,3,July     ,2025,Prairie Signal,MEDICARE ENGLISH,youtube,522.23,82.81,0.159,31,27,12,4,891
2025-07-03,Thursday ,27,3,July     ,2025,Silverpine Ads,AUTO INSURANCE ENGLISH,facebook,677.43,218.54,0.323,38,33,23,5,757
2025-07-03,Thursday ,27,3,July     ,2025,Quarry Point,FINAL EXPENSE ENGLISH,NULL,757.73,108.13,0.143,56,51,31,5,1019
2025-07-03,Thursday ,27,3,July     ,2025,Tidewater Reach,MEDICARE ENGLISH,facebook,1100.09,32.72,0.030,69,64,39,5,595
2025-07-03,Thursday ,27,3,July     ,2025,Bellweather Media,MEDICARE ENGLISH,NULL,336.59,76.66,0.228,15,13,7,2,718
2025-07-03,Thursday ,27,3,July     ,2025,Cobalt Grove,MEDICARE ENGLISH,facebook,1303.33,-7.35,-0.006,66,61,36,5,792
2025-07-03,Thursday ,27,3,July     ,2025,Thornfield Digital,MEDICARE ENGLISH,facebook,546.39,149.22,0.273,37,31,21,6,726
2025-07-03,Thursday ,27,3,July     ,2025,Auburn Peak Media,AUTO INSURANCE ENGLISH,search,69.64,18.64,0.268,3,2,1,1,940
2025-07-03,Thursday ,27,3,July     ,2025,Auburn Peak Media,FINAL EXPENSE ENGLISH,search,300.12,61.24,0.204,19,16,9,3,864
2025-07-03,Thursday ,27,3,July     ,2025,Granite Bay Digital,MEDICARE ENGLISH,NULL,317.97,50.44,0.159,18,15,8,3,928
2025-07-03,Thursday ,27,3,July     ,2025,Mistral Reach,MEDICARE ENGLISH,search,5337.89,1222.64,0.229,302,272,193,30,637
2025-07-04,Friday   ,27,3,July     ,2025,Northwind Media,MEDICARE ENGLISH,youtube,3639.30,345.20,0.095,245,203,126,42,1094
2025-07-04,Friday   ,27,3,July     ,2025,Blue Harbor Digital,MEDICARE ENGLISH,search,123.60,32.56,0.263,10,8,5,2,927
2025-07-04,Friday   ,27,3,July     ,2025,Vertex Reach,MEDICARE ENGLISH,facebook,6238.86,NULL,NULL,356,337,169,19,1061
2025-07-04,Friday   ,27,3,July     ,2025,Copperfield Digital,MEDICARE ENGLISH,facebook,566.97,99.34,0.175,39,36,17,3,661
2025-07-04,Friday   ,27,3,July     ,2025,Aster Performance,AUTO ENGLISH,youtube,860.20,442.51,0.514,68,59,32,9,791
2025-07-04,Friday   ,27,3,July     ,2025,Kingfisher Ads,MEDICARE ENGLISH,NULL,2635.85,300.58,0.114,169,142,73,27,964
2025-07-04,Friday   ,27,3,July     ,2025,Bright Meridian,MEDICARE ENGLISH,facebook,956.85,191.94,0.201,54,45,24,9,682
2025-07-04,Friday   ,27,3,July     ,2025,Ironwood Digital,ACA ENGLISH,youtube,1397.33,NULL,NULL,114,101,61,13,892
2025-07-04,Friday   ,27,3,July     ,2025,Juniper Path,AUTO INSURANCE ENGLISH,search,650.95,141.38,0.217,52,47,29,5,654
2025-07-04,Friday   ,27,3,July     ,2025,Juniper Path,MEDICARE SPANISH,search,253.03,68.33,0.270,13,11,6,2,879
2025-07-04,Friday   ,27,3,July     ,2025,Halcyon Reach,MEDICARE ENGLISH,search,446.16,61.20,0.137,26,23,11,3,720
2025-07-04,Friday   ,27,3,July     ,2025,Prairie Signal,MEDICARE ENGLISH,youtube,155.43,12.86,0.083,9,8,4,1,724
2025-07-04,Friday   ,27,3,July     ,2025,Prairie Signal,ACA ENGLISH,youtube,22.82,2.70,0.118,1,0,0,1,599
2025-07-04,Friday   ,27,3,July     ,2025,Onyx Row Media,MEDICARE SPANISH,NULL,46.52,7.85,0.169,2,1,0,1,715
2025-07-04,Friday   ,27,3,July     ,2025,Ember Lane Digital,MEDICARE ENGLISH,facebook,679.42,NULL,NULL,32,27,16,5,811
2025-07-04,Friday   ,27,3,July     ,2025,Foxglove Media,AUTO ENGLISH,search,1153.92,117.33,0.102,83,78,52,5,722
2025-07-04,Friday   ,27,3,July     ,2025,Quarry Point,FINAL EXPENSE ENGLISH,NULL,333.46,27.24,0.082,27,25,17,2,507
2025-07-04,Friday   ,27,3,July     ,2025,Marigold Digital,MEDICARE ENGLISH,facebook,2548.07,532.17,0.209,122,108,53,14,1055
2025-07-04,Friday   ,27,3,July     ,2025,Slate Harbor Ads,ACA ENGLISH,NULL,1193.96,270.22,0.226,63,59,26,4,654
2025-07-04,Friday   ,27,3,July     ,2025,Bellweather Media,MEDICARE ENGLISH,NULL,955.88,135.98,0.142,61,54,28,7,735
2025-07-04,Friday   ,27,3,July     ,2025,Bellweather Media,ACA ENGLISH,NULL,100.86,13.97,0.138,6,5,2,1,880
2025-07-04,Friday   ,27,3,July     ,2025,Cobalt Grove,MEDICARE ENGLISH,facebook,3343.50,NULL,NULL,180,149,69,31,743
2025-07-04,Friday   ,27,3,July     ,2025,Windrose Performance,AUTO ENGLISH,NULL,355.88,81.91,0.230,22,18,10,4,1007
2025-07-04,Friday   ,27,3,July     ,2025,Windrose Performance,MEDICARE ENGLISH,NULL,1510.58,NULL,NULL,122,113,59,9,881
2025-07-04,Friday   ,27,3,July     ,2025,Thornfield Digital,MEDICARE ENGLISH,facebook,837.75,NULL,NULL,63,52,33,11,704
2025-07-04,Friday   ,27,3,July     ,2025,Auburn Peak Media,AUTO INSURANCE ENGLISH,search,114.44,36.33,0.317,5,4,2,1,930
2025-07-04,Friday   ,27,3,July     ,2025,Larkspur Ads,FINAL EXPENSE ENGLISH,NULL,670.02,100.52,0.150,34,30,13,4,561
2025-07-04,Friday   ,27,3,July     ,2025,Granite Bay Digital,MEDICARE ENGLISH,NULL,937.69,NULL,NULL,61,53,33,8,974
2025-07-04,Friday   ,27,3,July     ,2025,Granite Bay Digital,ACA ENGLISH,NULL,124.62,21.19,0.170,5,4,2,1,990
2025-07-04,Friday   ,27,3,July     ,2025,Mistral Reach,MEDICARE ENGLISH,search,3340.88,646.91,0.194,173,154,106,19,1093
2025-07-07,Monday   ,28,3,July     ,2025,Northwind Media,MEDICARE ENGLISH,youtube,3350.82,217.96,0.065,194,167,111,27,687
2025-07-07,Monday   ,28,3,July     ,2025,Cedar Lane Ads,ACA ENGLISH,facebook,430.37,101.54,0.236,24,21,11,3,512
2025-07-07,Monday   ,28,3,July     ,2025,Vertex Reach,MEDICARE ENGLISH,facebook,1505.05,179.44,0.119,92,81,47,11,836
2025-07-07,Monday   ,28,3,July     ,2025,Vertex Reach,FINAL EXPENSE ENGLISH,facebook,356.73,NULL,NULL,17,15,9,2,970
2025-07-07,Monday   ,28,3,July     ,2025,Lantern Media Group,MEDICARE ENGLISH,facebook,4189.80,624.12,0.149,252,211,97,41,848
2025-07-07,Monday   ,28,3,July     ,2025,Kingfisher Ads,MEDICARE ENGLISH,NULL,3791.81,388.12,0.102,198,184,109,14,774
2025-07-07,Monday   ,28,3,July     ,2025,Bright Meridian,AUTO INSURANCE ENGLISH,facebook,992.98,60.93,0.061,82,76,48,6,905
2025-07-07,Monday   ,28,3,July     ,2025,Ironwood Digital,ACA ENGLISH,youtube,1134.02,163.81,0.144,77,63,43,14,960
2025-07-07,Monday   ,28,3,July     ,2025,Ironwood Digital,MEDICARE ENGLISH,youtube,9949.68,617.54,0.062,600,510,329,90,564
2025-07-07,Monday   ,28,3,July     ,2025,Juniper Path,AUTO INSURANCE ENGLISH,search,1719.05,624.06,0.363,121,111,66,10,936
2025-07-07,Monday   ,28,3,July     ,2025,Halcyon Reach,MEDICARE ENGLISH,search,811.04,182.25,0.225,42,34,19,8,1007
2025-07-07,Monday   ,28,3,July     ,2025,Halcyon Reach,MEDICARE SPANISH,search,66.05,14.23,0.215,3,2,0,1,872
2025-07-07,Monday   ,28,3,July     ,2025,Prairie Signal,MEDICARE ENGLISH,youtube,1390.95,212.36,0.153,73,61,32,12,1031
2025-07-07,Monday   ,28,3,July     ,2025,Onyx Row Media,MEDICARE SPANISH,NULL,26.76,NULL,NULL,1,0,0,1,1073
2025-07-07,Monday   ,28,3,July     ,2025,Onyx Row Media,MEDICARE ENGLISH,NULL,650.47,121.08,0.186,36,29,16,7,1033
2025-07-07,Monday   ,28,3,July     ,2025,Ember Lane Digital,MEDICARE ENGLISH,facebook,2084.90,249.53,0.120,140,118,58,22,1024
2025-07-07,Monday   ,28,3,July     ,2025,Quarry Point,FINAL EXPENSE ENGLISH,NULL,798.13,76.28,0.096,46,39,26,7,769
2025-07-07,Monday   ,28,3,July     ,2025,Tidewater Reach,MEDICARE ENGLISH,facebook,261.00,43.24,0.166,12,10,5,2,1024
2025-07-07,Monday   ,28,3,July     ,2025,Slate Harbor Ads,ACA ENGLISH,NULL,1380.34,288.16,0.209,73,64,43,9,564
2025-07-07,Monday   ,28,3,July     ,2025,Slate Harbor Ads,MEDICARE ENGLISH,NULL,2612.68,NULL,NULL,171,152,92,19,1097
2025-07-07,Monday   ,28,3,July     ,2025,Bellweather Media,MEDICARE ENGLISH,NULL,536.39,85.66,0.160,26,22,13,4,1016
2025-07-07,Monday   ,28,3,July     ,2025,Bellweather Media,MEDICARE SPANISH,NULL,490.31,108.87,0.222,38,33,16,5,551
2025-07-07,Monday   ,28,3,July     ,2025,Bellweather Media,ACA ENGLISH,NULL,96.44,NULL,NULL,4,3,1,1,978
2025-07-07,Monday   ,28,3,July     ,2025,Cobalt Grove,MEDICARE ENGLISH,facebook,1312.69,150.46,0.115,105,92,45,13,567
2025-07-07,Monday   ,28,3,July     ,2025,Windrose Performance,AUTO ENGLISH,NULL,193.95,70.45,0.363,10,9,6,1,568
2025-07-07,Monday   ,28,3,July     ,2025,Windrose Performance,MEDICARE ENGLISH,NULL,535.16,121.21,0.227,27,24,15,3,688
2025-07-07,Monday   ,28,3,July     ,2025,Thornfield Digital,MEDICARE ENGLISH,facebook,1251.69,256.35,0.205,90,85,50,5,871
2025-07-07,Monday   ,28,3,July     ,2025,Auburn Peak Media,AUTO INSURANCE ENGLISH,search,52.29,0.07,0.001,2,1,0,1,622
2025-07-07,Monday   ,28,3,July     ,2025,Larkspur Ads,FINAL EXPENSE ENGLISH,NULL,449.56,57.42,0.128,22,20,11,2,542
2025-07-07,Monday   ,28,3,July     ,2025,Granite Bay Digital,MEDICARE ENGLISH,NULL,575.23,117.97,0.205,39,33,16,6,548
2025-07-07,Monday   ,28,3,July     ,2025,Granite Bay Digital,ACA ENGLISH,NULL,189.22,57.47,0.304,9,8,5,1,812
2025-07-08,Tuesday  ,28,3,July     ,2025,Northwind Media,MEDICARE ENGLISH,youtube,1081.97,147.73,0.137,85,77,52,8,520
2025-07-08,Tuesday  ,28,3,July     ,2025,Blue Harbor Digital,MEDICARE ENGLISH,search,430.75,40.50,0.094,35,31,20,4,1027
2025-07-08,Tuesday  ,28,3,July     ,2025,Cedar Lane Ads,ACA ENGLISH,facebook,207.55,27.09,0.131,12,10,7,2,918
2025-07-08,Tuesday  ,28,3,July     ,2025,Copperfield Digital,MEDICARE ENGLISH,facebook,355.93,19.61,0.055,21,19,8,2,838
2025-07-08,Tuesday  ,28,3,July     ,2025,Copperfield Digital,ACA ENGLISH,facebook,142.81,29.25,0.205,8,6,3,2,922
2025-07-08,Tuesday  ,28,3,July     ,2025,Aster Performance,AUTO ENGLISH,youtube,1009.86,363.36,0.360,54,46,29,8,1095
2025-07-08,Tuesday  ,28,3,July     ,2025,Bright Meridian,MEDICARE ENGLISH,facebook,3626.52,448.93,0.124,221,190,104,31,968
2025-07-08,Tuesday  ,28,3,July     ,2025,Ironwood Digital,ACA ENGLISH,youtube,1458.57,419.45,0.288,67,59,31,8,992
2025-07-08,Tuesday  ,28,3,July     ,2025,Ironwood Digital,MEDICARE ENGLISH,youtube,6086.07,1723.36,0.283,292,244,138,48,1059
2025-07-08,Tuesday  ,28,3,July     ,2025,Juniper Path,AUTO INSURANCE ENGLISH,search,1177.09,221.99,0.189,58,53,28,5,578
2025-07-08,Tuesday  ,28,3,July     ,2025,Prairie Signal,MEDICARE ENGLISH,youtube,533.93,104.53,0.196,32,28,20,4,861
2025-07-08,Tuesday  ,28,3,July     ,2025,Quarry Point,FINAL EXPENSE ENGLISH,NULL,4368.91,649.48,0.149,363,334,211,29,931
2025-07-08,Tuesday  ,28,3,July     ,2025,Tidewater Reach,MEDICARE ENGLISH,facebook,546.33,49.07,0.090,26,24,13,2,810
2025-07-08,Tuesday  ,28,3,July     ,2025,Slate Harbor Ads,ACA ENGLISH,NULL,210.37,48.74,0.232,9,7,4,2,537
2025-07-08,Tuesday  ,28,3,July     ,2025,Windrose Performance,AUTO ENGLISH,NULL,573.69,403.11,0.703,31,27,15,4,541
2025-07-08,Tuesday  ,28,3,July     ,2025,Windrose Performance,MEDICARE ENGLISH,NULL,1139.44,293.52,0.258,62,51,36,11,838
2025-07-08,Tuesday  ,28,3,July     ,2025,Thornfield Digital,MEDICARE ENGLISH,facebook,2861.37,501.49,0.175,209,187,119,22,1087
2025-07-08,Tuesday  ,28,3,July     ,2025,Auburn Peak Media,AUTO INSURANCE ENGLISH,search,91.48,NULL,NULL,4,3,1,1,895
2025-07-08,Tuesday  ,28,3,July     ,2025,Auburn Peak Media,FINAL EXPENSE ENGLISH,search,117.67,30.11,0.256,7,6,2,1,542
2025-07-08,Tuesday  ,28,3,July     ,2025,Larkspur Ads,FINAL EXPENSE ENGLISH,NULL,917.59,209.99,0.229,47,38,24,9,788
2025-07-09,Wednesday,28,3,July     ,2025,Northwind Media,MEDICARE ENGLISH,youtube,3396.64,465.79,0.137,231,218,117,13,517
2025-07-09,Wednesday,28,3,July     ,2025,Blue Harbor Digital,MEDICARE ENGLISH,search,516.92,NULL,NULL,28,23,10,5,603
2025-07-09,Wednesday,28,3,July     ,2025,Blue Harbor Digital,MEDICARE SPANISH,search,38.70,6.50,0.168,2,1,0,1,962
2025-07-09,Wednesday,28,3,July     ,2025,Cedar Lane Ads,ACA ENGLISH,facebook,404.67,75.08,0.186,32,29,13,3,630
2025-07-09,Wednesday,28,3,July     ,2025,Vertex Reach,MEDICARE ENGLISH,facebook,3088.59,339.32,0.110,217,187,122,30,868
2025-07-09,Wednesday,28,3,July     ,2025,Vertex Reach,FINAL EXPENSE ENGLISH,facebook,331.97,72.07,0.217,16,14,9,2,611
2025-07-09,Wednesday,28,3,July     ,2025,Lantern Media Group,MEDICARE ENGLISH,facebook,3164.36,363.92,0.115,146,121,58,25,763
2025-07-09,Wednesday,28,3,July     ,2025,Copperfield Digital,MEDICARE ENGLISH,facebook,118.36,13.89,0.117,5,4,2,1,1098
2025-07-09,Wednesday,28,3,July     ,2025,Aster Performance,AUTO ENGLISH,youtube,484.15,24.40,0.050,26,22,11,4,895
2025-07-09,Wednesday,28,3,July     ,2025,Kingfisher Ads,MEDICARE ENGLISH,NULL,3519.84,207.87,0.059,166,139,63,27,576
2025-07-09,Wednesday,28,3,July     ,2025,Bright Meridian,MEDICARE ENGLISH,facebook,5523.68,828.30,0.150,296,269,164,27,868
2025-07-09,Wednesday,28,3,July     ,2025,Bright Meridian,AUTO INSURANCE ENGLISH,facebook,1252.40,171.39,0.137,77,65,39,12,805
2025-07-09,Wednesday,28,3,July     ,2025,Sable Creek Media,MEDICARE ENGLISH,facebook,2829.99,587.65,0.208,195,178,89,17,612
2025-07-09,Wednesday,28,3,July     ,2025,Sable Creek Media,FINAL EXPENSE ENGLISH,facebook,372.31,77.23,0.207,23,19,12,4,680
2025-07-09,Wednesday,28,3,July     ,2025,Ironwood Digital,ACA ENGLISH,youtube,1527.05,443.68,0.291,72,61,39,11,809
2025-07-09,Wednesday,28,3,July     ,2025,Ironwood Digital,MEDICARE ENGLISH,youtube,7723.65,NULL,NULL,524,442,262,82,672
2025-07-09,Wednesday,28,3,July     ,2025,Juniper Path,AUTO INSURANCE ENGLISH,search,280.96,26.24,0.093,16,13,7,3,921
2025-07-09,Wednesday,28,3,July     ,2025,Juniper Path,MEDICARE SPANISH,search,232.56,NULL,NULL,14,12,8,2,1089
2025-07-09,Wednesday,28,3,July     ,2025,Onyx Row Media,MEDICARE SPANISH,NULL,120.18,44.60,0.371,6,4,2,2,930
2025-07-09,Wednesday,28,3,July     ,2025,Foxglove Media,AUTO ENGLISH,search,1433.61,19.45,0.014,79,69,31,10,1093
2025-07-09,Wednesday,28,3,July     ,2025,Quarry Point,FINAL EXPENSE ENGLISH,NULL,931.00,66.49,0.071,51,42,20,9,556
2025-07-09,Wednesday,28,3,July     ,2025,Tidewater Reach,MEDICARE ENGLISH,facebook,1022.68,114.17,0.112,61,50,32,11,746
2025-07-09,Wednesday,28,3,July     ,2025,Slate Harbor Ads,ACA ENGLISH,NULL,701.28,140.90,0.201,41,33,17,8,1071
2025-07-09,Wednesday,28,3,July     ,2025,Bellweather Media,MEDICARE ENGLISH,NULL,810.91,90.69,0.112,53,49,23,4,891
2025-07-09,Wednesday,28,3,July     ,2025,Bellweather Media,MEDICARE SPANISH,NULL,107.64,NULL,NULL,5,4,2,1,829
2025-07-09,Wednesday,28,3,July     ,2025,Cobalt Grove,MEDICARE ENGLISH,facebook,1344.67,63.90,0.048,72,60,35,12,572
2025-07-09,Wednesday,28,3,July     ,2025,Windrose Performance,MEDICARE ENGLISH,NULL,1501.19,307.09,0.205,73,69,43,4,582
2025-07-09,Wednesday,28,3,July     ,2025,Granite Bay Digital,MEDICARE ENGLISH,NULL,641.30,188.14,0.293,43,35,22,8,658
2025-07-09,Wednesday,28,3,July     ,2025,Mistral Reach,MEDICARE ENGLISH,search,3380.50,711.44,0.210,198,186,129,12,639
2025-07-10,Thursday ,28,3,July     ,2025,Blue Harbor Digital,MEDICARE ENGLISH,search,585.23,NULL,NULL,28,25,12,3,682
2025-07-10,Thursday ,28,3,July     ,2025,Cedar Lane Ads,ACA ENGLISH,facebook,468.01,70.47,0.151,26,23,14,3,907
2025-07-10,Thursday ,28,3,July     ,2025,Lantern Media Group,MEDICARE ENGLISH,facebook,1415.52,379.22,0.268,82,73,38,9,590
2025-07-10,Thursday ,28,3,July     ,2025,Copperfield Digital,MEDICARE ENGLISH,facebook,480.17,27.65,0.058,36,30,17,6,766
2025-07-10,Thursday ,28,3,July     ,2025,Aster Performance,AUTO ENGLISH,youtube,925.01,-209.38,-0.226,59,51,27,8,847
2025-07-10,Thursday ,28,3,July     ,2025,Kingfisher Ads,MEDICARE ENGLISH,NULL,3729.94,439.99,0.118,271,254,156,17,503
2025-07-10,Thursday ,28,3,July     ,2025,Bright Meridian,MEDICARE ENGLISH,facebook,1941.03,NULL,NULL,109,93,44,16,934
2025-07-10,Thursday ,28,3,July     ,2025,Ironwood Digital,ACA ENGLISH,youtube,4132.73,NULL,NULL,275,241,146,34,1065
2025-07-10,Thursday ,28,3,July     ,2025,Juniper Path,AUTO INSURANCE ENGLISH,search,568.09,NULL,NULL,42,39,23,3,959
2025-07-10,Thursday ,28,3,July     ,2025,Halcyon Reach,MEDICARE ENGLISH,search,1301.03,200.65,0.154,70,64,35,6,939
2025-07-10,Thursday ,28,3,July     ,2025,Onyx Row Media,MEDICARE SPANISH,NULL,87.33,16.49,0.189,4,3,1,1,820
2025-07-10,Thursday ,28,3,July     ,2025,Silverpine Ads,AUTO INSURANCE ENGLISH,facebook,277.64,74.89,0.270,13,10,4,3,1093
2025-07-10,Thursday ,28,3,July     ,2025,Silverpine Ads,AUTO ENGLISH,facebook,361.57,-16.95,-0.047,29,25,14,4,558
2025-07-10,Thursday ,28,3,July     ,2025,Ember Lane Digital,MEDICARE ENGLISH,facebook,909.75,115.08,0.126,48,40,19,8,717
2025-07-10,Thursday ,28,3,July     ,2025,Quarry Point,FINAL EXPENSE ENGLISH,NULL,721.82,173.79,0.241,35,32,17,3,948
2025-07-10,Thursday ,28,3,July     ,2025,Slate Harbor Ads,ACA ENGLISH,NULL,1176.41,315.47,0.268,93,78,47,15,883
2025-07-10,Thursday ,28,3,July     ,2025,Windrose Performance,AUTO ENGLISH,NULL,260.04,84.29,0.324,12,10,5,2,856
2025-07-10,Thursday ,28,3,July     ,2025,Auburn Peak Media,AUTO INSURANCE ENGLISH,search,82.04,4.56,0.056,5,4,1,1,525
2025-07-10,Thursday ,28,3,July     ,2025,Granite Bay Digital,MEDICARE ENGLISH,NULL,467.54,66.60,0.142,34,29,17,5,605
2025-07-10,Thursday ,28,3,July     ,2025,Mistral Reach,MEDICARE ENGLISH,search,2867.45,451.77,0.158,218,193,90,25,540
2025-07-11,Friday   ,28,3,July     ,2025,Northwind Media,MEDICARE ENGLISH,youtube,2681.23,278.74,0.104,167,150,78,17,506
2025-07-11,Friday   ,28,3,July     ,2025,Blue Harbor Digital,MEDICARE ENGLISH,search,249.07,73.27,0.294,13,12,6,1,696
2025-07-11,Friday   ,28,3,July     ,2025,Blue Harbor Digital,MEDICARE SPANISH,search,59.70,8.85,0.148,2,1,0,1,648
2025-07-11,Friday   ,28,3,July     ,2025,Cedar Lane Ads,ACA ENGLISH,facebook,315.62,68.75,0.218,22,19,9,3,968
2025-07-11,Friday   ,28,3,July     ,2025,Copperfield Digital,MEDICARE ENGLISH,facebook,334.86,NULL,NULL,17,14,7,3,942
2025-07-11,Friday   ,28,3,July     ,2025,Copperfield Digital,ACA ENGLISH,facebook,266.84,53.70,0.201,14,12,5,2,618
2025-07-11,Friday   ,28,3,July     ,2025,Kingfisher Ads,MEDICARE ENGLISH,NULL,2613.24,NULL,NULL,137,118,63,19,987
2025-07-11,Friday   ,28,3,July     ,2025,Bright Meridian,MEDICARE ENGLISH,facebook,3834.97,548.59,0.143,292,266,132,26,1027
2025-07-11,Friday   ,28,3,July     ,2025,Bright Meridian,AUTO INSURANCE ENGLISH,facebook,417.39,119.53,0.286,34,27,17,7,784
2025-07-11,Friday   ,28,3,July     ,2025,Sable Creek Media,MEDICARE ENGLISH,facebook,2057.92,150.77,0.073,101,86,53,15,790
2025-07-11,Friday   ,28,3,July     ,2025,Ironwood Digital,MEDICARE ENGLISH,youtube,2859.07,665.79,0.233,143,119,84,24,564
2025-07-11,Friday   ,28,3,July     ,2025,Juniper Path,AUTO INSURANCE ENGLISH,search,269.29,5.15,0.019,19,17,9,2,1030
2025-07-11,Friday   ,28,3,July     ,2025,Halcyon Reach,MEDICARE ENGLISH,search,1271.49,104.33,0.082,58,54,37,4,1007
2025-07-11,Friday   ,28,3,July     ,2025,Prairie Signal,MEDICARE ENGLISH,youtube,290.84,16.50,0.057,13,12,8,1,1062
2025-07-11,Friday   ,28,3,July     ,2025,Silverpine Ads,AUTO INSURANCE ENGLISH,facebook,168.63,7.68,0.046,13,11,7,2,632
2025-07-11,Friday   ,28,3,July     ,2025,Foxglove Media,AUTO ENGLISH,search,560.54,NULL,NULL,35,30,20,5,515
2025-07-11,Friday   ,28,3,July     ,2025,Tidewater Reach,MEDICARE ENGLISH,facebook,1545.39,233.70,0.151,75,66,38,9,733
2025-07-11,Friday   ,28,3,July     ,2025,Marigold Digital,MEDICARE ENGLISH,facebook,1801.04,278.03,0.154,92,80,44,12,738
2025-07-11,Friday   ,28,3,July     ,2025,Slate Harbor Ads,ACA ENGLISH,NULL,324.67,63.16,0.195,15,12,7,3,705
2025-07-11,Friday   ,28,3,July     ,2025,Bellweather Media,MEDICARE ENGLISH,NULL,327.96,66.12,0.202,15,12,7,3,816
2025-07-11,Friday   ,28,3,July     ,2025,Cobalt Grove,MEDICARE ENGLISH,facebook,2820.05,147.71,0.052,131,108,60,23,642
2025-07-11,Friday   ,28,3,July     ,2025,Thornfield Digital,MEDICARE ENGLISH,facebook,620.38,105.83,0.171,42,36,20,6,701
2025-07-11,Friday   ,28,3,July     ,2025,Auburn Peak Media,AUTO INSURANCE ENGLISH,search,32.53,4.00,0.123,1,0,0,1,652
2025-07-11,Friday   ,28,3,July     ,2025,Larkspur Ads,FINAL EXPENSE ENGLISH,NULL,357.88,67.08,0.187,20,18,8,2,539
2025-07-11,Friday   ,28,3,July     ,2025,Mistral Reach,MEDICARE ENGLISH,search,3693.78,906.76,0.245,174,157,92,17,855
2025-07-14,Monday   ,29,3,July     ,2025,Blue Harbor Digital,MEDICARE ENGLISH,search,551.28,77.53,0.141,29,25,15,4,501
2025-07-14,Monday   ,29,3,July     ,2025,Copperfield Digital,MEDICARE ENGLISH,facebook,216.74,31.86,0.147,13,11,6,2,1093
2025-07-14,Monday   ,29,3,July     ,2025,Copperfield Digital,ACA ENGLISH,facebook,61.04,3.30,0.054,4,3,2,1,514
2025-07-14,Monday   ,29,3,July     ,2025,Aster Performance,AUTO ENGLISH,youtube,549.20,80.66,0.147,27,25,13,2,1081
2025-07-14,Monday   ,29,3,July     ,2025,Bright Meridian,MEDICARE ENGLISH,facebook,5920.46,125.06,0.021,273,247,148,26,801
2025-07-14,Monday   ,29,3,July     ,2025,Ironwood Digital,ACA ENGLISH,youtube,3472.27,868.85,0.250,239,200,143,39,624
2025-07-14,Monday   ,29,3,July     ,2025,Ironwood Digital,MEDICARE ENGLISH,youtube,9417.62,1927.68,0.205,458,419,301,39,1058
2025-07-14,Monday   ,29,3,July     ,2025,Juniper Path,AUTO INSURANCE ENGLISH,search,836.04,NULL,NULL,60,56,38,4,939
2025-07-14,Monday   ,29,3,July     ,2025,Halcyon Reach,MEDICARE ENGLISH,search,1175.20,189.82,0.162,54,47,33,7,793
2025-07-14,Monday   ,29,3,July     ,2025,Halcyon Reach,MEDICARE SPANISH,search,550.01,NULL,NULL,41,34,21,7,643
2025-07-14,Monday   ,29,3,July     ,2025,Prairie Signal,MEDICARE ENGLISH,youtube,596.01,28.75,0.048,47,42,25,5,566
2025-07-14,Monday   ,29,3,July     ,2025,Onyx Row Media,MEDICARE SPANISH,NULL,68.63,13.34,0.194,3,2,0,1,644
2025-07-14,Monday   ,29,3,July     ,2025,Onyx Row Media,MEDICARE ENGLISH,NULL,505.67,27.52,0.054,40,35,17,5,646
2025-07-14,Monday   ,29,3,July     ,2025,Ember Lane Digital,MEDICARE ENGLISH,facebook,2246.90,NULL,NULL,138,124,81,14,787
2025-07-14,Monday   ,29,3,July     ,2025,Foxglove Media,AUTO ENGLISH,search,237.82,54.22,0.228,11,9,6,2,1043
2025-07-14,Monday   ,29,3,July     ,2025,Quarry Point,FINAL EXPENSE ENGLISH,NULL,1604.69,302.03,0.188,81,69,37,12,987
2025-07-14,Monday   ,29,3,July     ,2025,Tidewater Reach,MEDICARE ENGLISH,facebook,645.71,125.94,0.195,46,42,29,4,598
2025-07-14,Monday   ,29,3,July     ,2025,Marigold Digital,MEDICARE ENGLISH,facebook,8363.09,908.93,0.109,558,471,274,87,1005
2025-07-14,Monday   ,29,3,July     ,2025,Slate Harbor Ads,ACA ENGLISH,NULL,541.95,NULL,NULL,27,22,11,5,665
2025-07-14,Monday   ,29,3,July     ,2025,Slate Harbor Ads,MEDICARE ENGLISH,NULL,2077.74,439.25,0.211,135,116,54,19,672
2025-07-14,Monday   ,29,3,July     ,2025,Cobalt Grove,MEDICARE ENGLISH,facebook,799.87,93.05,0.116,40,33,18,7,854
2025-07-14,Monday   ,29,3,July     ,2025,Windrose Performance,AUTO ENGLISH,NULL,320.91,NULL,NULL,24,19,11,5,1042
2025-07-14,Monday   ,29,3,July     ,2025,Auburn Peak Media,AUTO INSURANCE ENGLISH,search,50.54,-5.26,-0.104,2,1,0,1,787
2025-07-14,Monday   ,29,3,July     ,2025,Auburn Peak Media,FINAL EXPENSE ENGLISH,search,198.43,54.66,0.275,12,9,4,3,1074
2025-07-14,Monday   ,29,3,July     ,2025,Larkspur Ads,FINAL EXPENSE ENGLISH,NULL,419.11,109.68,0.262,23,21,13,2,741
2025-07-14,Monday   ,29,3,July     ,2025,Granite Bay Digital,MEDICARE ENGLISH,NULL,321.77,75.46,0.235,22,20,13,2,874
2025-07-14,Monday   ,29,3,July     ,2025,Granite Bay Digital,ACA ENGLISH,NULL,132.10,37.51,0.284,6,5,3,1,922
2025-07-14,Monday   ,29,3,July     ,2025,Mistral Reach,MEDICARE ENGLISH,search,2972.03,610.94,0.206,226,205,115,21,927
2025-07-15,Tuesday  ,29,3,July     ,2025,Northwind Media,MEDICARE ENGLISH,youtube,5561.25,NULL,NULL,287,261,158,26,564
2025-07-15,Tuesday  ,29,3,July     ,2025,Blue Harbor Digital,MEDICARE ENGLISH,search,1464.94,327.79,0.224,96,88,57,8,636
2025-07-15,Tuesday  ,29,3,July     ,2025,Blue Harbor Digital,MEDICARE SPANISH,search,115.85,26.98,0.233,5,4,2,1,1031
2025-07-15,Tuesday  ,29,3,July     ,2025,Cedar Lane Ads,ACA ENGLISH,facebook,236.44,26.78,0.113,17,14,8,3,612
2025-07-15,Tuesday  ,29,3,July     ,2025,Vertex Reach,MEDICARE ENGLISH,facebook,1526.44,152.74,0.100,70,60,42,10,741
2025-07-15,Tuesday  ,29,3,July     ,2025,Lantern Media Group,MEDICARE ENGLISH,facebook,3545.54,404.67,0.114,208,183,96,25,872
2025-07-15,Tuesday  ,29,3,July     ,2025,Copperfield Digital,MEDICARE ENGLISH,facebook,443.84,92.67,0.209,27,25,11,2,996
2025-07-15,Tuesday  ,29,3,July     ,2025,Aster Performance,AUTO ENGLISH,youtube,810.09,257.76,0.318,53,46,30,7,860
2025-07-15,Tuesday  ,29,3,July     ,2025,Kingfisher Ads,MEDICARE ENGLISH,NULL,4287.43,451.41,0.105,260,235,158,25,505
2025-07-15,Tuesday  ,29,3,July     ,2025,Bright Meridian,MEDICARE ENGLISH,facebook,3139.93,728.05,0.232,146,124,74,22,608
2025-07-15,Tuesday  ,29,3,July     ,2025,Ironwood Digital,ACA ENGLISH,youtube,2356.31,857.05,0.364,116,102,50,14,945
2025-07-15,Tuesday  ,29,3,July     ,2025,Ironwood Digital,MEDICARE ENGLISH,youtube,7394.86,770.10,0.104,425,387,185,38,511
2025-07-15,Tuesday  ,29,3,July     ,2025,Juniper Path,AUTO INSURANCE ENGLISH,search,461.37,NULL,NULL,28,26,15,2,818
2025-07-15,Tuesday  ,29,3,July     ,2025,Halcyon Reach,MEDICARE ENGLISH,search,858.00,168.22,0.196,47,42,30,5,908
2025-07-15,Tuesday  ,29,3,July     ,2025,Prairie Signal,MEDICARE ENGLISH,youtube,525.43,63.84,0.121,29,26,12,3,990
2025-07-15,Tuesday  ,29,3,July     ,2025,Silverpine Ads,AUTO INSURANCE ENGLISH,facebook,133.02,-6.74,-0.051,6,5,3,1,648
2025-07-15,Tuesday  ,29,3,July     ,2025,Ember Lane Digital,MEDICARE ENGLISH,facebook,1169.31,181.15,0.155,71,64,41,7,703
2025-07-15,Tuesday  ,29,3,July     ,2025,Foxglove Media,AUTO ENGLISH,search,1068.84,330.58,0.309,60,54,29,6,566
2025-07-15,Tuesday  ,29,3,July     ,2025,Quarry Point,FINAL EXPENSE ENGLISH,NULL,1420.02,402.86,0.284,85,75,43,10,994
2025-07-15,Tuesday  ,29,3,July     ,2025,Marigold Digital,MEDICARE ENGLISH,facebook,10015.60,2997.94,0.299,571,479,338,92,1000
2025-07-15,Tuesday  ,29,3,July     ,2025,Slate Harbor Ads,ACA ENGLISH,NULL,416.72,NULL,NULL,24,20,12,4,630
2025-07-15,Tuesday  ,29,3,July     ,2025,Slate Harbor Ads,MEDICARE ENGLISH,NULL,1785.42,216.06,0.121,107,92,46,15,603
2025-07-15,Tuesday  ,29,3,July     ,2025,Bellweather Media,MEDICARE ENGLISH,NULL,1541.23,155.13,0.101,86,75,50,11,898
2025-07-15,Tuesday  ,29,3,July     ,2025,Bellweather Media,ACA ENGLISH,NULL,210.42,34.19,0.162,13,11,5,2,653
2025-07-15,Tuesday  ,29,3,July     ,2025,Windrose Performance,AUTO ENGLISH,NULL,710.38,-190.55,-0.268,36,32,18,4,770
2025-07-15,Tuesday  ,29,3,July     ,2025,Windrose Performance,MEDICARE ENGLISH,NULL,1362.77,364.05,0.267,92,84,39,8,1076
2025-07-15,Tuesday  ,29,3,July     ,2025,Thornfield Digital,MEDICARE ENGLISH,facebook,1037.86,291.66,0.281,64,58,30,6,735
2025-07-15,Tuesday  ,29,3,July     ,2025,Larkspur Ads,FINAL EXPENSE ENGLISH,NULL,719.44,141.97,0.197,36,29,19,7,662
2025-07-15,Tuesday  ,29,3,July     ,2025,Mistral Reach,MEDICARE ENGLISH,search,572.08,146.71,0.256,46,42,25,4,901
2025-07-16,Wednesday,29,3,July     ,2025,Northwind Media,MEDICARE ENGLISH,youtube,4609.29,445.08,0.097,316,277,170,39,1053
2025-07-16,Wednesday,29,3,July     ,2025,Blue Harbor Digital,MEDICARE ENGLISH,search,283.63,53.10,0.187,23,21,9,2,1007
2025-07-16,Wednesday,29,3,July     ,2025,Cedar Lane Ads,ACA ENGLISH,facebook,248.17,48.44,0.195,17,14,8,3,577
2025-07-16,Wednesday,29,3,July     ,2025,Vertex Reach,MEDICARE ENGLISH,facebook,1529.70,253.84,0.166,105,89,48,16,888
2025-07-16,Wednesday,29,3,July     ,2025,Lantern Media Group,MEDICARE ENGLISH,facebook,1200.89,NULL,NULL,70,66,46,4,528
2025-07-16,Wednesday,29,3,July     ,2025,Copperfield Digital,MEDICARE ENGLISH,facebook,577.12,77.86,0.135,31,29,13,2,739
2025-07-16,Wednesday,29,3,July     ,2025,Bright Meridian,MEDICARE ENGLISH,facebook,4332.85,498.37,0.115,306,280,173,26,567
2025-07-16,Wednesday,29,3,July     ,2025,Sable Creek Media,MEDICARE ENGLISH,facebook,1365.25,211.90,0.155,74,67,36,7,685
2025-07-16,Wednesday,29,3,July     ,2025,Ironwood Digital,ACA ENGLISH,youtube,5537.51,1691.08,0.305,460,388,178,72,1000
2025-07-16,Wednesday,29,3,July     ,2025,Halcyon Reach,MEDICARE ENGLISH,search,990.49,89.98,0.091,61,57,29,4,1000
2025-07-16,Wednesday,29,3,July     ,2025,Halcyon Reach,MEDICARE SPANISH,search,78.02,11.43,0.146,4,3,1,1,584
2025-07-16,Wednesday,29,3,July     ,2025,Foxglove Media,AUTO ENGLISH,search,1258.98,296.68,0.236,89,76,40,13,687
2025-07-16,Wednesday,29,3,July     ,2025,Quarry Point,FINAL EXPENSE ENGLISH,NULL,598.56,86.30,0.144,43,39,21,4,804
2025-07-16,Wednesday,29,3,July     ,2025,Tidewater Reach,MEDICARE ENGLISH,facebook,725.38,115.68,0.159,55,46,27,9,709
2025-07-16,Wednesday,29,3,July     ,2025,Marigold Digital,MEDICARE ENGLISH,facebook,2161.78,650.41,0.301,101,90,55,11,1094
2025-07-16,Wednesday,29,3,July     ,2025,Slate Harbor Ads,ACA ENGLISH,NULL,362.38,NULL,NULL,19,16,11,3,925
2025-07-16,Wednesday,29,3,July     ,2025,Slate Harbor Ads,MEDICARE ENGLISH,NULL,3463.38,476.46,0.138,222,189,119,33,773
2025-07-16,Wednesday,29,3,July     ,2025,Bellweather Media,MEDICARE ENGLISH,NULL,489.24,95.75,0.196,27,22,12,5,698
2025-07-16,Wednesday,29,3,July     ,2025,Cobalt Grove,MEDICARE ENGLISH,facebook,2117.12,294.01,0.139,153,138,68,15,563
2025-07-16,Wednesday,29,3,July     ,2025,Windrose Performance,AUTO ENGLISH,NULL,451.42,308.60,0.684,25,22,14,3,856
2025-07-16,Wednesday,29,3,July     ,2025,Thornfield Digital,MEDICARE ENGLISH,facebook,557.87,0.59,0.001,39,34,21,5,686
2025-07-16,Wednesday,29,3,July     ,2025,Auburn Peak Media,AUTO INSURANCE ENGLISH,search,156.97,63.02,0.401,11,9,5,2,572
2025-07-16,Wednesday,29,3,July     ,2025,Larkspur Ads,FINAL EXPENSE ENGLISH,NULL,1266.55,99.26,0.078,105,90,50,15,531
2025-07-17,Thursday ,29,3,July     ,2025,Blue Harbor Digital,MEDICARE ENGLISH,search,511.87,80.26,0.157,32,26,15,6,1089
2025-07-17,Thursday ,29,3,July     ,2025,Blue Harbor Digital,MEDICARE SPANISH,search,116.91,26.57,0.227,6,5,2,1,1061
2025-07-17,Thursday ,29,3,July     ,2025,Cedar Lane Ads,ACA ENGLISH,facebook,465.52,96.97,0.208,37,34,23,3,1081
2025-07-17,Thursday ,29,3,July     ,2025,Vertex Reach,MEDICARE ENGLISH,facebook,1043.08,178.49,0.171,71,59,41,12,668
2025-07-17,Thursday ,29,3,July     ,2025,Vertex Reach,FINAL EXPENSE ENGLISH,facebook,497.71,86.54,0.174,40,33,17,7,635
2025-07-17,Thursday ,29,3,July     ,2025,Copperfield Digital,MEDICARE ENGLISH,facebook,243.84,40.69,0.167,14,12,7,2,1006
2025-07-17,Thursday ,29,3,July     ,2025,Bright Meridian,MEDICARE ENGLISH,facebook,2337.78,201.37,0.086,131,109,65,22,1035
2025-07-17,Thursday ,29,3,July     ,2025,Juniper Path,AUTO INSURANCE ENGLISH,search,228.83,12.25,0.054,11,9,5,2,818
2025-07-17,Thursday ,29,3,July     ,2025,Juniper Path,MEDICARE SPANISH,search,123.99,23.78,0.192,6,5,2,1,874
2025-07-17,Thursday ,29,3,July     ,2025,Silverpine Ads,AUTO INSURANCE ENGLISH,facebook,502.64,89.03,0.177,39,34,19,5,1054
2025-07-17,Thursday ,29,3,July     ,2025,Foxglove Media,AUTO ENGLISH,search,941.97,-139.31,-0.148,68,60,41,8,1033
2025-07-17,Thursday ,29,3,July     ,2025,Slate Harbor Ads,ACA ENGLISH,NULL,3560.82,668.90,0.188,179,150,92,29,922
2025-07-17,Thursday ,29,3,July     ,2025,Bellweather Media,MEDICARE ENGLISH,NULL,979.88,187.86,0.192,46,37,22,9,745
2025-07-17,Thursday ,29,3,July     ,2025,Bellweather Media,MEDICARE SPANISH,NULL,118.49,26.06,0.220,7,5,3,2,776
2025-07-17,Thursday ,29,3,July     ,2025,Cobalt Grove,MEDICARE ENGLISH,facebook,549.32,94.54,0.172,31,26,15,5,520
2025-07-17,Thursday ,29,3,July     ,2025,Windrose Performance,AUTO ENGLISH,NULL,316.10,126.90,0.401,14,11,4,3,879
2025-07-17,Thursday ,29,3,July     ,2025,Thornfield Digital,MEDICARE ENGLISH,facebook,499.75,55.21,0.110,33,29,13,4,960
2025-07-17,Thursday ,29,3,July     ,2025,Auburn Peak Media,AUTO INSURANCE ENGLISH,search,129.65,42.01,0.324,8,7,3,1,564
2025-07-17,Thursday ,29,3,July     ,2025,Larkspur Ads,FINAL EXPENSE ENGLISH,NULL,428.56,NULL,NULL,21,19,8,2,615
2025-07-17,Thursday ,29,3,July     ,2025,Mistral Reach,MEDICARE ENGLISH,search,3452.17,895.15,0.259,181,169,117,12,1079
2025-07-18,Friday   ,29,3,July     ,2025,Northwind Media,MEDICARE ENGLISH,youtube,3250.49,147.72,0.045,218,203,99,15,757
2025-07-18,Friday   ,29,3,July     ,2025,Cedar Lane Ads,ACA ENGLISH,facebook,217.57,33.62,0.155,13,11,7,2,597
2025-07-18,Friday   ,29,3,July     ,2025,Vertex Reach,MEDICARE ENGLISH,facebook,1913.15,NULL,NULL,111,95,46,16,1078
2025-07-18,Friday   ,29,3,July     ,2025,Kingfisher Ads,MEDICARE ENGLISH,NULL,883.67,53.92,0.061,71,60,29,11,776
2025-07-18,Friday   ,29,3,July     ,2025,Bright Meridian,MEDICARE ENGLISH,facebook,5561.79,413.93,0.074,307,289,186,18,1027
2025-07-18,Friday   ,29,3,July     ,2025,Sable Creek Media,MEDICARE ENGLISH,facebook,2098.45,77.59,0.037,174,156,102,18,607
2025-07-18,Friday   ,29,3,July     ,2025,Ironwood Digital,ACA ENGLISH,youtube,2864.89,NULL,NULL,198,168,78,30,901
2025-07-18,Friday   ,29,3,July     ,2025,Juniper Path,AUTO INSURANCE ENGLISH,search,394.73,129.74,0.329,18,15,6,3,745
2025-07-18,Friday   ,29,3,July     ,2025,Juniper Path,MEDICARE SPANISH,search,128.68,42.73,0.332,6,5,2,1,753
2025-07-18,Friday   ,29,3,July     ,2025,Halcyon Reach,MEDICARE ENGLISH,search,316.52,63.16,0.200,18,15,10,3,801
2025-07-18,Friday   ,29,3,July     ,2025,Halcyon Reach,MEDICARE SPANISH,search,109.12,19.09,0.175,5,4,2,1,555
2025-07-18,Friday   ,29,3,July     ,2025,Prairie Signal,MEDICARE ENGLISH,youtube,550.50,63.80,0.116,26,22,10,4,671
2025-07-18,Friday   ,29,3,July     ,2025,Onyx Row Media,MEDICARE SPANISH,NULL,76.75,14.57,0.190,4,3,1,1,984
2025-07-18,Friday   ,29,3,July     ,2025,Onyx Row Media,MEDICARE ENGLISH,NULL,549.29,69.45,0.126,45,40,20,5,820
2025-07-18,Friday   ,29,3,July     ,2025,Silverpine Ads,AUTO INSURANCE ENGLISH,facebook,461.33,122.09,0.265,26,23,10,3,640
2025-07-18,Friday   ,29,3,July     ,2025,Quarry Point,FINAL EXPENSE ENGLISH,NULL,843.56,103.04,0.122,46,42,21,4,1017
2025-07-18,Friday   ,29,3,July     ,2025,Tidewater Reach,MEDICARE ENGLISH,facebook,1492.70,223.38,0.150,69,60,28,9,773
2025-07-18,Friday   ,29,3,July     ,2025,Slate Harbor Ads,ACA ENGLISH,NULL,267.93,80.34,0.300,16,14,9,2,608
2025-07-18,Friday   ,29,3,July     ,2025,Slate Harbor Ads,MEDICARE ENGLISH,NULL,2224.82,442.91,0.199,126,103,46,23,1025
2025-07-18,Friday   ,29,3,July     ,2025,Bellweather Media,MEDICARE ENGLISH,NULL,1086.42,212.52,0.196,53,48,28,5,706
2025-07-18,Friday   ,29,3,July     ,2025,Bellweather Media,ACA ENGLISH,NULL,56.47,13.35,0.236,3,2,1,1,1047
2025-07-18,Friday   ,29,3,July     ,2025,Cobalt Grove,MEDICARE ENGLISH,facebook,1040.27,NULL,NULL,52,43,30,9,886
2025-07-18,Friday   ,29,3,July     ,2025,Windrose Performance,AUTO ENGLISH,NULL,548.93,64.15,0.117,38,34,19,4,900
2025-07-18,Friday   ,29,3,July     ,2025,Auburn Peak Media,AUTO INSURANCE ENGLISH,search,86.28,-22.41,-0.260,6,5,2,1,910
2025-07-18,Friday   ,29,3,July     ,2025,Larkspur Ads,FINAL EXPENSE ENGLISH,NULL,1670.65,338.31,0.203,117,98,46,19,505
2025-07-18,Friday   ,29,3,July     ,2025,Granite Bay Digital,MEDICARE ENGLISH,NULL,520.86,105.18,0.202,42,39,26,3,613
2025-07-18,Friday   ,29,3,July     ,2025,Granite Bay Digital,ACA ENGLISH,NULL,91.85,24.97,0.272,4,3,1,1,775
2025-07-21,Monday   ,30,3,July     ,2025,Northwind Media,MEDICARE ENGLISH,youtube,1159.20,181.04,0.156,76,72,47,4,775
2025-07-21,Monday   ,30,3,July     ,2025,Blue Harbor Digital,MEDICARE ENGLISH,search,291.37,57.87,0.199,15,12,8,3,1024
2025-07-21,Monday   ,30,3,July     ,2025,Vertex Reach,MEDICARE ENGLISH,facebook,1014.72,179.61,0.177,63,57,32,6,735
2025-07-21,Monday   ,30,3,July     ,2025,Lantern Media Group,MEDICARE ENGLISH,facebook,6042.18,1662.19,0.275,320,289,139,31,774
2025-07-21,Monday   ,30,3,July     ,2025,Copperfield Digital,MEDICARE ENGLISH,facebook,751.20,170.36,0.227,59,48,21,11,681
2025-07-21,Monday   ,30,3,July     ,2025,Aster Performance,AUTO ENGLISH,youtube,409.34,NULL,NULL,24,20,9,4,844
2025-07-21,Monday   ,30,3,July     ,2025,Kingfisher Ads,MEDICARE ENGLISH,NULL,1772.90,299.73,0.169,107,88,57,19,729
2025-07-21,Monday   ,30,3,July     ,2025,Bright Meridian,MEDICARE ENGLISH,facebook,6439.08,447.29,0.069,304,255,115,49,745
2025-07-21,Monday   ,30,3,July     ,2025,Bright Meridian,AUTO INSURANCE ENGLISH,facebook,522.42,126.90,0.243,38,35,16,3,638
2025-07-21,Monday   ,30,3,July     ,2025,Sable Creek Media,MEDICARE ENGLISH,facebook,1761.99,319.71,0.181,85,72,44,13,900
2025-07-21,Monday   ,30,3,July     ,2025,Ironwood Digital,ACA ENGLISH,youtube,977.19,317.35,0.325,59,50,33,9,851
2025-07-21,Monday   ,30,3,July     ,2025,Juniper Path,AUTO INSURANCE ENGLISH,search,416.56,229.39,0.551,28,23,11,5,842
2025-07-21,Monday   ,30,3,July     ,2025,Juniper Path,MEDICARE SPANISH,search,270.42,71.44,0.264,15,12,7,3,657
2025-07-21,Monday   ,30,3,July     ,2025,Halcyon Reach,MEDICARE ENGLISH,search,380.52,33.32,0.088,17,14,7,3,942
2025-07-21,Monday   ,30,3,July     ,2025,Silverpine Ads,AUTO INSURANCE ENGLISH,facebook,660.41,25.81,0.039,49,41,19,8,1061
2025-07-21,Monday   ,30,3,July     ,2025,Quarry Point,FINAL EXPENSE ENGLISH,NULL,1704.09,174.69,0.103,113,99,69,14,851
2025-07-21,Monday   ,30,3,July     ,2025,Tidewater Reach,MEDICARE ENGLISH,facebook,2518.42,386.79,0.154,143,124,69,19,856
2025-07-21,Monday   ,30,3,July     ,2025,Slate Harbor Ads,ACA ENGLISH,NULL,301.99,61.18,0.203,19,17,10,2,769
2025-07-21,Monday   ,30,3,July     ,2025,Cobalt Grove,MEDICARE ENGLISH,facebook,838.61,105.33,0.126,43,37,18,6,680
2025-07-21,Monday   ,30,3,July     ,2025,Windrose Performance,AUTO ENGLISH,NULL,619.36,49.44,0.080,35,28,19,7,625
2025-07-21,Monday   ,30,3,July     ,2025,Windrose Performance,MEDICARE ENGLISH,NULL,864.69,NULL,NULL,39,33,17,6,565
2025-07-21,Monday   ,30,3,July     ,2025,Thornfield Digital,MEDICARE ENGLISH,facebook,1512.79,302.53,0.200,78,70,37,8,954
2025-07-21,Monday   ,30,3,July     ,2025,Auburn Peak Media,AUTO INSURANCE ENGLISH,search,135.59,40.42,0.298,8,6,2,2,1086
2025-07-21,Monday   ,30,3,July     ,2025,Granite Bay Digital,MEDICARE ENGLISH,NULL,488.74,88.94,0.182,33,28,18,5,520
2025-07-21,Monday   ,30,3,July     ,2025,Granite Bay Digital,ACA ENGLISH,NULL,89.82,22.29,0.248,4,3,1,1,681
2025-07-21,Monday   ,30,3,July     ,2025,Mistral Reach,MEDICARE ENGLISH,search,3315.88,590.09,0.178,274,226,117,48,967
2025-07-22,Tuesday  ,30,3,July     ,2025,Northwind Media,MEDICARE ENGLISH,youtube,3531.94,318.17,0.090,252,212,130,40,647
2025-07-22,Tuesday  ,30,3,July     ,2025,Blue Harbor Digital,MEDICARE ENGLISH,search,553.76,95.35,0.172,40,34,19,6,565
2025-07-22,Tuesday  ,30,3,July     ,2025,Cedar Lane Ads,ACA ENGLISH,facebook,150.33,29.20,0.194,10,9,6,1,1037
2025-07-22,Tuesday  ,30,3,July     ,2025,Copperfield Digital,MEDICARE ENGLISH,facebook,378.45,47.99,0.127,18,16,9,2,1019
2025-07-22,Tuesday  ,30,3,July     ,2025,Copperfield Digital,ACA ENGLISH,facebook,76.86,18.06,0.235,4,3,2,1,839
2025-07-22,Tuesday  ,30,3,July     ,2025,Kingfisher Ads,MEDICARE ENGLISH,NULL,2076.14,382.76,0.184,96,83,49,13,641
2025-07-22,Tuesday  ,30,3,July     ,2025,Bright Meridian,MEDICARE ENGLISH,facebook,4932.62,785.89,0.159,253,235,139,18,841
2025-07-22,Tuesday  ,30,3,July     ,2025,Bright Meridian,AUTO INSURANCE ENGLISH,facebook,740.80,368.58,0.498,39,31,20,8,1076
2025-07-22,Tuesday  ,30,3,July     ,2025,Sable Creek Media,MEDICARE ENGLISH,facebook,728.22,NULL,NULL,58,54,25,4,863
2025-07-22,Tuesday  ,30,3,July     ,2025,Ironwood Digital,ACA ENGLISH,youtube,2553.12,546.67,0.214,119,102,65,17,575
2025-07-22,Tuesday  ,30,3,July     ,2025,Juniper Path,AUTO INSURANCE ENGLISH,search,1182.74,294.65,0.249,69,58,29,11,820
2025-07-22,Tuesday  ,30,3,July     ,2025,Halcyon Reach,MEDICARE ENGLISH,search,1233.25,71.33,0.058,79,65,39,14,752
2025-07-22,Tuesday  ,30,3,July     ,2025,Foxglove Media,AUTO ENGLISH,search,661.99,49.95,0.075,35,30,15,5,916
2025-07-22,Tuesday  ,30,3,July     ,2025,Quarry Point,FINAL EXPENSE ENGLISH,NULL,781.43,201.67,0.258,37,33,23,4,562
2025-07-22,Tuesday  ,30,3,July     ,2025,Tidewater Reach,MEDICARE ENGLISH,facebook,1534.86,181.51,0.118,110,98,61,12,655
2025-07-22,Tuesday  ,30,3,July     ,2025,Marigold Digital,MEDICARE ENGLISH,facebook,2688.04,903.62,0.336,177,158,82,19,846
2025-07-22,Tuesday  ,30,3,July     ,2025,Slate Harbor Ads,ACA ENGLISH,NULL,708.13,114.38,0.162,51,46,31,5,883
2025-07-22,Tuesday  ,30,3,July     ,2025,Slate Harbor Ads,MEDICARE ENGLISH,NULL,4625.61,953.84,0.206,348,304,204,44,804
2025-07-22,Tuesday  ,30,3,July     ,2025,Cobalt Grove,MEDICARE ENGLISH,facebook,2283.51,212.89,0.093,119,98,55,21,599
2025-07-22,Tuesday  ,30,3,July     ,2025,Windrose Performance,AUTO ENGLISH,NULL,411.06,NULL,NULL,24,22,15,2,726
2025-07-23,Wednesday,30,3,July     ,2025,Northwind Media,MEDICARE ENGLISH,youtube,1693.96,216.13,0.128,90,83,50,7,711
2025-07-23,Wednesday,30,3,July     ,2025,Blue Harbor Digital,MEDICARE ENGLISH,search,232.96,43.51,0.187,19,15,7,4,526
2025-07-23,Wednesday,30,3,July     ,2025,Blue Harbor Digital,MEDICARE SPANISH,search,164.65,56.48,0.343,9,8,3,1,853
2025-07-23,Wednesday,30,3,July     ,2025,Cedar Lane Ads,ACA ENGLISH,facebook,539.73,78.33,0.145,44,40,19,4,899
2025-07-23,Wednesday,30,3,July     ,2025,Lantern Media Group,MEDICARE ENGLISH,facebook,3580.24,377.00,0.105,188,169,82,19,898
2025-07-23,Wednesday,30,3,July     ,2025,Copperfield Digital,MEDICARE ENGLISH,facebook,1406.18,244.35,0.174,110,96,50,14,1044
2025-07-23,Wednesday,30,3,July     ,2025,Copperfield Digital,ACA ENGLISH,facebook,139.66,NULL,NULL,9,8,4,1,1071
2025-07-23,Wednesday,30,3,July     ,2025,Aster Performance,AUTO ENGLISH,youtube,633.63,NULL,NULL,34,29,16,5,894
2025-07-23,Wednesday,30,3,July     ,2025,Kingfisher Ads,MEDICARE ENGLISH,NULL,2087.96,297.89,0.143,104,93,61,11,696
2025-07-23,Wednesday,30,3,July     ,2025,Sable Creek Media,MEDICARE ENGLISH,facebook,703.00,108.14,0.154,33,30,17,3,1070
2025-07-23,Wednesday,30,3,July     ,2025,Ironwood Digital,ACA ENGLISH,youtube,1106.25,341.91,0.309,64,53,37,11,935
2025-07-23,Wednesday,30,3,July     ,2025,Ironwood Digital,MEDICARE ENGLISH,youtube,5690.70,1251.32,0.220,467,406,258,61,600
2025-07-23,Wednesday,30,3,July     ,2025,Juniper Path,AUTO INSURANCE ENGLISH,search,425.29,NULL,NULL,27,22,15,5,1060
2025-07-23,Wednesday,30,3,July     ,2025,Juniper Path,MEDICARE SPANISH,search,337.99,76.16,0.225,25,23,10,2,988
2025-07-23,Wednesday,30,3,July     ,2025,Halcyon Reach,MEDICARE SPANISH,search,83.77,13.47,0.161,4,3,1,1,612
2025-07-23,Wednesday,30,3,July     ,2025,Prairie Signal,MEDICARE ENGLISH,youtube,429.82,NULL,NULL,24,20,13,4,931
2025-07-23,Wednesday,30,3,July     ,2025,Silverpine Ads,AUTO INSURANCE ENGLISH,facebook,553.79,61.86,0.112,36,30,17,6,906
2025-07-23,Wednesday,30,3,July     ,2025,Ember Lane Digital,MEDICARE ENGLISH,facebook,1471.55,229.26,0.156,95,87,46,8,716
2025-07-23,Wednesday,30,3,July     ,2025,Foxglove Media,AUTO ENGLISH,search,634.86,19.20,0.030,34,29,17,5,530
2025-07-23,Wednesday,30,3,July     ,2025,Quarry Point,FINAL EXPENSE ENGLISH,NULL,637.74,117.91,0.185,44,36,20,8,1032
2025-07-23,Wednesday,30,3,July     ,2025,Tidewater Reach,MEDICARE ENGLISH,facebook,912.34,105.08,0.115,56,45,20,11,885
2025-07-23,Wednesday,30,3,July     ,2025,Slate Harbor Ads,ACA ENGLISH,NULL,644.69,88.87,0.138,39,33,20,6,885
2025-07-23,Wednesday,30,3,July     ,2025,Bellweather Media,MEDICARE ENGLISH,NULL,372.36,35.74,0.096,19,16,8,3,939
2025-07-23,Wednesday,30,3,July     ,2025,Bellweather Media,MEDICARE SPANISH,NULL,181.23,49.71,0.274,10,9,4,1,699
2025-07-23,Wednesday,30,3,July     ,2025,Windrose Performance,AUTO ENGLISH,NULL,477.37,154.36,0.323,31,26,15,5,695
2025-07-23,Wednesday,30,3,July     ,2025,Auburn Peak Media,FINAL EXPENSE ENGLISH,search,138.99,NULL,NULL,11,9,5,2,703
2025-07-23,Wednesday,30,3,July     ,2025,Larkspur Ads,FINAL EXPENSE ENGLISH,NULL,994.99,214.68,0.216,48,43,23,5,892
2025-07-24,Thursday ,30,3,July     ,2025,Northwind Media,MEDICARE ENGLISH,youtube,1061.60,114.12,0.107,80,74,40,6,1007
2025-07-24,Thursday ,30,3,July     ,2025,Cedar Lane Ads,ACA ENGLISH,facebook,337.47,83.60,0.248,21,19,13,2,1036
2025-07-24,Thursday ,30,3,July     ,2025,Vertex Reach,MEDICARE ENGLISH,facebook,993.97,NULL,NULL,73,62,39,11,817
2025-07-24,Thursday ,30,3,July     ,2025,Vertex Reach,FINAL EXPENSE ENGLISH,facebook,513.22,92.33,0.180,24,21,12,3,823
2025-07-24,Thursday ,30,3,July     ,2025,Copperfield Digital,MEDICARE ENGLISH,facebook,338.44,30.20,0.089,17,16,8,1,794
2025-07-24,Thursday ,30,3,July     ,2025,Copperfield Digital,ACA ENGLISH,facebook,199.73,30.32,0.152,10,8,5,2,803
2025-07-24,Thursday ,30,3,July     ,2025,Bright Meridian,MEDICARE ENGLISH,facebook,3244.74,318.18,0.098,189,159,72,30,699
2025-07-24,Thursday ,30,3,July     ,2025,Ironwood Digital,ACA ENGLISH,youtube,4918.32,1093.97,0.222,384,334,156,50,1038
2025-07-24,Thursday ,30,3,July     ,2025,Halcyon Reach,MEDICARE ENGLISH,search,2318.06,358.51,0.155,117,110,75,7,1075
2025-07-24,Thursday ,30,3,July     ,2025,Prairie Signal,MEDICARE ENGLISH,youtube,403.52,71.60,0.177,28,24,13,4,529
2025-07-24,Thursday ,30,3,July     ,2025,Silverpine Ads,AUTO INSURANCE ENGLISH,facebook,711.67,NULL,NULL,34,31,17,3,796
2025-07-24,Thursday ,30,3,July     ,2025,Ember Lane Digital,MEDICARE ENGLISH,facebook,1852.82,456.04,0.246,116,99,68,17,690
2025-07-24,Thursday ,30,3,July     ,2025,Foxglove Media,AUTO ENGLISH,search,1004.18,-175.87,-0.175,50,46,23,4,610
2025-07-24,Thursday ,30,3,July     ,2025,Quarry Point,FINAL EXPENSE ENGLISH,NULL,1115.30,266.98,0.239,55,51,33,4,968
2025-07-24,Thursday ,30,3,July     ,2025,Tidewater Reach,MEDICARE ENGLISH,facebook,1553.16,192.96,0.124,94,86,60,8,779
2025-07-24,Thursday ,30,3,July     ,2025,Marigold Digital,MEDICARE ENGLISH,facebook,5426.64,1895.46,0.349,315,298,148,17,528
2025-07-24,Thursday ,30,3,July     ,2025,Slate Harbor Ads,ACA ENGLISH,NULL,442.30,94.16,0.213,22,19,13,3,671
2025-07-24,Thursday ,30,3,July     ,2025,Slate Harbor Ads,MEDICARE ENGLISH,NULL,3080.94,491.92,0.160,140,118,67,22,565
2025-07-24,Thursday ,30,3,July     ,2025,Windrose Performance,AUTO ENGLISH,NULL,390.93,-62.45,-0.160,31,26,15,5,722
2025-07-24,Thursday ,30,3,July     ,2025,Thornfield Digital,MEDICARE ENGLISH,facebook,892.52,NULL,NULL,43,36,20,7,867
2025-07-24,Thursday ,30,3,July     ,2025,Larkspur Ads,FINAL EXPENSE ENGLISH,NULL,1006.27,250.08,0.249,48,41,28,7,643
2025-07-24,Thursday ,30,3,July     ,2025,Mistral Reach,MEDICARE ENGLISH,search,2213.69,488.68,0.221,133,116,57,17,983
2025-07-25,Friday   ,30,3,July     ,2025,Northwind Media,MEDICARE ENGLISH,youtube,1378.13,257.73,0.187,75,64,31,11,735
2025-07-25,Friday   ,30,3,July     ,2025,Blue Harbor Digital,MEDICARE ENGLISH,search,519.58,NULL,NULL,23,21,11,2,895
2025-07-25,Friday   ,30,3,July     ,2025,Blue Harbor Digital,MEDICARE SPANISH,search,166.53,NULL,NULL,8,7,3,1,684
2025-07-25,Friday   ,30,3,July     ,2025,Cedar Lane Ads,ACA ENGLISH,facebook,289.18,40.25,0.139,18,15,9,3,963
2025-07-25,Friday   ,30,3,July     ,2025,Vertex Reach,MEDICARE ENGLISH,facebook,1457.82,228.15,0.157,92,82,56,10,1070
2025-07-25,Friday   ,30,3,July     ,2025,Vertex Reach,FINAL EXPENSE ENGLISH,facebook,750.14,112.28,0.150,51,43,28,8,1074
2025-07-25,Friday   ,30,3,July     ,2025,Copperfield Digital,MEDICARE ENGLISH,facebook,289.97,51.72,0.178,21,19,11,2,958
2025-07-25,Friday   ,30,3,July     ,2025,Aster Performance,AUTO ENGLISH,youtube,431.54,NULL,NULL,25,22,11,3,795
2025-07-25,Friday   ,30,3,July     ,2025,Bright Meridian,MEDICARE ENGLISH,facebook,1923.32,312.96,0.163,131,123,55,8,968
2025-07-25,Friday   ,30,3,July     ,2025,Sable Creek Media,MEDICARE ENGLISH,facebook,1426.50,132.16,0.093,88,83,52,5,989
2025-07-25,Friday   ,30,3,July     ,2025,Ironwood Digital,ACA ENGLISH,youtube,3168.48,501.33,0.158,224,199,141,25,1075
2025-07-25,Friday   ,30,3,July     ,2025,Halcyon Reach,MEDICARE ENGLISH,search,1352.24,201.14,0.149,70,64,29,6,576
2025-07-25,Friday   ,30,3,July     ,2025,Prairie Signal,MEDICARE ENGLISH,youtube,714.12,79.83,0.112,57,49,28,8,969
2025-07-25,Friday   ,30,3,July     ,2025,Onyx Row Media,AUTO ENGLISH,NULL,111.84,37.59,0.336,7,6,3,1,698
2025-07-25,Friday   ,30,3,July     ,2025,Onyx Row Media,MEDICARE ENGLISH,NULL,451.67,NULL,NULL,22,18,11,4,745
2025-07-25,Friday   ,30,3,July     ,2025,Silverpine Ads,AUTO INSURANCE ENGLISH,facebook,695.84,108.12,0.155,41,38,18,3,924
2025-07-25,Friday   ,30,3,July     ,2025,Ember Lane Digital,MEDICARE ENGLISH,facebook,1559.98,291.78,0.187,101,94,57,7,895
2025-07-25,Friday   ,30,3,July     ,2025,Quarry Point,FINAL EXPENSE ENGLISH,NULL,731.56,35.56,0.049,41,37,18,4,848
2025-07-25,Friday   ,30,3,July     ,2025,Tidewater Reach,MEDICARE ENGLISH,facebook,1294.92,127.35,0.098,73,66,34,7,953
2025-07-25,Friday   ,30,3,July     ,2025,Slate Harbor Ads,ACA ENGLISH,NULL,1096.97,112.30,0.102,55,51,25,4,665
2025-07-25,Friday   ,30,3,July     ,2025,Bellweather Media,MEDICARE ENGLISH,NULL,372.63,56.17,0.151,27,22,13,5,671
2025-07-25,Friday   ,30,3,July     ,2025,Cobalt Grove,MEDICARE ENGLISH,facebook,2348.05,562.10,0.239,147,139,93,8,520
2025-07-25,Friday   ,30,3,July     ,2025,Windrose Performance,AUTO ENGLISH,NULL,424.97,126.15,0.297,21,17,8,4,1052
2025-07-25,Friday   ,30,3,July     ,2025,Thornfield Digital,MEDICARE ENGLISH,facebook,678.92,154.54,0.228,37,34,15,3,1015
2025-07-25,Friday   ,30,3,July     ,2025,Auburn Peak Media,AUTO INSURANCE ENGLISH,search,56.13,1.96,0.035,4,3,1,1,1068
2025-07-25,Friday   ,30,3,July     ,2025,Auburn Peak Media,FINAL EXPENSE ENGLISH,search,320.09,74.24,0.232,22,18,8,4,622
2025-07-28,Monday   ,31,3,July     ,2025,Northwind Media,MEDICARE ENGLISH,youtube,1710.73,182.79,0.107,94,81,54,13,912
2025-07-28,Monday   ,31,3,July     ,2025,Blue Harbor Digital,MEDICARE ENGLISH,search,277.61,NULL,NULL,14,12,6,2,891
2025-07-28,Monday   ,31,3,July     ,2025,Blue Harbor Digital,MEDICARE SPANISH,search,86.22,29.33,0.340,6,5,3,1,843
2025-07-28,Monday   ,31,3,July     ,2025,Cedar Lane Ads,ACA ENGLISH,facebook,80.78,16.45,0.204,4,3,2,1,711
2025-07-28,Monday   ,31,3,July     ,2025,Vertex Reach,MEDICARE ENGLISH,facebook,1355.51,187.35,0.138,74,65,32,9,1019
2025-07-28,Monday   ,31,3,July     ,2025,Vertex Reach,FINAL EXPENSE ENGLISH,facebook,326.44,NULL,NULL,16,14,6,2,690
2025-07-28,Monday   ,31,3,July     ,2025,Copperfield Digital,MEDICARE ENGLISH,facebook,238.17,19.84,0.083,16,13,8,3,663
2025-07-28,Monday   ,31,3,July     ,2025,Sable Creek Media,MEDICARE ENGLISH,facebook,1064.91,246.04,0.231,77,69,37,8,843
2025-07-28,Monday   ,31,3,July     ,2025,Sable Creek Media,FINAL EXPENSE ENGLISH,facebook,516.06,114.01,0.221,41,35,18,6,711
2025-07-28,Monday   ,31,3,July     ,2025,Ironwood Digital,ACA ENGLISH,youtube,3058.09,609.23,0.199,173,161,112,12,876
2025-07-28,Monday   ,31,3,July     ,2025,Juniper Path,AUTO INSURANCE ENGLISH,search,603.32,-20.81,-0.034,27,22,14,5,1056
2025-07-28,Monday   ,31,3,July     ,2025,Halcyon Reach,MEDICARE ENGLISH,search,545.47,81.21,0.149,27,23,15,4,982
2025-07-28,Monday   ,31,3,July     ,2025,Prairie Signal,MEDICARE ENGLISH,youtube,437.10,93.49,0.214,30,27,15,3,632
2025-07-28,Monday   ,31,3,July     ,2025,Onyx Row Media,MEDICARE SPANISH,NULL,45.26,11.55,0.255,2,1,0,1,963
2025-07-28,Monday   ,31,3,July     ,2025,Silverpine Ads,AUTO INSURANCE ENGLISH,facebook,1149.71,176.97,0.154,58,52,26,6,633
2025-07-28,Monday   ,31,3,July     ,2025,Foxglove Media,AUTO ENGLISH,search,1362.23,371.81,0.273,73,66,46,7,902
2025-07-28,Monday   ,31,3,July     ,2025,Slate Harbor Ads,ACA ENGLISH,NULL,630.78,125.34,0.199,51,43,30,8,910
2025-07-28,Monday   ,31,3,July     ,2025,Cobalt Grove,MEDICARE ENGLISH,facebook,1673.63,94.37,0.056,131,108,74,23,773
2025-07-28,Monday   ,31,3,July     ,2025,Windrose Performance,AUTO ENGLISH,NULL,157.98,-34.29,-0.217,8,7,4,1,648
2025-07-28,Monday   ,31,3,July     ,2025,Thornfield Digital,MEDICARE ENGLISH,facebook,703.43,124.09,0.176,48,41,19,7,704
2025-07-28,Monday   ,31,3,July     ,2025,Auburn Peak Media,AUTO INSURANCE ENGLISH,search,141.86,NULL,NULL,7,6,4,1,527
2025-07-28,Monday   ,31,3,July     ,2025,Auburn Peak Media,FINAL EXPENSE ENGLISH,search,58.09,13.37,0.230,4,3,1,1,527
2025-07-28,Monday   ,31,3,July     ,2025,Mistral Reach,MEDICARE ENGLISH,search,3158.10,NULL,NULL,178,148,102,30,754
2025-07-29,Tuesday  ,31,3,July     ,2025,Northwind Media,MEDICARE ENGLISH,youtube,2326.90,495.14,0.213,130,121,67,9,960
2025-07-29,Tuesday  ,31,3,July     ,2025,Blue Harbor Digital,MEDICARE ENGLISH,search,329.00,57.25,0.174,19,17,9,2,1076
2025-07-29,Tuesday  ,31,3,July     ,2025,Blue Harbor Digital,MEDICARE SPANISH,search,172.25,38.80,0.225,12,11,5,1,710
2025-07-29,Tuesday  ,31,3,July     ,2025,Cedar Lane Ads,ACA ENGLISH,facebook,382.85,65.01,0.170,18,15,7,3,527
2025-07-29,Tuesday  ,31,3,July     ,2025,Vertex Reach,MEDICARE ENGLISH,facebook,4334.75,174.24,0.040,288,244,168,44,876
2025-07-29,Tuesday  ,31,3,July     ,2025,Copperfield Digital,MEDICARE ENGLISH,facebook,373.48,73.50,0.197,27,22,11,5,1093
2025-07-29,Tuesday  ,31,3,July     ,2025,Kingfisher Ads,MEDICARE ENGLISH,NULL,1762.26,NULL,NULL,127,116,73,11,1013
2025-07-29,Tuesday  ,31,3,July     ,2025,Sable Creek Media,MEDICARE ENGLISH,facebook,2067.69,97.68,0.047,131,112,75,19,849
2025-07-29,Tuesday  ,31,3,July     ,2025,Ironwood Digital,ACA ENGLISH,youtube,1281.58,272.00,0.212,83,74,39,9,689
2025-07-29,Tuesday  ,31,3,July     ,2025,Juniper Path,AUTO INSURANCE ENGLISH,search,596.19,343.74,0.577,49,41,18,8,631
2025-07-29,Tuesday  ,31,3,July     ,2025,Halcyon Reach,MEDICARE ENGLISH,search,901.61,112.49,0.125,41,37,22,4,885
2025-07-29,Tuesday  ,31,3,July     ,2025,Halcyon Reach,MEDICARE SPANISH,search,252.93,59.81,0.236,20,17,8,3,502
2025-07-29,Tuesday  ,31,3,July     ,2025,Onyx Row Media,MEDICARE SPANISH,NULL,60.37,20.46,0.339,4,3,2,1,737
2025-07-29,Tuesday  ,31,3,July     ,2025,Onyx Row Media,AUTO ENGLISH,NULL,197.14,64.22,0.326,11,9,6,2,972
2025-07-29,Tuesday  ,31,3,July     ,2025,Onyx Row Media,MEDICARE ENGLISH,NULL,293.31,15.01,0.051,17,14,7,3,528
2025-07-29,Tuesday  ,31,3,July     ,2025,Silverpine Ads,AUTO INSURANCE ENGLISH,facebook,686.01,228.09,0.332,34,28,18,6,936
2025-07-29,Tuesday  ,31,3,July     ,2025,Quarry Point,FINAL EXPENSE ENGLISH,NULL,665.05,64.77,0.097,32,28,13,4,815
2025-07-29,Tuesday  ,31,3,July     ,2025,Slate Harbor Ads,ACA ENGLISH,NULL,933.44,202.53,0.217,43,38,26,5,619
2025-07-29,Tuesday  ,31,3,July     ,2025,Cobalt Grove,MEDICARE ENGLISH,facebook,593.69,80.30,0.135,37,32,15,5,520
2025-07-29,Tuesday  ,31,3,July     ,2025,Windrose Performance,AUTO ENGLISH,NULL,335.50,111.28,0.332,16,13,7,3,601
2025-07-29,Tuesday  ,31,3,July     ,2025,Windrose Performance,MEDICARE ENGLISH,NULL,872.40,113.02,0.130,68,59,27,9,983
2025-07-29,Tuesday  ,31,3,July     ,2025,Auburn Peak Media,AUTO INSURANCE ENGLISH,search,111.64,24.03,0.215,6,5,2,1,806
2025-07-29,Tuesday  ,31,3,July     ,2025,Mistral Reach,MEDICARE ENGLISH,search,6880.95,937.43,0.136,462,425,293,37,1038
2025-07-30,Wednesday,31,3,July     ,2025,Northwind Media,MEDICARE ENGLISH,youtube,980.47,135.36,0.138,53,48,28,5,962
2025-07-30,Wednesday,31,3,July     ,2025,Blue Harbor Digital,MEDICARE ENGLISH,search,492.83,162.68,0.330,28,25,12,3,587
2025-07-30,Wednesday,31,3,July     ,2025,Cedar Lane Ads,ACA ENGLISH,facebook,419.79,68.54,0.163,23,19,9,4,693
2025-07-30,Wednesday,31,3,July     ,2025,Copperfield Digital,MEDICARE ENGLISH,facebook,212.95,29.62,0.139,9,7,4,2,724
2025-07-30,Wednesday,31,3,July     ,2025,Aster Performance,AUTO ENGLISH,youtube,1034.37,45.44,0.044,54,46,30,8,909
2025-07-30,Wednesday,31,3,July     ,2025,Kingfisher Ads,MEDICARE ENGLISH,NULL,2313.81,279.04,0.121,162,149,88,13,807
2025-07-30,Wednesday,31,3,July     ,2025,Bright Meridian,MEDICARE ENGLISH,facebook,4898.35,1336.42,0.273,240,223,122,17,748
2025-07-30,Wednesday,31,3,July     ,2025,Bright Meridian,AUTO INSURANCE ENGLISH,facebook,539.42,244.49,0.453,34,29,15,5,905
2025-07-30,Wednesday,31,3,July     ,2025,Sable Creek Media,MEDICARE ENGLISH,facebook,1055.96,NULL,NULL,80,71,41,9,1034
2025-07-30,Wednesday,31,3,July     ,2025,Ironwood Digital,ACA ENGLISH,youtube,2211.10,465.63,0.211,137,115,77,22,733
2025-07-30,Wednesday,31,3,July     ,2025,Juniper Path,AUTO INSURANCE ENGLISH,search,113.07,-0.46,-0.004,6,5,3,1,1001
2025-07-30,Wednesday,31,3,July     ,2025,Halcyon Reach,MEDICARE ENGLISH,search,1092.44,265.98,0.243,88,83,39,5,865
2025-07-30,Wednesday,31,3,July     ,2025,Halcyon Reach,MEDICARE SPANISH,search,425.29,63.59,0.150,30,25,14,5,764
2025-07-30,Wednesday,31,3,July     ,2025,Silverpine Ads,AUTO INSURANCE ENGLISH,facebook,677.94,-87.79,-0.129,47,42,19,5,847
2025-07-30,Wednesday,31,3,July     ,2025,Silverpine Ads,AUTO ENGLISH,facebook,553.29,295.67,0.534,30,26,18,4,555
2025-07-30,Wednesday,31,3,July     ,2025,Quarry Point,FINAL EXPENSE ENGLISH,NULL,2608.97,524.88,0.201,131,113,76,18,710
2025-07-30,Wednesday,31,3,July     ,2025,Marigold Digital,MEDICARE ENGLISH,facebook,2803.78,673.89,0.240,132,111,54,21,905
2025-07-30,Wednesday,31,3,July     ,2025,Slate Harbor Ads,ACA ENGLISH,NULL,505.06,89.81,0.178,23,19,10,4,827
2025-07-30,Wednesday,31,3,July     ,2025,Slate Harbor Ads,MEDICARE ENGLISH,NULL,2474.47,447.81,0.181,143,133,76,10,909
2025-07-30,Wednesday,31,3,July     ,2025,Cobalt Grove,MEDICARE ENGLISH,facebook,4260.09,513.12,0.120,294,270,175,24,879
2025-07-30,Wednesday,31,3,July     ,2025,Windrose Performance,AUTO ENGLISH,NULL,473.47,95.36,0.201,36,31,20,5,633
2025-07-30,Wednesday,31,3,July     ,2025,Auburn Peak Media,AUTO INSURANCE ENGLISH,search,58.17,NULL,NULL,3,2,1,1,738
2025-07-30,Wednesday,31,3,July     ,2025,Auburn Peak Media,FINAL EXPENSE ENGLISH,search,155.27,34.35,0.221,8,7,4,1,892
2025-07-30,Wednesday,31,3,July     ,2025,Larkspur Ads,FINAL EXPENSE ENGLISH,NULL,1361.31,NULL,NULL,72,68,46,4,746
2025-07-31,Thursday ,31,3,July     ,2025,Northwind Media,MEDICARE ENGLISH,youtube,1245.08,450.75,0.362,98,87,54,11,552
2025-07-31,Thursday ,31,3,July     ,2025,Blue Harbor Digital,MEDICARE ENGLISH,search,371.31,57.15,0.154,17,14,7,3,674
2025-07-31,Thursday ,31,3,July     ,2025,Cedar Lane Ads,ACA ENGLISH,facebook,509.98,55.90,0.110,35,32,20,3,861
2025-07-31,Thursday ,31,3,July     ,2025,Lantern Media Group,MEDICARE ENGLISH,facebook,3031.37,NULL,NULL,223,189,107,34,945
2025-07-31,Thursday ,31,3,July     ,2025,Copperfield Digital,MEDICARE ENGLISH,facebook,378.53,NULL,NULL,18,15,8,3,644
2025-07-31,Thursday ,31,3,July     ,2025,Aster Performance,AUTO ENGLISH,youtube,644.28,227.82,0.354,36,33,20,3,740
2025-07-31,Thursday ,31,3,July     ,2025,Ironwood Digital,ACA ENGLISH,youtube,1257.70,NULL,NULL,60,55,25,5,804
2025-07-31,Thursday ,31,3,July     ,2025,Juniper Path,AUTO INSURANCE ENGLISH,search,476.32,NULL,NULL,27,25,17,2,827
2025-07-31,Thursday ,31,3,July     ,2025,Juniper Path,MEDICARE SPANISH,search,103.95,24.30,0.234,6,5,2,1,701
2025-07-31,Thursday ,31,3,July     ,2025,Halcyon Reach,MEDICARE ENGLISH,search,1085.26,51.78,0.048,77,68,42,9,856
2025-07-31,Thursday ,31,3,July     ,2025,Onyx Row Media,MEDICARE SPANISH,NULL,38.85,7.12,0.183,2,1,0,1,590
2025-07-31,Thursday ,31,3,July     ,2025,Onyx Row Media,AUTO ENGLISH,NULL,139.78,62.62,0.448,9,7,3,2,863
2025-07-31,Thursday ,31,3,July     ,2025,Silverpine Ads,AUTO INSURANCE ENGLISH,facebook,624.79,101.42,0.162,28,25,15,3,768
2025-07-31,Thursday ,31,3,July     ,2025,Ember Lane Digital,MEDICARE ENGLISH,facebook,1749.99,230.33,0.132,99,85,55,14,822
2025-07-31,Thursday ,31,3,July     ,2025,Foxglove Media,AUTO ENGLISH,search,678.54,NULL,NULL,47,40,23,7,1071
2025-07-31,Thursday ,31,3,July     ,2025,Tidewater Reach,MEDICARE ENGLISH,facebook,611.90,163.88,0.268,36,32,16,4,589
2025-07-31,Thursday ,31,3,July     ,2025,Marigold Digital,MEDICARE ENGLISH,facebook,4193.87,1181.00,0.282,334,311,179,23,1063
2025-07-31,Thursday ,31,3,July     ,2025,Slate Harbor Ads,ACA ENGLISH,NULL,1604.17,299.58,0.187,108,91,58,17,661
2025-07-31,Thursday ,31,3,July     ,2025,Bellweather Media,MEDICARE ENGLISH,NULL,492.83,93.64,0.190,35,31,18,4,650
2025-07-31,Thursday ,31,3,July     ,2025,Bellweather Media,ACA ENGLISH,NULL,168.54,39.77,0.236,8,6,3,2,1095
2025-07-31,Thursday ,31,3,July     ,2025,Windrose Performance,AUTO ENGLISH,NULL,591.54,419.99,0.710,39,34,21,5,1080
2025-07-31,Thursday ,31,3,July     ,2025,Auburn Peak Media,AUTO INSURANCE ENGLISH,search,151.31,26.46,0.175,9,7,4,2,871
2025-07-31,Thursday ,31,3,July     ,2025,Auburn Peak Media,FINAL EXPENSE ENGLISH,search,133.66,26.02,0.195,9,7,4,2,841
2025-07-31,Thursday ,31,3,July     ,2025,Mistral Reach,MEDICARE ENGLISH,search,11470.70,NULL,NULL,822,778,446,44,1090
2025-08-01,Friday   ,31,3,August   ,2025,Northwind Media,MEDICARE ENGLISH,youtube,2054.79,167.82,0.082,118,98,55,20,989
2025-08-01,Friday   ,31,3,August   ,2025,Cedar Lane Ads,ACA ENGLISH,facebook,282.20,NULL,NULL,14,13,7,1,933
2025-08-01,Friday   ,31,3,August   ,2025,Copperfield Digital,MEDICARE ENGLISH,facebook,618.49,65.65,0.106,29,26,17,3,769
2025-08-01,Friday   ,31,3,August   ,2025,Ironwood Digital,ACA ENGLISH,youtube,1251.46,238.58,0.191,87,75,49,12,915
2025-08-01,Friday   ,31,3,August   ,2025,Ironwood Digital,MEDICARE ENGLISH,youtube,2818.30,490.31,0.174,146,123,78,23,1014
2025-08-01,Friday   ,31,3,August   ,2025,Juniper Path,AUTO INSURANCE ENGLISH,search,232.66,NULL,NULL,12,11,6,1,697
2025-08-01,Friday   ,31,3,August   ,2025,Halcyon Reach,MEDICARE ENGLISH,search,760.43,62.25,0.082,48,41,26,7,782
2025-08-01,Friday   ,31,3,August   ,2025,Prairie Signal,MEDICARE ENGLISH,youtube,267.17,33.61,0.126,13,10,6,3,915
2025-08-01,Friday   ,31,3,August   ,2025,Prairie Signal,ACA ENGLISH,youtube,166.18,48.22,0.290,9,8,4,1,807
2025-08-01,Friday   ,31,3,August   ,2025,Foxglove Media,AUTO ENGLISH,search,1274.97,905.23,0.710,72,65,40,7,1091
2025-08-01,Friday   ,31,3,August   ,2025,Quarry Point,FINAL EXPENSE ENGLISH,NULL,1628.02,NULL,NULL,114,94,59,20,876
2025-08-01,Friday   ,31,3,August   ,2025,Tidewater Reach,MEDICARE ENGLISH,facebook,526.10,56.87,0.108,29,25,15,4,935
2025-08-01,Friday   ,31,3,August   ,2025,Slate Harbor Ads,ACA ENGLISH,NULL,489.25,125.52,0.257,39,35,16,4,720
2025-08-01,Friday   ,31,3,August   ,2025,Windrose Performance,AUTO ENGLISH,NULL,350.42,66.39,0.189,26,21,13,5,764
2025-08-01,Friday   ,31,3,August   ,2025,Thornfield Digital,MEDICARE ENGLISH,facebook,1633.77,235.70,0.144,87,80,43,7,693
2025-08-01,Friday   ,31,3,August   ,2025,Larkspur Ads,FINAL EXPENSE ENGLISH,NULL,873.00,176.84,0.203,43,35,23,8,518
2025-08-01,Friday   ,31,3,August   ,2025,Mistral Reach,MEDICARE ENGLISH,search,7443.61,1740.34,0.234,545,511,283,34,969
2025-08-04,Monday   ,32,3,August   ,2025,Northwind Media,MEDICARE ENGLISH,youtube,1501.19,228.03,0.152,71,62,32,9,665
2025-08-04,Monday   ,32,3,August   ,2025,Blue Harbor Digital,MEDICARE ENGLISH,search,144.13,39.54,0.274,8,7,4,1,536
2025-08-04,Monday   ,32,3,August   ,2025,Blue Harbor Digital,MEDICARE SPANISH,search,122.19,28.46,0.233,8,7,3,1,1050
2025-08-04,Monday   ,32,3,August   ,2025,Cedar Lane Ads,ACA ENGLISH,facebook,344.76,20.64,0.060,28,23,14,5,865
2025-08-04,Monday   ,32,3,August   ,2025,Copperfield Digital,MEDICARE ENGLISH,facebook,1534.96,192.06,0.125,95,83,57,12,577
2025-08-04,Monday   ,32,3,August   ,2025,Aster Performance,AUTO ENGLISH,youtube,737.58,275.67,0.374,40,37,18,3,887
2025-08-04,Monday   ,32,3,August   ,2025,Kingfisher Ads,MEDICARE ENGLISH,NULL,1504.82,150.21,0.100,72,62,36,10,559
2025-08-04,Monday   ,32,3,August   ,2025,Ironwood Digital,ACA ENGLISH,youtube,966.68,NULL,NULL,60,53,38,7,1038
2025-08-04,Monday   ,32,3,August   ,2025,Juniper Path,AUTO INSURANCE ENGLISH,search,1238.66,NULL,NULL,72,68,45,4,616
2025-08-04,Monday   ,32,3,August   ,2025,Juniper Path,MEDICARE SPANISH,search,527.83,NULL,NULL,26,22,15,4,569
2025-08-04,Monday   ,32,3,August   ,2025,Halcyon Reach,MEDICARE ENGLISH,search,536.98,99.44,0.185,25,21,13,4,622
2025-08-04,Monday   ,32,3,August   ,2025,Prairie Signal,MEDICARE ENGLISH,youtube,325.42,78.15,0.240,17,14,7,3,927
2025-08-04,Monday   ,32,3,August   ,2025,Silverpine Ads,AUTO INSURANCE ENGLISH,facebook,429.95,-114.22,-0.266,35,29,14,6,598
2025-08-04,Monday   ,32,3,August   ,2025,Ember Lane Digital,MEDICARE ENGLISH,facebook,480.63,81.44,0.169,23,19,11,4,761
2025-08-04,Monday   ,32,3,August   ,2025,Foxglove Media,AUTO ENGLISH,search,635.83,313.15,0.493,50,43,27,7,741
2025-08-04,Monday   ,32,3,August   ,2025,Quarry Point,FINAL EXPENSE ENGLISH,NULL,1741.12,219.20,0.126,132,114,62,18,993
2025-08-04,Monday   ,32,3,August   ,2025,Tidewater Reach,MEDICARE ENGLISH,facebook,946.31,19.81,0.021,56,48,32,8,958
2025-08-04,Monday   ,32,3,August   ,2025,Marigold Digital,MEDICARE ENGLISH,facebook,3264.56,NULL,NULL,221,202,102,19,641
2025-08-04,Monday   ,32,3,August   ,2025,Slate Harbor Ads,ACA ENGLISH,NULL,1865.52,258.27,0.138,103,88,60,15,832
2025-08-04,Monday   ,32,3,August   ,2025,Slate Harbor Ads,MEDICARE ENGLISH,NULL,1664.45,308.18,0.185,130,111,51,19,837
2025-08-04,Monday   ,32,3,August   ,2025,Windrose Performance,AUTO ENGLISH,NULL,404.60,-45.63,-0.113,18,16,7,2,1044
2025-08-04,Monday   ,32,3,August   ,2025,Thornfield Digital,MEDICARE ENGLISH,facebook,433.93,NULL,NULL,32,29,19,3,1086
2025-08-04,Monday   ,32,3,August   ,2025,Auburn Peak Media,AUTO INSURANCE ENGLISH,search,64.98,0.61,0.009,4,3,1,1,593
2025-08-04,Monday   ,32,3,August   ,2025,Granite Bay Digital,MEDICARE ENGLISH,NULL,554.46,97.29,0.175,27,24,15,3,700
2025-08-04,Monday   ,32,3,August   ,2025,Granite Bay Digital,ACA ENGLISH,NULL,184.29,31.63,0.172,10,8,5,2,837
2025-08-05,Tuesday  ,32,3,August   ,2025,Northwind Media,MEDICARE ENGLISH,youtube,3495.99,702.69,0.201,182,163,110,19,979
2025-08-05,Tuesday  ,32,3,August   ,2025,Cedar Lane Ads,ACA ENGLISH,facebook,205.94,23.37,0.114,11,9,5,2,872
2025-08-05,Tuesday  ,32,3,August   ,2025,Vertex Reach,MEDICARE ENGLISH,facebook,1107.85,120.46,0.109,51,45,29,6,744
2025-08-05,Tuesday  ,32,3,August   ,2025,Sable Creek Media,MEDICARE ENGLISH,facebook,4391.91,NULL,NULL,211,198,118,13,863
2025-08-05,Tuesday  ,32,3,August   ,2025,Sable Creek Media,FINAL EXPENSE ENGLISH,facebook,544.02,70.46,0.130,27,23,13,4,821
2025-08-05,Tuesday  ,32,3,August   ,2025,Ironwood Digital,ACA ENGLISH,youtube,1986.98,510.08,0.257,115,102,59,13,553
2025-08-05,Tuesday  ,32,3,August   ,2025,Juniper Path,AUTO INSURANCE ENGLISH,search,392.17,237.70,0.606,32,27,18,5,620
2025-08-05,Tuesday  ,32,3,August   ,2025,Halcyon Reach,MEDICARE ENGLISH,search,952.27,157.23,0.165,47,39,24,8,861
2025-08-05,Tuesday  ,32,3,August   ,2025,Prairie Signal,MEDICARE ENGLISH,youtube,710.12,89.89,0.127,35,30,17,5,911
2025-08-05,Tuesday  ,32,3,August   ,2025,Silverpine Ads,AUTO INSURANCE ENGLISH,facebook,179.00,57.54,0.321,12,9,4,3,789
2025-08-05,Tuesday  ,32,3,August   ,2025,Ember Lane Digital,MEDICARE ENGLISH,facebook,2207.92,255.51,0.116,154,131,88,23,584
2025-08-05,Tuesday  ,32,3,August   ,2025,Quarry Point,FINAL EXPENSE ENGLISH,NULL,1874.02,NULL,NULL,152,127,81,25,746
2025-08-05,Tuesday  ,32,3,August   ,2025,Tidewater Reach,MEDICARE ENGLISH,facebook,2947.02,NULL,NULL,166,141,77,25,544
2025-08-05,Tuesday  ,32,3,August   ,2025,Thornfield Digital,MEDICARE ENGLISH,facebook,1327.64,285.38,0.215,102,87,53,15,822
2025-08-05,Tuesday  ,32,3,August   ,2025,Auburn Peak Media,AUTO INSURANCE ENGLISH,search,55.05,13.93,0.253,4,3,2,1,1081
2025-08-05,Tuesday  ,32,3,August   ,2025,Auburn Peak Media,FINAL EXPENSE ENGLISH,search,265.05,77.36,0.292,15,12,5,3,763
2025-08-06,Wednesday,32,3,August   ,2025,Northwind Media,MEDICARE ENGLISH,youtube,1898.11,325.45,0.171,127,110,74,17,695
2025-08-06,Wednesday,32,3,August   ,2025,Blue Harbor Digital,MEDICARE ENGLISH,search,1064.42,NULL,NULL,78,73,47,5,1008
2025-08-06,Wednesday,32,3,August   ,2025,Cedar Lane Ads,ACA ENGLISH,facebook,320.60,45.45,0.142,16,13,8,3,1031
2025-08-06,Wednesday,32,3,August   ,2025,Lantern Media Group,MEDICARE ENGLISH,facebook,2961.78,618.34,0.209,162,137,83,25,601
2025-08-06,Wednesday,32,3,August   ,2025,Copperfield Digital,MEDICARE ENGLISH,facebook,714.87,NULL,NULL,58,51,26,7,514
2025-08-06,Wednesday,32,3,August   ,2025,Kingfisher Ads,MEDICARE ENGLISH,NULL,892.19,61.32,0.069,64,55,28,9,850
2025-08-06,Wednesday,32,3,August   ,2025,Bright Meridian,MEDICARE ENGLISH,facebook,7490.09,861.95,0.115,483,442,301,41,512
2025-08-06,Wednesday,32,3,August   ,2025,Sable Creek Media,MEDICARE ENGLISH,facebook,2641.95,183.19,0.069,146,121,80,25,795
2025-08-06,Wednesday,32,3,August   ,2025,Juniper Path,AUTO INSURANCE ENGLISH,search,590.61,130.02,0.220,27,25,15,2,766
2025-08-06,Wednesday,32,3,August   ,2025,Halcyon Reach,MEDICARE ENGLISH,search,2329.16,295.10,0.127,125,112,69,13,732
2025-08-06,Wednesday,32,3,August   ,2025,Halcyon Reach,MEDICARE SPANISH,search,376.33,NULL,NULL,30,26,18,4,803
2025-08-06,Wednesday,32,3,August   ,2025,Prairie Signal,MEDICARE ENGLISH,youtube,580.97,107.44,0.185,37,34,17,3,921
2025-08-06,Wednesday,32,3,August   ,2025,Onyx Row Media,MEDICARE SPANISH,NULL,139.37,29.70,0.213,7,6,3,1,688
2025-08-06,Wednesday,32,3,August   ,2025,Onyx Row Media,AUTO ENGLISH,NULL,146.59,62.44,0.426,10,8,5,2,913
2025-08-06,Wednesday,32,3,August   ,2025,Foxglove Media,AUTO ENGLISH,search,384.23,38.99,0.101,21,17,11,4,1097
2025-08-06,Wednesday,32,3,August   ,2025,Marigold Digital,MEDICARE ENGLISH,facebook,1378.64,528.84,0.384,74,61,41,13,948
2025-08-06,Wednesday,32,3,August   ,2025,Slate Harbor Ads,ACA ENGLISH,NULL,874.92,237.88,0.272,43,36,18,7,572
2025-08-06,Wednesday,32,3,August   ,2025,Bellweather Media,MEDICARE ENGLISH,NULL,302.18,89.01,0.295,16,15,7,1,988
2025-08-06,Wednesday,32,3,August   ,2025,Bellweather Media,MEDICARE SPANISH,NULL,186.22,54.88,0.295,10,9,5,1,572
2025-08-06,Wednesday,32,3,August   ,2025,Bellweather Media,ACA ENGLISH,NULL,108.43,28.27,0.261,9,7,3,2,969
2025-08-06,Wednesday,32,3,August   ,2025,Cobalt Grove,MEDICARE ENGLISH,facebook,1362.05,NULL,NULL,66,58,28,8,1045
2025-08-06,Wednesday,32,3,August   ,2025,Windrose Performance,AUTO ENGLISH,NULL,864.55,565.77,0.654,67,62,28,5,533
2025-08-06,Wednesday,32,3,August   ,2025,Thornfield Digital,MEDICARE ENGLISH,facebook,1138.79,106.20,0.093,52,46,22,6,635
2025-08-06,Wednesday,32,3,August   ,2025,Auburn Peak Media,AUTO INSURANCE ENGLISH,search,62.42,12.32,0.197,4,3,1,1,829
2025-08-07,Thursday ,32,3,August   ,2025,Northwind Media,MEDICARE ENGLISH,youtube,2279.03,NULL,NULL,121,113,76,8,586
2025-08-07,Thursday ,32,3,August   ,2025,Blue Harbor Digital,MEDICARE ENGLISH,search,263.08,34.62,0.132,13,12,6,1,1036
2025-08-07,Thursday ,32,3,August   ,2025,Kingfisher Ads,MEDICARE ENGLISH,NULL,3643.71,NULL,NULL,249,229,150,20,568
2025-08-07,Thursday ,32,3,August   ,2025,Bright Meridian,MEDICARE ENGLISH,facebook,3091.18,170.88,0.055,196,180,91,16,706
2025-08-07,Thursday ,32,3,August   ,2025,Sable Creek Media,MEDICARE ENGLISH,facebook,2990.91,568.94,0.190,246,213,145,33,839
2025-08-07,Thursday ,32,3,August   ,2025,Ironwood Digital,ACA ENGLISH,youtube,623.09,216.58,0.348,48,39,23,9,681
2025-08-07,Thursday ,32,3,August   ,2025,Halcyon Reach,MEDICARE ENGLISH,search,1124.22,163.83,0.146,79,69,38,10,981
2025-08-07,Thursday ,32,3,August   ,2025,Halcyon Reach,MEDICARE SPANISH,search,235.65,50.42,0.214,13,12,7,1,1038
2025-08-07,Thursday ,32,3,August   ,2025,Silverpine Ads,AUTO INSURANCE ENGLISH,facebook,405.60,-3.60,-0.009,21,19,9,2,998
2025-08-07,Thursday ,32,3,August   ,2025,Ember Lane Digital,MEDICARE ENGLISH,facebook,2153.42,141.40,0.066,176,144,72,32,821
2025-08-07,Thursday ,32,3,August   ,2025,Foxglove Media,AUTO ENGLISH,search,1167.68,186.73,0.160,75,68,36,7,833
2025-08-07,Thursday ,32,3,August   ,2025,Quarry Point,FINAL EXPENSE ENGLISH,NULL,520.12,NULL,NULL,26,21,14,5,613
2025-08-07,Thursday ,32,3,August   ,2025,Tidewater Reach,MEDICARE ENGLISH,facebook,960.16,NULL,NULL,68,64,30,4,719
2025-08-07,Thursday ,32,3,August   ,2025,Marigold Digital,MEDICARE ENGLISH,facebook,12533.21,3333.81,0.266,818,692,406,126,1032
2025-08-07,Thursday ,32,3,August   ,2025,Slate Harbor Ads,ACA ENGLISH,NULL,486.98,159.27,0.327,29,25,15,4,1033
2025-08-07,Thursday ,32,3,August   ,2025,Bellweather Media,MEDICARE ENGLISH,NULL,2043.41,NULL,NULL,114,96,49,18,988
2025-08-07,Thursday ,32,3,August   ,2025,Cobalt Grove,MEDICARE ENGLISH,facebook,1064.82,NULL,NULL,51,43,19,8,541
2025-08-07,Thursday ,32,3,August   ,2025,Windrose Performance,AUTO ENGLISH,NULL,704.72,NULL,NULL,44,38,18,6,972
2025-08-07,Thursday ,32,3,August   ,2025,Windrose Performance,MEDICARE ENGLISH,NULL,1802.34,301.13,0.167,126,104,49,22,543
2025-08-07,Thursday ,32,3,August   ,2025,Thornfield Digital,MEDICARE ENGLISH,facebook,1088.85,188.06,0.173,60,53,26,7,672
2025-08-07,Thursday ,32,3,August   ,2025,Auburn Peak Media,AUTO INSURANCE ENGLISH,search,218.99,81.06,0.370,17,15,6,2,908
2025-08-07,Thursday ,32,3,August   ,2025,Larkspur Ads,FINAL EXPENSE ENGLISH,NULL,2342.54,456.32,0.195,134,125,77,9,722
2025-08-07,Thursday ,32,3,August   ,2025,Mistral Reach,MEDICARE ENGLISH,search,5174.63,829.58,0.160,272,236,116,36,841
2025-08-08,Friday   ,32,3,August   ,2025,Northwind Media,MEDICARE ENGLISH,youtube,2146.43,317.49,0.148,102,91,41,11,871
2025-08-08,Friday   ,32,3,August   ,2025,Blue Harbor Digital,MEDICARE ENGLISH,search,386.64,NULL,NULL,26,23,14,3,690
2025-08-08,Friday   ,32,3,August   ,2025,Cedar Lane Ads,ACA ENGLISH,facebook,119.97,12.93,0.108,7,6,2,1,987
2025-08-08,Friday   ,32,3,August   ,2025,Copperfield Digital,MEDICARE ENGLISH,facebook,1113.62,106.57,0.096,66,57,34,9,507
2025-08-08,Friday   ,32,3,August   ,2025,Kingfisher Ads,MEDICARE ENGLISH,NULL,5261.65,369.07,0.070,320,279,126,41,1072
2025-08-08,Friday   ,32,3,August   ,2025,Bright Meridian,MEDICARE ENGLISH,facebook,4262.86,720.84,0.169,295,269,169,26,730
2025-08-08,Friday   ,32,3,August   ,2025,Bright Meridian,AUTO INSURANCE ENGLISH,facebook,1732.85,218.15,0.126,141,132,92,9,799
2025-08-08,Friday   ,32,3,August   ,2025,Sable Creek Media,MEDICARE ENGLISH,facebook,1850.77,296.69,0.160,107,98,61,9,827
2025-08-08,Friday   ,32,3,August   ,2025,Sable Creek Media,FINAL EXPENSE ENGLISH,facebook,595.84,16.30,0.027,32,28,15,4,965
2025-08-08,Friday   ,32,3,August   ,2025,Ironwood Digital,ACA ENGLISH,youtube,3328.12,608.49,0.183,224,210,145,14,1080
2025-08-08,Friday   ,32,3,August   ,2025,Juniper Path,AUTO INSURANCE ENGLISH,search,278.32,112.54,0.404,16,15,7,1,964
2025-08-08,Friday   ,32,3,August   ,2025,Halcyon Reach,MEDICARE ENGLISH,search,768.84,NULL,NULL,41,37,22,4,993
2025-08-08,Friday   ,32,3,August   ,2025,Prairie Signal,MEDICARE ENGLISH,youtube,254.86,36.54,0.143,13,11,7,2,723
2025-08-08,Friday   ,32,3,August   ,2025,Silverpine Ads,AUTO INSURANCE ENGLISH,facebook,380.20,34.78,0.091,30,26,16,4,554
2025-08-08,Friday   ,32,3,August   ,2025,Quarry Point,FINAL EXPENSE ENGLISH,NULL,1103.38,99.18,0.090,90,81,36,9,596
2025-08-08,Friday   ,32,3,August   ,2025,Tidewater Reach,MEDICARE ENGLISH,facebook,755.43,194.47,0.257,60,50,23,10,591
2025-08-08,Friday   ,32,3,August   ,2025,Slate Harbor Ads,ACA ENGLISH,NULL,361.84,56.08,0.155,22,18,10,4,1034
2025-08-08,Friday   ,32,3,August   ,2025,Bellweather Media,MEDICARE ENGLISH,NULL,430.61,NULL,NULL,30,28,16,2,710
2025-08-08,Friday   ,32,3,August   ,2025,Bellweather Media,MEDICARE SPANISH,NULL,194.52,64.83,0.333,10,9,5,1,1066
2025-08-08,Friday   ,32,3,August   ,2025,Windrose Performance,AUTO ENGLISH,NULL,376.94,42.58,0.113,18,16,10,2,553
2025-08-08,Friday   ,32,3,August   ,2025,Thornfield Digital,MEDICARE ENGLISH,facebook,2040.36,504.75,0.247,129,111,69,18,744
2025-08-08,Friday   ,32,3,August   ,2025,Auburn Peak Media,AUTO INSURANCE ENGLISH,search,114.88,22.48,0.196,5,4,2,1,1067
2025-08-08,Friday   ,32,3,August   ,2025,Larkspur Ads,FINAL EXPENSE ENGLISH,NULL,305.96,49.57,0.162,15,13,9,2,665
2025-08-11,Monday   ,33,3,August   ,2025,Northwind Media,MEDICARE ENGLISH,youtube,2758.39,447.62,0.162,191,170,86,21,1046
2025-08-11,Monday   ,33,3,August   ,2025,Blue Harbor Digital,MEDICARE ENGLISH,search,394.09,112.49,0.285,32,29,13,3,901
2025-08-11,Monday   ,33,3,August   ,2025,Cedar Lane Ads,ACA ENGLISH,facebook,587.61,NULL,NULL,34,29,19,5,598
2025-08-11,Monday   ,33,3,August   ,2025,Lantern Media Group,MEDICARE ENGLISH,facebook,7424.48,2122.84,0.286,364,317,142,47,806
2025-08-11,Monday   ,33,3,August   ,2025,Copperfield Digital,MEDICARE ENGLISH,facebook,156.01,20.49,0.131,7,5,2,2,785
2025-08-11,Monday   ,33,3,August   ,2025,Kingfisher Ads,MEDICARE ENGLISH,NULL,2506.03,472.00,0.188,143,126,59,17,673
2025-08-11,Monday   ,33,3,August   ,2025,Bright Meridian,MEDICARE ENGLISH,facebook,3920.76,NULL,NULL,239,198,118,41,510
2025-08-11,Monday   ,33,3,August   ,2025,Bright Meridian,AUTO INSURANCE ENGLISH,facebook,4697.69,1254.35,0.267,259,240,112,19,995
2025-08-11,Monday   ,33,3,August   ,2025,Sable Creek Media,MEDICARE ENGLISH,facebook,2092.98,-58.43,-0.028,95,85,49,10,664
2025-08-11,Monday   ,33,3,August   ,2025,Ironwood Digital,ACA ENGLISH,youtube,1176.52,203.21,0.173,68,56,31,12,1008
2025-08-11,Monday   ,33,3,August   ,2025,Halcyon Reach,MEDICARE ENGLISH,search,174.79,30.68,0.176,13,10,4,3,519
2025-08-11,Monday   ,33,3,August   ,2025,Onyx Row Media,MEDICARE SPANISH,NULL,187.18,NULL,NULL,15,13,5,2,881
2025-08-11,Monday   ,33,3,August   ,2025,Ember Lane Digital,MEDICARE ENGLISH,facebook,2224.69,-56.30,-0.025,166,148,71,18,627
2025-08-11,Monday   ,33,3,August   ,2025,Foxglove Media,AUTO ENGLISH,search,671.24,-122.46,-0.182,50,42,24,8,763
2025-08-11,Monday   ,33,3,August   ,2025,Quarry Point,FINAL EXPENSE ENGLISH,NULL,1451.98,62.51,0.043,99,86,61,13,625
2025-08-11,Monday   ,33,3,August   ,2025,Tidewater Reach,MEDICARE ENGLISH,facebook,1762.75,NULL,NULL,106,97,65,9,735
2025-08-11,Monday   ,33,3,August   ,2025,Slate Harbor Ads,ACA ENGLISH,NULL,203.26,NULL,NULL,9,8,3,1,1011
2025-08-11,Monday   ,33,3,August   ,2025,Cobalt Grove,MEDICARE ENGLISH,facebook,852.22,45.60,0.054,42,38,19,4,780
2025-08-11,Monday   ,33,3,August   ,2025,Windrose Performance,AUTO ENGLISH,NULL,371.77,123.38,0.332,18,16,8,2,916
2025-08-11,Monday   ,33,3,August   ,2025,Windrose Performance,MEDICARE ENGLISH,NULL,1665.97,143.58,0.086,97,79,47,18,530
2025-08-11,Monday   ,33,3,August   ,2025,Auburn Peak Media,AUTO INSURANCE ENGLISH,search,43.34,0.11,0.003,2,1,0,1,842
2025-08-11,Monday   ,33,3,August   ,2025,Auburn Peak Media,FINAL EXPENSE ENGLISH,search,131.48,16.85,0.128,10,8,5,2,647
2025-08-11,Monday   ,33,3,August   ,2025,Larkspur Ads,FINAL EXPENSE ENGLISH,NULL,1314.60,325.94,0.248,61,52,33,9,906
2025-08-11,Monday   ,33,3,August   ,2025,Granite Bay Digital,MEDICARE ENGLISH,NULL,964.97,NULL,NULL,58,49,29,9,994
2025-08-11,Monday   ,33,3,August   ,2025,Mistral Reach,MEDICARE ENGLISH,search,7153.65,1598.26,0.223,360,334,228,26,701
2025-08-12,Tuesday  ,33,3,August   ,2025,Northwind Media,MEDICARE ENGLISH,youtube,1476.74,319.86,0.217,94,79,39,15,781
2025-08-12,Tuesday  ,33,3,August   ,2025,Blue Harbor Digital,MEDICARE ENGLISH,search,928.65,NULL,NULL,50,45,29,5,754
2025-08-12,Tuesday  ,33,3,August   ,2025,Cedar Lane Ads,ACA ENGLISH,facebook,441.34,65.98,0.149,34,28,16,6,593
2025-08-12,Tuesday  ,33,3,August   ,2025,Bright Meridian,MEDICARE ENGLISH,facebook,3517.16,508.09,0.144,175,159,73,16,618
2025-08-12,Tuesday  ,33,3,August   ,2025,Ironwood Digital,ACA ENGLISH,youtube,1683.92,NULL,NULL,107,98,56,9,607
2025-08-12,Tuesday  ,33,3,August   ,2025,Juniper Path,AUTO INSURANCE ENGLISH,search,731.21,248.94,0.340,48,42,26,6,964
2025-08-12,Tuesday  ,33,3,August   ,2025,Juniper Path,MEDICARE SPANISH,search,628.58,204.91,0.326,35,30,18,5,658
2025-08-12,Tuesday  ,33,3,August   ,2025,Halcyon Reach,MEDICARE ENGLISH,search,1536.94,162.11,0.105,87,81,37,6,926
2025-08-12,Tuesday  ,33,3,August   ,2025,Halcyon Reach,MEDICARE SPANISH,search,209.88,46.15,0.220,16,14,9,2,1002
2025-08-12,Tuesday  ,33,3,August   ,2025,Silverpine Ads,AUTO INSURANCE ENGLISH,facebook,182.50,69.39,0.380,14,11,5,3,968
2025-08-12,Tuesday  ,33,3,August   ,2025,Ember Lane Digital,MEDICARE ENGLISH,facebook,724.53,71.00,0.098,39,36,18,3,629
2025-08-12,Tuesday  ,33,3,August   ,2025,Quarry Point,FINAL EXPENSE ENGLISH,NULL,1014.75,133.77,0.132,59,51,24,8,766
2025-08-12,Tuesday  ,33,3,August   ,2025,Tidewater Reach,MEDICARE ENGLISH,facebook,1320.88,204.75,0.155,90,82,41,8,908
2025-08-12,Tuesday  ,33,3,August   ,2025,Slate Harbor Ads,ACA ENGLISH,NULL,428.01,NULL,NULL,33,29,14,4,664
2025-08-12,Tuesday  ,33,3,August   ,2025,Cobalt Grove,MEDICARE ENGLISH,facebook,1396.75,NULL,NULL,108,96,46,12,1004
2025-08-12,Tuesday  ,33,3,August   ,2025,Windrose Performance,AUTO ENGLISH,NULL,295.75,105.77,0.358,20,17,11,3,982
2025-08-12,Tuesday  ,33,3,August   ,2025,Thornfield Digital,MEDICARE ENGLISH,facebook,1641.64,233.83,0.142,112,95,46,17,1067
2025-08-12,Tuesday  ,33,3,August   ,2025,Auburn Peak Media,AUTO INSURANCE ENGLISH,search,84.14,26.43,0.314,4,3,1,1,674
2025-08-12,Tuesday  ,33,3,August   ,2025,Auburn Peak Media,FINAL EXPENSE ENGLISH,search,199.05,42.61,0.214,10,8,5,2,782
2025-08-12,Tuesday  ,33,3,August   ,2025,Granite Bay Digital,MEDICARE ENGLISH,NULL,1155.65,311.81,0.270,95,79,37,16,1048
2025-08-12,Tuesday  ,33,3,August   ,2025,Granite Bay Digital,ACA ENGLISH,NULL,200.39,51.88,0.259,15,12,6,3,704
2025-08-13,Wednesday,33,3,August   ,2025,Northwind Media,MEDICARE ENGLISH,youtube,4569.19,542.80,0.119,340,309,222,31,1097
2025-08-13,Wednesday,33,3,August   ,2025,Blue Harbor Digital,MEDICARE ENGLISH,search,182.15,34.72,0.191,12,9,5,3,941
2025-08-13,Wednesday,33,3,August   ,2025,Blue Harbor Digital,MEDICARE SPANISH,search,46.53,13.61,0.292,2,1,0,1,1025
2025-08-13,Wednesday,33,3,August   ,2025,Cedar Lane Ads,ACA ENGLISH,facebook,241.88,43.03,0.178,11,10,6,1,666
2025-08-13,Wednesday,33,3,August   ,2025,Vertex Reach,MEDICARE ENGLISH,facebook,4247.55,101.15,0.024,261,224,133,37,517
2025-08-13,Wednesday,33,3,August   ,2025,Bright Meridian,MEDICARE ENGLISH,facebook,3139.78,544.61,0.173,158,139,88,19,521
2025-08-13,Wednesday,33,3,August   ,2025,Bright Meridian,AUTO INSURANCE ENGLISH,facebook,4350.88,-210.67,-0.048,358,315,189,43,960
2025-08-13,Wednesday,33,3,August   ,2025,Sable Creek Media,MEDICARE ENGLISH,facebook,714.93,138.82,0.194,54,51,26,3,950
2025-08-13,Wednesday,33,3,August   ,2025,Sable Creek Media,FINAL EXPENSE ENGLISH,facebook,302.38,4.69,0.016,23,19,12,4,929
2025-08-13,Wednesday,33,3,August   ,2025,Ironwood Digital,ACA ENGLISH,youtube,3358.75,710.54,0.212,223,184,123,39,825
2025-08-13,Wednesday,33,3,August   ,2025,Ironwood Digital,MEDICARE ENGLISH,youtube,10947.84,2178.54,0.199,542,477,279,65,1098
2025-08-13,Wednesday,33,3,August   ,2025,Juniper Path,AUTO INSURANCE ENGLISH,search,256.13,-31.59,-0.123,14,12,8,2,576
2025-08-13,Wednesday,33,3,August   ,2025,Juniper Path,MEDICARE SPANISH,search,398.65,80.26,0.201,21,19,10,2,537
2025-08-13,Wednesday,33,3,August   ,2025,Halcyon Reach,MEDICARE ENGLISH,search,243.79,NULL,NULL,16,13,7,3,777
2025-08-13,Wednesday,33,3,August   ,2025,Halcyon Reach,MEDICARE SPANISH,search,138.74,NULL,NULL,6,4,2,2,853
2025-08-13,Wednesday,33,3,August   ,2025,Prairie Signal,MEDICARE ENGLISH,youtube,548.00,129.34,0.236,38,35,16,3,732
2025-08-13,Wednesday,33,3,August   ,2025,Onyx Row Media,MEDICARE SPANISH,NULL,182.67,19.33,0.106,11,9,5,2,604
2025-08-13,Wednesday,33,3,August   ,2025,Onyx Row Media,MEDICARE ENGLISH,NULL,512.97,74.91,0.146,33,29,19,4,508
2025-08-13,Wednesday,33,3,August   ,2025,Silverpine Ads,AUTO INSURANCE ENGLISH,facebook,405.79,NULL,NULL,22,19,10,3,1015
2025-08-13,Wednesday,33,3,August   ,2025,Foxglove Media,AUTO ENGLISH,search,1186.05,NULL,NULL,66,54,32,12,508
2025-08-13,Wednesday,33,3,August   ,2025,Quarry Point,FINAL EXPENSE ENGLISH,NULL,743.52,153.93,0.207,50,43,23,7,875
2025-08-13,Wednesday,33,3,August   ,2025,Tidewater Reach,MEDICARE ENGLISH,facebook,791.16,180.10,0.228,53,46,26,7,561
2025-08-13,Wednesday,33,3,August   ,2025,Slate Harbor Ads,ACA ENGLISH,NULL,558.30,138.93,0.249,39,33,17,6,999
2025-08-13,Wednesday,33,3,August   ,2025,Cobalt Grove,MEDICARE ENGLISH,facebook,1922.18,NULL,NULL,116,101,54,15,1003
2025-08-13,Wednesday,33,3,August   ,2025,Windrose Performance,AUTO ENGLISH,NULL,325.23,93.49,0.287,23,19,13,4,675
2025-08-13,Wednesday,33,3,August   ,2025,Windrose Performance,MEDICARE ENGLISH,NULL,1742.83,614.68,0.353,130,114,63,16,679
2025-08-13,Wednesday,33,3,August   ,2025,Auburn Peak Media,AUTO INSURANCE ENGLISH,search,187.22,66.35,0.354,9,8,3,1,538
2025-08-14,Thursday ,33,3,August   ,2025,Blue Harbor Digital,MEDICARE ENGLISH,search,569.72,90.13,0.158,41,34,22,7,869
2025-08-14,Thursday ,33,3,August   ,2025,Copperfield Digital,MEDICARE ENGLISH,facebook,404.93,64.38,0.159,32,28,15,4,810
2025-08-14,Thursday ,33,3,August   ,2025,Kingfisher Ads,MEDICARE ENGLISH,NULL,7197.56,665.42,0.092,330,312,208,18,1094
2025-08-14,Thursday ,33,3,August   ,2025,Bright Meridian,MEDICARE ENGLISH,facebook,1335.44,232.26,0.174,71,62,38,9,971
2025-08-14,Thursday ,33,3,August   ,2025,Sable Creek Media,MEDICARE ENGLISH,facebook,3085.72,NULL,NULL,168,152,85,16,634
2025-08-14,Thursday ,33,3,August   ,2025,Ironwood Digital,ACA ENGLISH,youtube,2321.57,NULL,NULL,125,106,69,19,506
2025-08-14,Thursday ,33,3,August   ,2025,Halcyon Reach,MEDICARE ENGLISH,search,1020.99,72.35,0.071,63,59,33,4,593
2025-08-14,Thursday ,33,3,August   ,2025,Silverpine Ads,AUTO INSURANCE ENGLISH,facebook,191.32,53.88,0.282,12,10,4,2,946
2025-08-14,Thursday ,33,3,August   ,2025,Silverpine Ads,AUTO ENGLISH,facebook,608.37,37.02,0.061,33,29,14,4,1058
2025-08-14,Thursday ,33,3,August   ,2025,Foxglove Media,AUTO ENGLISH,search,705.36,221.20,0.314,46,39,18,7,1006
2025-08-14,Thursday ,33,3,August   ,2025,Quarry Point,FINAL EXPENSE ENGLISH,NULL,498.11,95.99,0.193,34,30,20,4,501
2025-08-14,Thursday ,33,3,August   ,2025,Tidewater Reach,MEDICARE ENGLISH,facebook,451.64,123.08,0.273,22,20,9,2,731
2025-08-14,Thursday ,33,3,August   ,2025,Slate Harbor Ads,ACA ENGLISH,NULL,637.15,65.24,0.102,29,27,16,2,529
2025-08-14,Thursday ,33,3,August   ,2025,Bellweather Media,MEDICARE ENGLISH,NULL,621.16,NULL,NULL,41,33,15,8,905
2025-08-14,Thursday ,33,3,August   ,2025,Cobalt Grove,MEDICARE ENGLISH,facebook,1199.93,186.58,0.155,68,60,38,8,669
2025-08-14,Thursday ,33,3,August   ,2025,Thornfield Digital,MEDICARE ENGLISH,facebook,918.36,120.61,0.131,51,45,28,6,766
2025-08-14,Thursday ,33,3,August   ,2025,Auburn Peak Media,AUTO INSURANCE ENGLISH,search,157.44,50.77,0.322,7,5,2,2,957
2025-08-14,Thursday ,33,3,August   ,2025,Auburn Peak Media,FINAL EXPENSE ENGLISH,search,123.38,21.09,0.171,8,6,3,2,607
2025-08-14,Thursday ,33,3,August   ,2025,Larkspur Ads,FINAL EXPENSE ENGLISH,NULL,659.60,NULL,NULL,35,31,16,4,605
2025-08-14,Thursday ,33,3,August   ,2025,Granite Bay Digital,MEDICARE ENGLISH,NULL,1463.56,NULL,NULL,86,75,39,11,792
2025-08-14,Thursday ,33,3,August   ,2025,Mistral Reach,MEDICARE ENGLISH,search,2460.03,717.09,0.291,121,114,60,7,838
2025-08-15,Friday   ,33,3,August   ,2025,Northwind Media,MEDICARE ENGLISH,youtube,2450.14,NULL,NULL,139,129,86,10,1051
2025-08-15,Friday   ,33,3,August   ,2025,Aster Performance,AUTO ENGLISH,youtube,631.80,255.79,0.405,52,42,20,10,1077
2025-08-15,Friday   ,33,3,August   ,2025,Bright Meridian,MEDICARE ENGLISH,facebook,2305.33,589.76,0.256,162,133,61,29,728
2025-08-15,Friday   ,33,3,August   ,2025,Sable Creek Media,MEDICARE ENGLISH,facebook,1331.34,NULL,NULL,72,60,32,12,1024
2025-08-15,Friday   ,33,3,August   ,2025,Sable Creek Media,FINAL EXPENSE ENGLISH,facebook,582.47,102.12,0.175,28,24,11,4,876
2025-08-15,Friday   ,33,3,August   ,2025,Ironwood Digital,ACA ENGLISH,youtube,771.66,187.71,0.243,51,45,20,6,622
2025-08-15,Friday   ,33,3,August   ,2025,Juniper Path,AUTO INSURANCE ENGLISH,search,665.31,180.90,0.272,44,38,20,6,840
2025-08-15,Friday   ,33,3,August   ,2025,Halcyon Reach,MEDICARE ENGLISH,search,855.79,NULL,NULL,61,50,27,11,932
2025-08-15,Friday   ,33,3,August   ,2025,Prairie Signal,MEDICARE ENGLISH,youtube,558.26,184.56,0.331,26,23,13,3,898
2025-08-15,Friday   ,33,3,August   ,2025,Prairie Signal,ACA ENGLISH,youtube,79.31,6.17,0.078,6,5,3,1,557
2025-08-15,Friday   ,33,3,August   ,2025,Ember Lane Digital,MEDICARE ENGLISH,facebook,934.12,72.01,0.077,70,57,35,13,1033
2025-08-15,Friday   ,33,3,August   ,2025,Foxglove Media,AUTO ENGLISH,search,667.78,239.32,0.358,32,28,18,4,522
2025-08-15,Friday   ,33,3,August   ,2025,Quarry Point,FINAL EXPENSE ENGLISH,NULL,1267.45,298.65,0.236,86,74,35,12,638
2025-08-15,Friday   ,33,3,August   ,2025,Tidewater Reach,MEDICARE ENGLISH,facebook,408.77,NULL,NULL,19,15,8,4,979
2025-08-15,Friday   ,33,3,August   ,2025,Slate Harbor Ads,ACA ENGLISH,NULL,603.45,167.90,0.278,38,34,23,4,523
2025-08-15,Friday   ,33,3,August   ,2025,Bellweather Media,MEDICARE ENGLISH,NULL,669.32,184.16,0.275,33,29,15,4,807
2025-08-15,Friday   ,33,3,August   ,2025,Cobalt Grove,MEDICARE ENGLISH,facebook,800.98,NULL,NULL,53,49,29,4,824
2025-08-15,Friday   ,33,3,August   ,2025,Windrose Performance,AUTO ENGLISH,NULL,262.07,20.32,0.078,18,15,8,3,761
2025-08-15,Friday   ,33,3,August   ,2025,Auburn Peak Media,AUTO INSURANCE ENGLISH,search,147.43,-36.22,-0.246,8,6,3,2,666
2025-08-15,Friday   ,33,3,August   ,2025,Auburn Peak Media,FINAL EXPENSE ENGLISH,search,63.79,3.12,0.049,3,2,1,1,1086
2025-08-15,Friday   ,33,3,August   ,2025,Mistral Reach,MEDICARE ENGLISH,search,1504.50,312.62,0.208,90,84,57,6,782
2025-08-18,Monday   ,34,3,August   ,2025,Northwind Media,MEDICARE ENGLISH,youtube,3121.82,139.31,0.045,164,145,70,19,802
2025-08-18,Monday   ,34,3,August   ,2025,Cedar Lane Ads,ACA ENGLISH,facebook,174.57,28.93,0.166,10,9,5,1,903
2025-08-18,Monday   ,34,3,August   ,2025,Vertex Reach,MEDICARE ENGLISH,facebook,4522.47,744.52,0.165,253,217,128,36,1034
2025-08-18,Monday   ,34,3,August   ,2025,Vertex Reach,FINAL EXPENSE ENGLISH,facebook,1154.64,273.64,0.237,91,82,41,9,997
2025-08-18,Monday   ,34,3,August   ,2025,Aster Performance,AUTO ENGLISH,youtube,561.18,158.33,0.282,35,32,20,3,729
2025-08-18,Monday   ,34,3,August   ,2025,Kingfisher Ads,MEDICARE ENGLISH,NULL,1587.86,241.85,0.152,89,78,44,11,1035
2025-08-18,Monday   ,34,3,August   ,2025,Bright Meridian,MEDICARE ENGLISH,facebook,1571.25,292.71,0.186,91,80,48,11,895
2025-08-18,Monday   ,34,3,August   ,2025,Bright Meridian,AUTO INSURANCE ENGLISH,facebook,2372.62,780.75,0.329,119,98,50,21,1047
2025-08-18,Monday   ,34,3,August   ,2025,Ironwood Digital,ACA ENGLISH,youtube,2101.62,808.90,0.385,96,83,50,13,561
2025-08-18,Monday   ,34,3,August   ,2025,Juniper Path,AUTO INSURANCE ENGLISH,search,214.81,28.67,0.133,12,10,4,2,959
2025-08-18,Monday   ,34,3,August   ,2025,Juniper Path,MEDICARE SPANISH,search,320.53,88.23,0.275,25,21,11,4,893
2025-08-18,Monday   ,34,3,August   ,2025,Prairie Signal,MEDICARE ENGLISH,youtube,376.53,NULL,NULL,19,16,10,3,519
2025-08-18,Monday   ,34,3,August   ,2025,Onyx Row Media,MEDICARE SPANISH,NULL,67.47,13.76,0.204,5,4,2,1,1006
2025-08-18,Monday   ,34,3,August   ,2025,Onyx Row Media,AUTO ENGLISH,NULL,121.12,NULL,NULL,6,5,2,1,1084
2025-08-18,Monday   ,34,3,August   ,2025,Onyx Row Media,MEDICARE ENGLISH,NULL,876.05,110.27,0.126,42,35,21,7,895
2025-08-18,Monday   ,34,3,August   ,2025,Silverpine Ads,AUTO INSURANCE ENGLISH,facebook,396.28,75.63,0.191,20,17,10,3,818
2025-08-18,Monday   ,34,3,August   ,2025,Ember Lane Digital,MEDICARE ENGLISH,facebook,1857.33,261.00,0.141,146,132,83,14,708
2025-08-18,Monday   ,34,3,August   ,2025,Foxglove Media,AUTO ENGLISH,search,895.93,194.05,0.217,45,38,19,7,629
2025-08-18,Monday   ,34,3,August   ,2025,Quarry Point,FINAL EXPENSE ENGLISH,NULL,720.81,162.65,0.226,35,30,18,5,1073
2025-08-18,Monday   ,34,3,August   ,2025,Tidewater Reach,MEDICARE ENGLISH,facebook,1528.90,133.64,0.087,94,89,52,5,658
2025-08-18,Monday   ,34,3,August   ,2025,Marigold Digital,MEDICARE ENGLISH,facebook,1484.47,532.83,0.359,117,110,74,7,953
2025-08-18,Monday   ,34,3,August   ,2025,Slate Harbor Ads,ACA ENGLISH,NULL,1182.20,207.33,0.175,85,77,36,8,955
2025-08-18,Monday   ,34,3,August   ,2025,Slate Harbor Ads,MEDICARE ENGLISH,NULL,2333.91,161.74,0.069,115,99,50,16,907
2025-08-18,Monday   ,34,3,August   ,2025,Bellweather Media,MEDICARE ENGLISH,NULL,292.65,98.21,0.336,20,17,10,3,1035
2025-08-18,Monday   ,34,3,August   ,2025,Bellweather Media,ACA ENGLISH,NULL,162.98,53.99,0.331,9,8,3,1,546
2025-08-18,Monday   ,34,3,August   ,2025,Windrose Performance,AUTO ENGLISH,NULL,376.04,176.42,0.469,18,16,11,2,890
2025-08-18,Monday   ,34,3,August   ,2025,Thornfield Digital,MEDICARE ENGLISH,facebook,839.48,153.90,0.183,51,43,29,8,751
2025-08-18,Monday   ,34,3,August   ,2025,Auburn Peak Media,AUTO INSURANCE ENGLISH,search,148.83,-8.36,-0.056,9,7,4,2,1049
2025-08-18,Monday   ,34,3,August   ,2025,Granite Bay Digital,MEDICARE ENGLISH,NULL,501.61,103.82,0.207,28,24,15,4,628
2025-08-18,Monday   ,34,3,August   ,2025,Granite Bay Digital,ACA ENGLISH,NULL,204.57,47.07,0.230,10,9,6,1,798
2025-08-19,Tuesday  ,34,3,August   ,2025,Northwind Media,MEDICARE ENGLISH,youtube,2708.23,302.15,0.112,136,118,54,18,625
2025-08-19,Tuesday  ,34,3,August   ,2025,Blue Harbor Digital,MEDICARE ENGLISH,search,147.08,25.88,0.176,7,5,3,2,990
2025-08-19,Tuesday  ,34,3,August   ,2025,Cedar Lane Ads,ACA ENGLISH,facebook,190.14,24.02,0.126,8,7,4,1,547
2025-08-19,Tuesday  ,34,3,August   ,2025,Copperfield Digital,MEDICARE ENGLISH,facebook,641.13,-1.55,-0.002,39,37,24,2,943
2025-08-19,Tuesday  ,34,3,August   ,2025,Aster Performance,AUTO ENGLISH,youtube,932.14,373.97,0.401,72,62,34,10,537
2025-08-19,Tuesday  ,34,3,August   ,2025,Kingfisher Ads,MEDICARE ENGLISH,NULL,4074.15,633.22,0.155,302,249,167,53,777
2025-08-19,Tuesday  ,34,3,August   ,2025,Bright Meridian,MEDICARE ENGLISH,facebook,1204.98,90.05,0.075,81,66,37,15,895
2025-08-19,Tuesday  ,34,3,August   ,2025,Sable Creek Media,MEDICARE ENGLISH,facebook,2150.54,444.76,0.207,158,134,77,24,549
2025-08-19,Tuesday  ,34,3,August   ,2025,Juniper Path,AUTO INSURANCE ENGLISH,search,208.65,46.38,0.222,10,8,5,2,797
2025-08-19,Tuesday  ,34,3,August   ,2025,Juniper Path,MEDICARE SPANISH,search,790.37,195.27,0.247,36,29,16,7,601
2025-08-19,Tuesday  ,34,3,August   ,2025,Prairie Signal,MEDICARE ENGLISH,youtube,445.71,115.98,0.260,34,30,13,4,785
2025-08-19,Tuesday  ,34,3,August   ,2025,Onyx Row Media,MEDICARE SPANISH,NULL,81.49,15.86,0.195,4,3,1,1,589
2025-08-19,Tuesday  ,34,3,August   ,2025,Silverpine Ads,AUTO INSURANCE ENGLISH,facebook,201.39,72.66,0.361,11,9,4,2,618
2025-08-19,Tuesday  ,34,3,August   ,2025,Quarry Point,FINAL EXPENSE ENGLISH,NULL,1438.33,222.44,0.155,75,66,45,9,993
2025-08-19,Tuesday  ,34,3,August   ,2025,Slate Harbor Ads,ACA ENGLISH,NULL,932.23,NULL,NULL,55,47,23,8,703
2025-08-19,Tuesday  ,34,3,August   ,2025,Cobalt Grove,MEDICARE ENGLISH,facebook,1387.19,NULL,NULL,73,65,34,8,754
2025-08-19,Tuesday  ,34,3,August   ,2025,Windrose Performance,AUTO ENGLISH,NULL,1103.07,609.94,0.553,67,61,29,6,898
2025-08-19,Tuesday  ,34,3,August   ,2025,Thornfield Digital,MEDICARE ENGLISH,facebook,1275.09,NULL,NULL,65,61,31,4,689
2025-08-19,Tuesday  ,34,3,August   ,2025,Auburn Peak Media,AUTO INSURANCE ENGLISH,search,55.79,-5.52,-0.099,3,2,1,1,733
2025-08-19,Tuesday  ,34,3,August   ,2025,Granite Bay Digital,MEDICARE ENGLISH,NULL,589.68,120.50,0.204,38,33,19,5,620
2025-08-20,Wednesday,34,3,August   ,2025,Northwind Media,MEDICARE ENGLISH,youtube,2678.06,544.67,0.203,138,117,55,21,761
2025-08-20,Wednesday,34,3,August   ,2025,Copperfield Digital,MEDICARE ENGLISH,facebook,930.85,87.18,0.094,67,60,36,7,933
2025-08-20,Wednesday,34,3,August   ,2025,Aster Performance,AUTO ENGLISH,youtube,373.75,32.51,0.087,23,20,13,3,814
2025-08-20,Wednesday,34,3,August   ,2025,Kingfisher Ads,MEDICARE ENGLISH,NULL,1813.05,205.69,0.113,94,89,57,5,1056
2025-08-20,Wednesday,34,3,August   ,2025,Bright Meridian,MEDICARE ENGLISH,facebook,4711.86,351.28,0.075,237,218,125,19,571
2025-08-20,Wednesday,34,3,August   ,2025,Ironwood Digital,ACA ENGLISH,youtube,1400.26,273.44,0.195,74,67,30,7,527
2025-08-20,Wednesday,34,3,August   ,2025,Juniper Path,AUTO INSURANCE ENGLISH,search,921.65,115.61,0.125,49,45,24,4,555
2025-08-20,Wednesday,34,3,August   ,2025,Juniper Path,MEDICARE SPANISH,search,196.09,NULL,NULL,11,9,5,2,708
2025-08-20,Wednesday,34,3,August   ,2025,Halcyon Reach,MEDICARE ENGLISH,search,1170.55,210.15,0.180,82,68,48,14,714
2025-08-20,Wednesday,34,3,August   ,2025,Prairie Signal,MEDICARE ENGLISH,youtube,1605.25,171.41,0.107,130,120,64,10,578
2025-08-20,Wednesday,34,3,August   ,2025,Onyx Row Media,MEDICARE SPANISH,NULL,183.02,53.95,0.295,10,8,4,2,633
2025-08-20,Wednesday,34,3,August   ,2025,Onyx Row Media,MEDICARE ENGLISH,NULL,283.92,23.44,0.083,19,17,8,2,1058
2025-08-20,Wednesday,34,3,August   ,2025,Ember Lane Digital,MEDICARE ENGLISH,facebook,800.62,NULL,NULL,55,45,27,10,1082
2025-08-20,Wednesday,34,3,August   ,2025,Slate Harbor Ads,ACA ENGLISH,NULL,1630.66,384.17,0.236,76,66,46,10,756
2025-08-20,Wednesday,34,3,August   ,2025,Bellweather Media,MEDICARE ENGLISH,NULL,1125.94,218.77,0.194,58,47,28,11,820
2025-08-20,Wednesday,34,3,August   ,2025,Bellweather Media,MEDICARE SPANISH,NULL,90.33,26.96,0.298,5,4,1,1,1001
2025-08-20,Wednesday,34,3,August   ,2025,Windrose Performance,AUTO ENGLISH,NULL,801.75,-31.35,-0.039,37,31,20,6,549
2025-08-20,Wednesday,34,3,August   ,2025,Windrose Performance,MEDICARE ENGLISH,NULL,1182.93,219.82,0.186,59,52,36,7,1001
2025-08-20,Wednesday,34,3,August   ,2025,Granite Bay Digital,MEDICARE ENGLISH,NULL,712.40,153.08,0.215,41,37,18,4,690
2025-08-21,Thursday ,34,3,August   ,2025,Northwind Media,MEDICARE ENGLISH,youtube,2224.84,365.75,0.164,159,136,83,23,608
2025-08-21,Thursday ,34,3,August   ,2025,Blue Harbor Digital,MEDICARE ENGLISH,search,543.45,45.20,0.083,30,25,14,5,641
2025-08-21,Thursday ,34,3,August   ,2025,Blue Harbor Digital,MEDICARE SPANISH,search,16.32,4.62,0.283,1,0,0,1,883
2025-08-21,Thursday ,34,3,August   ,2025,Cedar Lane Ads,ACA ENGLISH,facebook,310.70,32.88,0.106,21,17,10,4,1026
2025-08-21,Thursday ,34,3,August   ,2025,Lantern Media Group,MEDICARE ENGLISH,facebook,2665.74,828.70,0.311,137,113,70,24,778
2025-08-21,Thursday ,34,3,August   ,2025,Aster Performance,AUTO ENGLISH,youtube,457.71,111.75,0.244,27,24,11,3,705
2025-08-21,Thursday ,34,3,August   ,2025,Kingfisher Ads,MEDICARE ENGLISH,NULL,4958.77,946.98,0.191,346,294,165,52,960
2025-08-21,Thursday ,34,3,August   ,2025,Bright Meridian,MEDICARE ENGLISH,facebook,3555.96,490.16,0.138,203,171,102,32,1032
2025-08-21,Thursday ,34,3,August   ,2025,Bright Meridian,AUTO INSURANCE ENGLISH,facebook,786.05,130.59,0.166,49,42,22,7,1054
2025-08-21,Thursday ,34,3,August   ,2025,Ironwood Digital,ACA ENGLISH,youtube,2993.99,983.52,0.328,192,171,112,21,878
2025-08-21,Thursday ,34,3,August   ,2025,Juniper Path,AUTO INSURANCE ENGLISH,search,481.40,76.97,0.160,34,29,14,5,987
2025-08-21,Thursday ,34,3,August   ,2025,Halcyon Reach,MEDICARE ENGLISH,search,618.37,119.09,0.193,45,37,18,8,932
2025-08-21,Thursday ,34,3,August   ,2025,Prairie Signal,MEDICARE ENGLISH,youtube,334.25,90.94,0.272,19,16,10,3,609
2025-08-21,Thursday ,34,3,August   ,2025,Tidewater Reach,MEDICARE ENGLISH,facebook,1013.43,224.80,0.222,51,46,26,5,573
2025-08-21,Thursday ,34,3,August   ,2025,Marigold Digital,MEDICARE ENGLISH,facebook,2317.54,414.65,0.179,108,101,53,7,1012
2025-08-21,Thursday ,34,3,August   ,2025,Slate Harbor Ads,ACA ENGLISH,NULL,458.40,NULL,NULL,23,21,13,2,854
2025-08-21,Thursday ,34,3,August   ,2025,Windrose Performance,AUTO ENGLISH,NULL,184.84,25.01,0.135,10,9,4,1,534
2025-08-21,Thursday ,34,3,August   ,2025,Thornfield Digital,MEDICARE ENGLISH,facebook,591.47,118.15,0.200,31,25,14,6,802
2025-08-21,Thursday ,34,3,August   ,2025,Auburn Peak Media,AUTO INSURANCE ENGLISH,search,78.31,5.66,0.072,6,5,3,1,594
2025-08-21,Thursday ,34,3,August   ,2025,Larkspur Ads,FINAL EXPENSE ENGLISH,NULL,482.69,69.03,0.143,27,22,13,5,688
2025-08-21,Thursday ,34,3,August   ,2025,Granite Bay Digital,MEDICARE ENGLISH,NULL,1165.07,252.24,0.217,78,64,44,14,658
2025-08-21,Thursday ,34,3,August   ,2025,Granite Bay Digital,ACA ENGLISH,NULL,475.45,125.20,0.263,31,28,15,3,584
2025-08-21,Thursday ,34,3,August   ,2025,Mistral Reach,MEDICARE ENGLISH,search,4440.57,1028.05,0.232,278,259,174,19,996
2025-08-22,Friday   ,34,3,August   ,2025,Northwind Media,MEDICARE ENGLISH,youtube,1059.49,113.89,0.107,54,46,29,8,543
2025-08-22,Friday   ,34,3,August   ,2025,Cedar Lane Ads,ACA ENGLISH,facebook,192.83,37.59,0.195,8,6,3,2,879
2025-08-22,Friday   ,34,3,August   ,2025,Vertex Reach,MEDICARE ENGLISH,facebook,1115.80,123.36,0.111,54,45,30,9,800
2025-08-22,Friday   ,34,3,August   ,2025,Copperfield Digital,MEDICARE ENGLISH,facebook,969.04,98.51,0.102,71,61,36,10,968
2025-08-22,Friday   ,34,3,August   ,2025,Aster Performance,AUTO ENGLISH,youtube,1342.31,479.60,0.357,106,91,55,15,606
2025-08-22,Friday   ,34,3,August   ,2025,Kingfisher Ads,MEDICARE ENGLISH,NULL,614.07,110.61,0.180,37,33,16,4,620
2025-08-22,Friday   ,34,3,August   ,2025,Sable Creek Media,MEDICARE ENGLISH,facebook,2330.03,136.45,0.059,124,102,68,22,525
2025-08-22,Friday   ,34,3,August   ,2025,Ironwood Digital,ACA ENGLISH,youtube,562.72,90.83,0.161,39,32,16,7,653
2025-08-22,Friday   ,34,3,August   ,2025,Juniper Path,AUTO INSURANCE ENGLISH,search,161.02,64.05,0.398,10,8,3,2,766
2025-08-22,Friday   ,34,3,August   ,2025,Juniper Path,MEDICARE SPANISH,search,129.17,38.34,0.297,6,5,3,1,1089
2025-08-22,Friday   ,34,3,August   ,2025,Halcyon Reach,MEDICARE ENGLISH,search,715.95,NULL,NULL,39,36,22,3,887
2025-08-22,Friday   ,34,3,August   ,2025,Halcyon Reach,MEDICARE SPANISH,search,111.44,11.57,0.104,6,4,2,2,686
2025-08-22,Friday   ,34,3,August   ,2025,Prairie Signal,MEDICARE ENGLISH,youtube,361.21,106.23,0.294,18,16,11,2,812
2025-08-22,Friday   ,34,3,August   ,2025,Prairie Signal,ACA ENGLISH,youtube,120.25,19.13,0.159,7,6,4,1,553
2025-08-22,Friday   ,34,3,August   ,2025,Silverpine Ads,AUTO INSURANCE ENGLISH,facebook,279.62,42.92,0.154,12,9,6,3,1047
2025-08-22,Friday   ,34,3,August   ,2025,Ember Lane Digital,MEDICARE ENGLISH,facebook,2216.20,303.98,0.137,109,93,62,16,1072
2025-08-22,Friday   ,34,3,August   ,2025,Foxglove Media,AUTO ENGLISH,search,1018.18,-41.42,-0.041,78,70,46,8,543
2025-08-22,Friday   ,34,3,August   ,2025,Quarry Point,FINAL EXPENSE ENGLISH,NULL,764.05,NULL,NULL,42,37,21,5,568
2025-08-22,Friday   ,34,3,August   ,2025,Slate Harbor Ads,ACA ENGLISH,NULL,498.14,NULL,NULL,38,35,16,3,726
2025-08-22,Friday   ,34,3,August   ,2025,Slate Harbor Ads,MEDICARE ENGLISH,NULL,2584.37,618.88,0.239,155,137,65,18,809
2025-08-22,Friday   ,34,3,August   ,2025,Bellweather Media,MEDICARE ENGLISH,NULL,399.31,110.38,0.276,20,16,10,4,1095
2025-08-22,Friday   ,34,3,August   ,2025,Windrose Performance,AUTO ENGLISH,NULL,664.12,54.78,0.082,42,34,21,8,656
2025-08-22,Friday   ,34,3,August   ,2025,Auburn Peak Media,AUTO INSURANCE ENGLISH,search,106.59,9.48,0.089,5,4,2,1,1032
2025-08-22,Friday   ,34,3,August   ,2025,Larkspur Ads,FINAL EXPENSE ENGLISH,NULL,937.68,151.97,0.162,42,38,18,4,727
2025-08-22,Friday   ,34,3,August   ,2025,Mistral Reach,MEDICARE ENGLISH,search,1801.37,390.53,0.217,104,98,48,6,942
2025-08-25,Monday   ,35,3,August   ,2025,Northwind Media,MEDICARE ENGLISH,youtube,3097.13,459.52,0.148,234,207,109,27,923
2025-08-25,Monday   ,35,3,August   ,2025,Cedar Lane Ads,ACA ENGLISH,facebook,175.45,33.89,0.193,13,10,5,3,725
2025-08-25,Monday   ,35,3,August   ,2025,Vertex Reach,MEDICARE ENGLISH,facebook,1683.24,301.12,0.179,131,120,78,11,696
2025-08-25,Monday   ,35,3,August   ,2025,Vertex Reach,FINAL EXPENSE ENGLISH,facebook,906.78,101.03,0.111,73,62,29,11,981
2025-08-25,Monday   ,35,3,August   ,2025,Copperfield Digital,MEDICARE ENGLISH,facebook,1105.59,NULL,NULL,54,46,32,8,1000
2025-08-25,Monday   ,35,3,August   ,2025,Kingfisher Ads,MEDICARE ENGLISH,NULL,4513.06,155.24,0.034,240,211,111,29,519
2025-08-25,Monday   ,35,3,August   ,2025,Bright Meridian,MEDICARE ENGLISH,facebook,681.39,NULL,NULL,49,46,31,3,897
2025-08-25,Monday   ,35,3,August   ,2025,Ironwood Digital,ACA ENGLISH,youtube,2640.22,NULL,NULL,204,172,123,32,777
2025-08-25,Monday   ,35,3,August   ,2025,Ironwood Digital,MEDICARE ENGLISH,youtube,14500.00,2118.63,0.146,835,689,463,146,902
2025-08-25,Monday   ,35,3,August   ,2025,Juniper Path,AUTO INSURANCE ENGLISH,search,283.78,NULL,NULL,14,12,5,2,596
2025-08-25,Monday   ,35,3,August   ,2025,Halcyon Reach,MEDICARE ENGLISH,search,497.47,86.60,0.174,24,19,10,5,784
2025-08-25,Monday   ,35,3,August   ,2025,Halcyon Reach,MEDICARE SPANISH,search,185.81,50.52,0.272,9,8,3,1,719
2025-08-25,Monday   ,35,3,August   ,2025,Prairie Signal,MEDICARE ENGLISH,youtube,727.84,45.41,0.062,47,38,25,9,930
2025-08-25,Monday   ,35,3,August   ,2025,Prairie Signal,ACA ENGLISH,youtube,175.95,36.84,0.209,9,7,4,2,872
2025-08-25,Monday   ,35,3,August   ,2025,Silverpine Ads,AUTO INSURANCE ENGLISH,facebook,457.06,177.17,0.388,28,23,10,5,1050
2025-08-25,Monday   ,35,3,August   ,2025,Ember Lane Digital,MEDICARE ENGLISH,facebook,997.27,178.71,0.179,62,52,24,10,633
2025-08-25,Monday   ,35,3,August   ,2025,Quarry Point,FINAL EXPENSE ENGLISH,NULL,1509.65,133.66,0.089,77,71,36,6,540
2025-08-25,Monday   ,35,3,August   ,2025,Tidewater Reach,MEDICARE ENGLISH,facebook,2478.24,263.93,0.106,117,105,59,12,771
2025-08-25,Monday   ,35,3,August   ,2025,Marigold Digital,MEDICARE ENGLISH,facebook,12876.97,NULL,NULL,772,668,307,104,550
2025-08-25,Monday   ,35,3,August   ,2025,Slate Harbor Ads,ACA ENGLISH,NULL,568.32,96.28,0.169,27,22,11,5,620
2025-08-25,Monday   ,35,3,August   ,2025,Bellweather Media,MEDICARE ENGLISH,NULL,615.35,145.27,0.236,33,30,19,3,1099
2025-08-25,Monday   ,35,3,August   ,2025,Bellweather Media,ACA ENGLISH,NULL,117.69,28.69,0.244,5,4,2,1,511
2025-08-25,Monday   ,35,3,August   ,2025,Cobalt Grove,MEDICARE ENGLISH,facebook,435.22,NULL,NULL,21,19,10,2,526
2025-08-25,Monday   ,35,3,August   ,2025,Auburn Peak Media,AUTO INSURANCE ENGLISH,search,114.52,22.02,0.192,6,5,3,1,572
2025-08-25,Monday   ,35,3,August   ,2025,Granite Bay Digital,MEDICARE ENGLISH,NULL,1260.39,135.97,0.108,91,86,40,5,958
2025-08-25,Monday   ,35,3,August   ,2025,Mistral Reach,MEDICARE ENGLISH,search,8017.06,1225.93,0.153,470,396,231,74,1080
2025-08-26,Tuesday  ,35,3,August   ,2025,Northwind Media,MEDICARE ENGLISH,youtube,652.18,65.80,0.101,37,30,17,7,634
2025-08-26,Tuesday  ,35,3,August   ,2025,Blue Harbor Digital,MEDICARE ENGLISH,search,683.85,118.60,0.173,44,37,25,7,853
2025-08-26,Tuesday  ,35,3,August   ,2025,Cedar Lane Ads,ACA ENGLISH,facebook,474.09,80.36,0.170,22,20,12,2,814
2025-08-26,Tuesday  ,35,3,August   ,2025,Copperfield Digital,MEDICARE ENGLISH,facebook,652.00,65.22,0.100,41,37,22,4,1025
2025-08-26,Tuesday  ,35,3,August   ,2025,Kingfisher Ads,MEDICARE ENGLISH,NULL,1347.43,33.47,0.025,94,86,61,8,646
2025-08-26,Tuesday  ,35,3,August   ,2025,Bright Meridian,MEDICARE ENGLISH,facebook,12857.86,1188.67,0.092,658,569,278,89,564
2025-08-26,Tuesday  ,35,3,August   ,2025,Bright Meridian,AUTO INSURANCE ENGLISH,facebook,667.21,30.46,0.046,36,29,20,7,961
2025-08-26,Tuesday  ,35,3,August   ,2025,Sable Creek Media,MEDICARE ENGLISH,facebook,4099.85,1009.16,0.246,220,195,115,25,761
2025-08-26,Tuesday  ,35,3,August   ,2025,Sable Creek Media,FINAL EXPENSE ENGLISH,facebook,568.31,59.66,0.105,35,29,16,6,750
2025-08-26,Tuesday  ,35,3,August   ,2025,Ironwood Digital,ACA ENGLISH,youtube,1522.24,420.94,0.277,89,77,39,12,1095
2025-08-26,Tuesday  ,35,3,August   ,2025,Ironwood Digital,MEDICARE ENGLISH,youtube,14500.00,3060.82,0.211,693,582,271,111,619
2025-08-26,Tuesday  ,35,3,August   ,2025,Juniper Path,AUTO INSURANCE ENGLISH,search,268.87,NULL,NULL,12,10,5,2,683
2025-08-26,Tuesday  ,35,3,August   ,2025,Prairie Signal,MEDICARE ENGLISH,youtube,437.17,68.26,0.156,22,20,13,2,566
2025-08-26,Tuesday  ,35,3,August   ,2025,Prairie Signal,ACA ENGLISH,youtube,138.08,22.85,0.165,6,5,3,1,561
2025-08-26,Tuesday  ,35,3,August   ,2025,Tidewater Reach,MEDICARE ENGLISH,facebook,1109.71,260.36,0.235,54,49,29,5,704
2025-08-26,Tuesday  ,35,3,August   ,2025,Slate Harbor Ads,ACA ENGLISH,NULL,1698.45,375.34,0.221,108,89,61,19,879
2025-08-26,Tuesday  ,35,3,August   ,2025,Slate Harbor Ads,MEDICARE ENGLISH,NULL,7021.39,991.73,0.141,361,325,194,36,836
2025-08-26,Tuesday  ,35,3,August   ,2025,Bellweather Media,MEDICARE ENGLISH,NULL,864.84,227.76,0.263,52,44,19,8,713
2025-08-26,Tuesday  ,35,3,August   ,2025,Cobalt Grove,MEDICARE ENGLISH,facebook,2237.90,330.41,0.148,121,108,70,13,808
2025-08-26,Tuesday  ,35,3,August   ,2025,Auburn Peak Media,AUTO INSURANCE ENGLISH,search,134.43,NULL,NULL,9,7,4,2,661
2025-08-26,Tuesday  ,35,3,August   ,2025,Auburn Peak Media,FINAL EXPENSE ENGLISH,search,75.79,8.02,0.106,4,3,2,1,821
2025-08-26,Tuesday  ,35,3,August   ,2025,Granite Bay Digital,MEDICARE ENGLISH,NULL,951.92,115.38,0.121,66,61,40,5,914
2025-08-27,Wednesday,35,3,August   ,2025,Northwind Media,MEDICARE ENGLISH,youtube,4130.01,167.36,0.041,323,268,180,55,707
2025-08-27,Wednesday,35,3,August   ,2025,Cedar Lane Ads,ACA ENGLISH,facebook,511.65,NULL,NULL,26,23,13,3,819
2025-08-27,Wednesday,35,3,August   ,2025,Copperfield Digital,MEDICARE ENGLISH,facebook,585.36,173.70,0.297,27,22,11,5,1092
2025-08-27,Wednesday,35,3,August   ,2025,Aster Performance,AUTO ENGLISH,youtube,292.35,-98.00,-0.335,17,15,9,2,827
2025-08-27,Wednesday,35,3,August   ,2025,Kingfisher Ads,MEDICARE ENGLISH,NULL,1058.06,155.84,0.147,65,59,29,6,1033
2025-08-27,Wednesday,35,3,August   ,2025,Bright Meridian,MEDICARE ENGLISH,facebook,3941.99,908.53,0.230,207,189,109,18,800
2025-08-27,Wednesday,35,3,August   ,2025,Sable Creek Media,MEDICARE ENGLISH,facebook,2966.17,184.23,0.062,180,150,76,30,822
2025-08-27,Wednesday,35,3,August   ,2025,Juniper Path,AUTO INSURANCE ENGLISH,search,683.11,326.44,0.478,45,38,20,7,525
2025-08-27,Wednesday,35,3,August   ,2025,Prairie Signal,MEDICARE ENGLISH,youtube,211.94,46.32,0.219,11,9,4,2,631
2025-08-27,Wednesday,35,3,August   ,2025,Onyx Row Media,MEDICARE SPANISH,NULL,66.45,11.53,0.174,3,2,1,1,881
2025-08-27,Wednesday,35,3,August   ,2025,Onyx Row Media,MEDICARE ENGLISH,NULL,753.94,159.37,0.211,35,29,15,6,599
2025-08-27,Wednesday,35,3,August   ,2025,Silverpine Ads,AUTO INSURANCE ENGLISH,facebook,231.09,91.15,0.394,10,9,6,1,943
2025-08-27,Wednesday,35,3,August   ,2025,Ember Lane Digital,MEDICARE ENGLISH,facebook,1098.53,200.04,0.182,91,78,46,13,880
2025-08-27,Wednesday,35,3,August   ,2025,Foxglove Media,AUTO ENGLISH,search,879.85,350.68,0.399,50,44,31,6,559
2025-08-27,Wednesday,35,3,August   ,2025,Tidewater Reach,MEDICARE ENGLISH,facebook,1052.38,198.22,0.188,49,41,23,8,852
2025-08-27,Wednesday,35,3,August   ,2025,Slate Harbor Ads,ACA ENGLISH,NULL,593.06,NULL,NULL,37,30,15,7,844
2025-08-27,Wednesday,35,3,August   ,2025,Slate Harbor Ads,MEDICARE ENGLISH,NULL,2273.46,468.27,0.206,119,112,60,7,973
2025-08-27,Wednesday,35,3,August   ,2025,Bellweather Media,MEDICARE ENGLISH,NULL,649.09,138.22,0.213,36,31,20,5,680
2025-08-27,Wednesday,35,3,August   ,2025,Bellweather Media,MEDICARE SPANISH,NULL,112.71,41.12,0.365,5,4,2,1,794
2025-08-27,Wednesday,35,3,August   ,2025,Bellweather Media,ACA ENGLISH,NULL,125.41,NULL,NULL,6,4,2,2,955
2025-08-27,Wednesday,35,3,August   ,2025,Cobalt Grove,MEDICARE ENGLISH,facebook,1277.89,NULL,NULL,67,60,42,7,561
2025-08-27,Wednesday,35,3,August   ,2025,Windrose Performance,AUTO ENGLISH,NULL,502.08,356.48,0.710,35,29,16,6,1072
2025-08-27,Wednesday,35,3,August   ,2025,Windrose Performance,MEDICARE ENGLISH,NULL,534.11,NULL,NULL,25,21,11,4,605
2025-08-27,Wednesday,35,3,August   ,2025,Auburn Peak Media,FINAL EXPENSE ENGLISH,search,122.81,26.27,0.214,6,5,3,1,1054
2025-08-27,Wednesday,35,3,August   ,2025,Larkspur Ads,FINAL EXPENSE ENGLISH,NULL,710.52,146.99,0.207,35,31,14,4,1043
2025-08-27,Wednesday,35,3,August   ,2025,Mistral Reach,MEDICARE ENGLISH,search,4097.10,723.79,0.177,216,197,122,19,950
2025-08-28,Thursday ,35,3,August   ,2025,Northwind Media,MEDICARE ENGLISH,youtube,1357.59,265.35,0.195,76,62,30,14,832
2025-08-28,Thursday ,35,3,August   ,2025,Blue Harbor Digital,MEDICARE ENGLISH,search,268.62,43.63,0.162,12,9,6,3,543
2025-08-28,Thursday ,35,3,August   ,2025,Blue Harbor Digital,MEDICARE SPANISH,search,187.54,46.88,0.250,8,6,3,2,570
2025-08-28,Thursday ,35,3,August   ,2025,Cedar Lane Ads,ACA ENGLISH,facebook,845.13,84.03,0.099,42,35,19,7,1067
2025-08-28,Thursday ,35,3,August   ,2025,Lantern Media Group,MEDICARE ENGLISH,facebook,3089.88,458.67,0.148,173,155,105,18,592
2025-08-28,Thursday ,35,3,August   ,2025,Copperfield Digital,MEDICARE ENGLISH,facebook,393.59,43.40,0.110,18,14,9,4,822
2025-08-28,Thursday ,35,3,August   ,2025,Copperfield Digital,ACA ENGLISH,facebook,126.43,21.13,0.167,8,6,3,2,710
2025-08-28,Thursday ,35,3,August   ,2025,Bright Meridian,MEDICARE ENGLISH,facebook,5716.06,1359.91,0.238,280,252,144,28,810
2025-08-28,Thursday ,35,3,August   ,2025,Sable Creek Media,MEDICARE ENGLISH,facebook,2194.52,88.80,0.040,100,91,46,9,1068
2025-08-28,Thursday ,35,3,August   ,2025,Sable Creek Media,FINAL EXPENSE ENGLISH,facebook,556.60,NULL,NULL,31,29,16,2,1083
2025-08-28,Thursday ,35,3,August   ,2025,Ironwood Digital,ACA ENGLISH,youtube,1185.48,304.13,0.257,69,59,29,10,1072
2025-08-28,Thursday ,35,3,August   ,2025,Halcyon Reach,MEDICARE ENGLISH,search,454.04,71.27,0.157,33,28,18,5,1028
2025-08-28,Thursday ,35,3,August   ,2025,Halcyon Reach,MEDICARE SPANISH,search,351.64,NULL,NULL,27,23,14,4,849
2025-08-28,Thursday ,35,3,August   ,2025,Prairie Signal,MEDICARE ENGLISH,youtube,1322.83,174.05,0.132,87,76,52,11,735
2025-08-28,Thursday ,35,3,August   ,2025,Prairie Signal,ACA ENGLISH,youtube,134.91,23.82,0.177,8,6,3,2,657
2025-08-28,Thursday ,35,3,August   ,2025,Onyx Row Media,MEDICARE SPANISH,NULL,156.12,32.43,0.208,11,10,5,1,994
2025-08-28,Thursday ,35,3,August   ,2025,Ember Lane Digital,MEDICARE ENGLISH,facebook,1150.96,159.17,0.138,58,49,33,9,1039
2025-08-28,Thursday ,35,3,August   ,2025,Quarry Point,FINAL EXPENSE ENGLISH,NULL,1263.33,NULL,NULL,62,56,26,6,904
2025-08-28,Thursday ,35,3,August   ,2025,Tidewater Reach,MEDICARE ENGLISH,facebook,896.03,30.09,0.034,49,42,22,7,701
2025-08-28,Thursday ,35,3,August   ,2025,Marigold Digital,MEDICARE ENGLISH,facebook,1811.75,430.41,0.238,84,73,40,11,1049
2025-08-28,Thursday ,35,3,August   ,2025,Slate Harbor Ads,ACA ENGLISH,NULL,1057.15,176.65,0.167,63,54,36,9,1013
2025-08-28,Thursday ,35,3,August   ,2025,Bellweather Media,MEDICARE ENGLISH,NULL,586.29,79.26,0.135,37,33,17,4,690
2025-08-28,Thursday ,35,3,August   ,2025,Cobalt Grove,MEDICARE ENGLISH,facebook,736.42,100.68,0.137,51,43,20,8,571
2025-08-28,Thursday ,35,3,August   ,2025,Windrose Performance,AUTO ENGLISH,NULL,133.42,37.19,0.279,9,7,4,2,981
2025-08-28,Thursday ,35,3,August   ,2025,Windrose Performance,MEDICARE ENGLISH,NULL,366.55,NULL,NULL,26,23,16,3,916
2025-08-28,Thursday ,35,3,August   ,2025,Auburn Peak Media,AUTO INSURANCE ENGLISH,search,190.40,34.07,0.179,9,8,4,1,866
2025-08-28,Thursday ,35,3,August   ,2025,Auburn Peak Media,FINAL EXPENSE ENGLISH,search,109.86,NULL,NULL,5,4,2,1,1058
2025-08-28,Thursday ,35,3,August   ,2025,Larkspur Ads,FINAL EXPENSE ENGLISH,NULL,1925.10,212.54,0.110,130,110,52,20,518
2025-08-28,Thursday ,35,3,August   ,2025,Granite Bay Digital,MEDICARE ENGLISH,NULL,471.63,84.04,0.178,30,25,16,5,662
2025-08-28,Thursday ,35,3,August   ,2025,Granite Bay Digital,ACA ENGLISH,NULL,179.97,40.64,0.226,13,11,6,2,585
2025-08-29,Friday   ,35,3,August   ,2025,Blue Harbor Digital,MEDICARE ENGLISH,search,194.82,NULL,NULL,9,8,3,1,669
2025-08-29,Friday   ,35,3,August   ,2025,Blue Harbor Digital,MEDICARE SPANISH,search,71.08,19.72,0.277,4,3,1,1,672
2025-08-29,Friday   ,35,3,August   ,2025,Vertex Reach,MEDICARE ENGLISH,facebook,4471.99,704.45,0.158,331,285,182,46,536
2025-08-29,Friday   ,35,3,August   ,2025,Copperfield Digital,MEDICARE ENGLISH,facebook,366.34,73.72,0.201,19,15,7,4,640
2025-08-29,Friday   ,35,3,August   ,2025,Ironwood Digital,ACA ENGLISH,youtube,1936.41,597.43,0.309,154,129,80,25,681
2025-08-29,Friday   ,35,3,August   ,2025,Juniper Path,MEDICARE SPANISH,search,678.19,155.04,0.229,32,28,18,4,1095
2025-08-29,Friday   ,35,3,August   ,2025,Halcyon Reach,MEDICARE ENGLISH,search,223.11,65.22,0.292,10,9,4,1,1068
2025-08-29,Friday   ,35,3,August   ,2025,Prairie Signal,MEDICARE ENGLISH,youtube,183.59,27.37,0.149,8,6,4,2,540
2025-08-29,Friday   ,35,3,August   ,2025,Prairie Signal,ACA ENGLISH,youtube,73.27,9.35,0.128,3,2,1,1,903
2025-08-29,Friday   ,35,3,August   ,2025,Onyx Row Media,MEDICARE SPANISH,NULL,47.55,12.12,0.255,3,2,1,1,696
2025-08-29,Friday   ,35,3,August   ,2025,Onyx Row Media,AUTO ENGLISH,NULL,374.58,56.32,0.150,30,27,12,3,691
2025-08-29,Friday   ,35,3,August   ,2025,Onyx Row Media,MEDICARE ENGLISH,NULL,546.12,51.81,0.095,32,26,12,6,868
2025-08-29,Friday   ,35,3,August   ,2025,Silverpine Ads,AUTO INSURANCE ENGLISH,facebook,263.88,120.96,0.458,14,11,6,3,517
2025-08-29,Friday   ,35,3,August   ,2025,Quarry Point,FINAL EXPENSE ENGLISH,NULL,298.33,51.97,0.174,19,16,9,3,770
2025-08-29,Friday   ,35,3,August   ,2025,Marigold Digital,MEDICARE ENGLISH,facebook,5775.62,NULL,NULL,318,292,210,26,560
2025-08-29,Friday   ,35,3,August   ,2025,Slate Harbor Ads,ACA ENGLISH,NULL,737.44,170.91,0.232,48,44,21,4,756
2025-08-29,Friday   ,35,3,August   ,2025,Slate Harbor Ads,MEDICARE ENGLISH,NULL,592.04,NULL,NULL,43,38,21,5,1074
2025-08-29,Friday   ,35,3,August   ,2025,Auburn Peak Media,AUTO INSURANCE ENGLISH,search,65.98,37.36,0.566,5,4,2,1,807
2025-08-29,Friday   ,35,3,August   ,2025,Larkspur Ads,FINAL EXPENSE ENGLISH,NULL,303.49,88.86,0.293,22,18,11,4,757
2025-09-01,Monday   ,36,3,September,2025,Blue Harbor Digital,MEDICARE ENGLISH,search,289.11,80.73,0.279,20,18,9,2,797
2025-09-01,Monday   ,36,3,September,2025,Cedar Lane Ads,ACA ENGLISH,facebook,292.84,26.59,0.091,13,11,5,2,666
2025-09-01,Monday   ,36,3,September,2025,Lantern Media Group,MEDICARE ENGLISH,facebook,3246.67,NULL,NULL,226,188,92,38,710
2025-09-01,Monday   ,36,3,September,2025,Copperfield Digital,MEDICARE ENGLISH,facebook,420.94,48.66,0.116,26,23,16,3,714
2025-09-01,Monday   ,36,3,September,2025,Ironwood Digital,ACA ENGLISH,youtube,1187.89,286.30,0.241,82,69,34,13,846
2025-09-01,Monday   ,36,3,September,2025,Juniper Path,AUTO INSURANCE ENGLISH,search,722.35,336.45,0.466,34,28,13,6,933
2025-09-01,Monday   ,36,3,September,2025,Prairie Signal,MEDICARE ENGLISH,youtube,388.39,101.63,0.262,22,19,11,3,692
2025-09-01,Monday   ,36,3,September,2025,Onyx Row Media,MEDICARE SPANISH,NULL,29.48,NULL,NULL,2,1,0,1,1031
2025-09-01,Monday   ,36,3,September,2025,Silverpine Ads,AUTO INSURANCE ENGLISH,facebook,754.18,80.28,0.106,39,34,23,5,825
2025-09-01,Monday   ,36,3,September,2025,Foxglove Media,AUTO ENGLISH,search,559.40,379.73,0.679,28,23,14,5,614
2025-09-01,Monday   ,36,3,September,2025,Quarry Point,FINAL EXPENSE ENGLISH,NULL,865.48,NULL,NULL,61,55,36,6,613
2025-09-01,Monday   ,36,3,September,2025,Tidewater Reach,MEDICARE ENGLISH,facebook,781.09,141.91,0.182,62,54,25,8,753
2025-09-01,Monday   ,36,3,September,2025,Slate Harbor Ads,ACA ENGLISH,NULL,216.24,53.60,0.248,13,12,6,1,1057
2025-09-01,Monday   ,36,3,September,2025,Windrose Performance,AUTO ENGLISH,NULL,328.48,101.64,0.309,19,17,8,2,925
2025-09-01,Monday   ,36,3,September,2025,Windrose Performance,MEDICARE ENGLISH,NULL,1701.53,341.37,0.201,114,102,53,12,532
2025-09-01,Monday   ,36,3,September,2025,Thornfield Digital,MEDICARE ENGLISH,facebook,1205.63,152.70,0.127,62,58,36,4,523
2025-09-01,Monday   ,36,3,September,2025,Auburn Peak Media,AUTO INSURANCE ENGLISH,search,108.79,8.12,0.075,6,5,2,1,654
2025-09-01,Monday   ,36,3,September,2025,Larkspur Ads,FINAL EXPENSE ENGLISH,NULL,915.84,240.76,0.263,44,39,25,5,1003
2025-09-01,Monday   ,36,3,September,2025,Mistral Reach,MEDICARE ENGLISH,search,4221.24,1040.43,0.246,229,189,87,40,750
2025-09-02,Tuesday  ,36,3,September,2025,Northwind Media,MEDICARE ENGLISH,youtube,3335.90,NULL,NULL,178,152,104,26,688
2025-09-02,Tuesday  ,36,3,September,2025,Blue Harbor Digital,MEDICARE ENGLISH,search,626.63,78.99,0.126,41,38,21,3,873
2025-09-02,Tuesday  ,36,3,September,2025,Cedar Lane Ads,ACA ENGLISH,facebook,424.61,81.32,0.192,23,19,12,4,873
2025-09-02,Tuesday  ,36,3,September,2025,Vertex Reach,MEDICARE ENGLISH,facebook,1202.23,94.19,0.078,54,49,23,5,1043
2025-09-02,Tuesday  ,36,3,September,2025,Lantern Media Group,MEDICARE ENGLISH,facebook,3095.91,578.08,0.187,210,185,121,25,1035
2025-09-02,Tuesday  ,36,3,September,2025,Copperfield Digital,MEDICARE ENGLISH,facebook,152.95,21.66,0.142,7,6,3,1,732
2025-09-02,Tuesday  ,36,3,September,2025,Kingfisher Ads,MEDICARE ENGLISH,NULL,2843.17,681.79,0.240,149,137,96,12,950
2025-09-02,Tuesday  ,36,3,September,2025,Bright Meridian,MEDICARE ENGLISH,facebook,2526.66,492.79,0.195,142,119,64,23,611
2025-09-02,Tuesday  ,36,3,September,2025,Ironwood Digital,ACA ENGLISH,youtube,2075.93,536.65,0.259,137,112,69,25,979
2025-09-02,Tuesday  ,36,3,September,2025,Ironwood Digital,MEDICARE ENGLISH,youtube,13837.63,1195.50,0.086,797,703,501,94,1044
2025-09-02,Tuesday  ,36,3,September,2025,Juniper Path,AUTO INSURANCE ENGLISH,search,524.63,40.58,0.077,26,24,15,2,1050
2025-09-02,Tuesday  ,36,3,September,2025,Juniper Path,MEDICARE SPANISH,search,262.23,75.71,0.289,19,15,9,4,737
2025-09-02,Tuesday  ,36,3,September,2025,Prairie Signal,MEDICARE ENGLISH,youtube,726.79,217.63,0.299,39,32,21,7,949
2025-09-02,Tuesday  ,36,3,September,2025,Prairie Signal,ACA ENGLISH,youtube,209.31,36.67,0.175,14,11,5,3,509
2025-09-02,Tuesday  ,36,3,September,2025,Silverpine Ads,AUTO INSURANCE ENGLISH,facebook,328.89,-106.97,-0.325,18,16,10,2,623
2025-09-02,Tuesday  ,36,3,September,2025,Ember Lane Digital,MEDICARE ENGLISH,facebook,909.14,149.02,0.164,43,37,25,6,593
2025-09-02,Tuesday  ,36,3,September,2025,Quarry Point,FINAL EXPENSE ENGLISH,NULL,706.87,174.78,0.247,54,47,32,7,822
2025-09-02,Tuesday  ,36,3,September,2025,Tidewater Reach,MEDICARE ENGLISH,facebook,1717.55,114.73,0.067,79,74,37,5,588
2025-09-02,Tuesday  ,36,3,September,2025,Marigold Digital,MEDICARE ENGLISH,facebook,5727.52,1800.89,0.314,345,308,218,37,761
2025-09-02,Tuesday  ,36,3,September,2025,Slate Harbor Ads,ACA ENGLISH,NULL,506.46,65.92,0.130,23,19,12,4,987
2025-09-02,Tuesday  ,36,3,September,2025,Bellweather Media,MEDICARE ENGLISH,NULL,419.93,66.70,0.159,26,24,16,2,1018
2025-09-02,Tuesday  ,36,3,September,2025,Windrose Performance,AUTO ENGLISH,NULL,438.77,77.23,0.176,26,24,16,2,725
2025-09-02,Tuesday  ,36,3,September,2025,Windrose Performance,MEDICARE ENGLISH,NULL,1707.33,404.30,0.237,118,108,75,10,516
2025-09-02,Tuesday  ,36,3,September,2025,Auburn Peak Media,AUTO INSURANCE ENGLISH,search,84.18,-31.81,-0.378,6,5,2,1,776
2025-09-02,Tuesday  ,36,3,September,2025,Granite Bay Digital,MEDICARE ENGLISH,NULL,1525.71,350.08,0.229,81,74,51,7,1032
2025-09-03,Wednesday,36,3,September,2025,Northwind Media,MEDICARE ENGLISH,youtube,3680.75,NULL,NULL,272,224,129,48,1014
2025-09-03,Wednesday,36,3,September,2025,Cedar Lane Ads,ACA ENGLISH,facebook,126.24,18.25,0.145,6,4,2,2,865
2025-09-03,Wednesday,36,3,September,2025,Vertex Reach,MEDICARE ENGLISH,facebook,2071.12,405.07,0.196,130,120,78,10,860
2025-09-03,Wednesday,36,3,September,2025,Vertex Reach,FINAL EXPENSE ENGLISH,facebook,1852.95,176.97,0.096,90,79,43,11,995
2025-09-03,Wednesday,36,3,September,2025,Lantern Media Group,MEDICARE ENGLISH,facebook,5708.73,NULL,NULL,291,259,128,32,869
2025-09-03,Wednesday,36,3,September,2025,Aster Performance,AUTO ENGLISH,youtube,610.95,177.67,0.291,27,24,12,3,808
2025-09-03,Wednesday,36,3,September,2025,Kingfisher Ads,MEDICARE ENGLISH,NULL,4333.40,377.06,0.087,258,219,141,39,712
2025-09-03,Wednesday,36,3,September,2025,Ironwood Digital,ACA ENGLISH,youtube,3888.70,1179.77,0.303,202,190,136,12,763
2025-09-03,Wednesday,36,3,September,2025,Juniper Path,AUTO INSURANCE ENGLISH,search,576.15,99.69,0.173,26,22,11,4,941
2025-09-03,Wednesday,36,3,September,2025,Halcyon Reach,MEDICARE ENGLISH,search,497.12,80.28,0.161,35,31,17,4,1068
2025-09-03,Wednesday,36,3,September,2025,Prairie Signal,MEDICARE ENGLISH,youtube,571.77,34.68,0.061,26,22,11,4,693
2025-09-03,Wednesday,36,3,September,2025,Onyx Row Media,MEDICARE SPANISH,NULL,64.01,19.10,0.298,4,3,2,1,1035
2025-09-03,Wednesday,36,3,September,2025,Silverpine Ads,AUTO INSURANCE ENGLISH,facebook,243.04,106.40,0.438,14,12,6,2,606
2025-09-03,Wednesday,36,3,September,2025,Foxglove Media,AUTO ENGLISH,search,312.82,NULL,NULL,15,12,7,3,1071
2025-09-03,Wednesday,36,3,September,2025,Tidewater Reach,MEDICARE ENGLISH,facebook,1227.56,257.50,0.210,68,62,30,6,775
2025-09-03,Wednesday,36,3,September,2025,Marigold Digital,MEDICARE ENGLISH,facebook,4666.58,819.46,0.176,247,220,100,27,941
2025-09-03,Wednesday,36,3,September,2025,Slate Harbor Ads,MEDICARE ENGLISH,NULL,2180.08,448.10,0.206,117,100,52,17,587
2025-09-03,Wednesday,36,3,September,2025,Thornfield Digital,MEDICARE ENGLISH,facebook,716.61,NULL,NULL,34,30,20,4,971
2025-09-03,Wednesday,36,3,September,2025,Granite Bay Digital,MEDICARE ENGLISH,NULL,355.40,97.27,0.274,20,17,8,3,629
2025-09-03,Wednesday,36,3,September,2025,Mistral Reach,MEDICARE ENGLISH,search,2147.22,393.51,0.183,125,103,47,22,954
2025-09-04,Thursday ,36,3,September,2025,Northwind Media,MEDICARE ENGLISH,youtube,1387.99,289.30,0.208,68,57,32,11,620
2025-09-04,Thursday ,36,3,September,2025,Cedar Lane Ads,ACA ENGLISH,facebook,678.08,173.98,0.257,38,33,16,5,516
2025-09-04,Thursday ,36,3,September,2025,Lantern Media Group,MEDICARE ENGLISH,facebook,2238.20,505.64,0.226,120,106,62,14,514
2025-09-04,Thursday ,36,3,September,2025,Copperfield Digital,MEDICARE ENGLISH,facebook,171.24,NULL,NULL,10,8,5,2,536
2025-09-04,Thursday ,36,3,September,2025,Aster Performance,AUTO ENGLISH,youtube,185.23,24.78,0.134,9,8,3,1,853
2025-09-04,Thursday ,36,3,September,2025,Kingfisher Ads,MEDICARE ENGLISH,NULL,1238.69,310.68,0.251,58,51,26,7,682
2025-09-04,Thursday ,36,3,September,2025,Bright Meridian,MEDICARE ENGLISH,facebook,2982.72,735.42,0.247,219,180,126,39,1042
2025-09-04,Thursday ,36,3,September,2025,Ironwood Digital,ACA ENGLISH,youtube,1603.76,347.46,0.217,96,83,53,13,505
2025-09-04,Thursday ,36,3,September,2025,Ironwood Digital,MEDICARE ENGLISH,youtube,7268.92,1543.42,0.212,481,436,280,45,780
2025-09-04,Thursday ,36,3,September,2025,Juniper Path,AUTO INSURANCE ENGLISH,search,463.34,190.64,0.411,34,29,14,5,572
2025-09-04,Thursday ,36,3,September,2025,Halcyon Reach,MEDICARE ENGLISH,search,1414.11,NULL,NULL,99,84,56,15,1054
2025-09-04,Thursday ,36,3,September,2025,Prairie Signal,MEDICARE ENGLISH,youtube,555.56,84.51,0.152,33,28,15,5,1085
2025-09-04,Thursday ,36,3,September,2025,Prairie Signal,ACA ENGLISH,youtube,58.71,10.54,0.180,3,2,1,1,834
2025-09-04,Thursday ,36,3,September,2025,Onyx Row Media,AUTO ENGLISH,NULL,143.41,35.29,0.246,7,6,3,1,764
2025-09-04,Thursday ,36,3,September,2025,Ember Lane Digital,MEDICARE ENGLISH,facebook,1548.23,150.46,0.097,112,94,66,18,660
2025-09-04,Thursday ,36,3,September,2025,Foxglove Media,AUTO ENGLISH,search,1198.70,352.59,0.294,92,84,57,8,1054
2025-09-04,Thursday ,36,3,September,2025,Quarry Point,FINAL EXPENSE ENGLISH,NULL,1608.49,67.59,0.042,79,67,45,12,761
2025-09-04,Thursday ,36,3,September,2025,Marigold Digital,MEDICARE ENGLISH,facebook,1176.56,446.17,0.379,97,80,46,17,789
2025-09-04,Thursday ,36,3,September,2025,Windrose Performance,AUTO ENGLISH,NULL,206.71,46.10,0.223,9,7,5,2,722
2025-09-04,Thursday ,36,3,September,2025,Windrose Performance,MEDICARE ENGLISH,NULL,1524.12,NULL,NULL,86,80,54,6,565
2025-09-04,Thursday ,36,3,September,2025,Thornfield Digital,MEDICARE ENGLISH,facebook,487.77,47.91,0.098,35,31,22,4,1021
2025-09-04,Thursday ,36,3,September,2025,Auburn Peak Media,AUTO INSURANCE ENGLISH,search,69.00,39.97,0.579,3,2,1,1,725
2025-09-04,Thursday ,36,3,September,2025,Mistral Reach,MEDICARE ENGLISH,search,3187.54,398.65,0.125,196,171,91,25,793
2025-09-05,Friday   ,36,3,September,2025,Northwind Media,MEDICARE ENGLISH,youtube,1794.65,180.38,0.101,87,74,43,13,676
2025-09-05,Friday   ,36,3,September,2025,Blue Harbor Digital,MEDICARE ENGLISH,search,304.23,46.97,0.154,14,11,7,3,833
2025-09-05,Friday   ,36,3,September,2025,Cedar Lane Ads,ACA ENGLISH,facebook,400.07,NULL,NULL,23,19,13,4,828
2025-09-05,Friday   ,36,3,September,2025,Lantern Media Group,MEDICARE ENGLISH,facebook,2425.93,NULL,NULL,165,151,75,14,976
2025-09-05,Friday   ,36,3,September,2025,Aster Performance,AUTO ENGLISH,youtube,1195.31,728.93,0.610,77,67,47,10,1010
2025-09-05,Friday   ,36,3,September,2025,Bright Meridian,MEDICARE ENGLISH,facebook,5749.01,1182.06,0.206,278,261,125,17,990
2025-09-05,Friday   ,36,3,September,2025,Sable Creek Media,MEDICARE ENGLISH,facebook,1444.35,NULL,NULL,74,63,38,11,632
2025-09-05,Friday   ,36,3,September,2025,Ironwood Digital,ACA ENGLISH,youtube,1931.23,NULL,NULL,108,95,64,13,701
2025-09-05,Friday   ,36,3,September,2025,Halcyon Reach,MEDICARE ENGLISH,search,743.28,98.31,0.132,45,37,17,8,912
2025-09-05,Friday   ,36,3,September,2025,Prairie Signal,MEDICARE ENGLISH,youtube,733.65,46.92,0.064,42,37,17,5,668
2025-09-05,Friday   ,36,3,September,2025,Prairie Signal,ACA ENGLISH,youtube,228.67,NULL,NULL,13,12,8,1,1063
2025-09-05,Friday   ,36,3,September,2025,Onyx Row Media,MEDICARE SPANISH,NULL,100.68,16.50,0.164,6,5,2,1,622
2025-09-05,Friday   ,36,3,September,2025,Foxglove Media,AUTO ENGLISH,search,609.72,58.66,0.096,34,29,20,5,718
2025-09-05,Friday   ,36,3,September,2025,Quarry Point,FINAL EXPENSE ENGLISH,NULL,325.96,22.75,0.070,22,19,11,3,832
2025-09-05,Friday   ,36,3,September,2025,Tidewater Reach,MEDICARE ENGLISH,facebook,1343.74,96.41,0.072,78,66,29,12,848
2025-09-05,Friday   ,36,3,September,2025,Marigold Digital,MEDICARE ENGLISH,facebook,1819.86,483.61,0.266,126,118,63,8,893
2025-09-05,Friday   ,36,3,September,2025,Slate Harbor Ads,ACA ENGLISH,NULL,752.57,144.71,0.192,35,30,21,5,622
2025-09-05,Friday   ,36,3,September,2025,Slate Harbor Ads,MEDICARE ENGLISH,NULL,1932.80,184.01,0.095,160,132,93,28,628
2025-09-05,Friday   ,36,3,September,2025,Cobalt Grove,MEDICARE ENGLISH,facebook,1321.47,86.50,0.065,85,76,42,9,642
2025-09-05,Friday   ,36,3,September,2025,Windrose Performance,AUTO ENGLISH,NULL,215.62,102.66,0.476,12,9,5,3,943
2025-09-05,Friday   ,36,3,September,2025,Thornfield Digital,MEDICARE ENGLISH,facebook,1060.04,273.70,0.258,52,45,25,7,1095
2025-09-05,Friday   ,36,3,September,2025,Larkspur Ads,FINAL EXPENSE ENGLISH,NULL,564.65,132.55,0.235,36,31,21,5,911
2025-09-05,Friday   ,36,3,September,2025,Granite Bay Digital,MEDICARE ENGLISH,NULL,893.68,289.73,0.324,66,58,27,8,646
2025-09-08,Monday   ,37,3,September,2025,Northwind Media,MEDICARE ENGLISH,youtube,1405.53,56.58,0.040,114,104,72,10,765
2025-09-08,Monday   ,37,3,September,2025,Blue Harbor Digital,MEDICARE ENGLISH,search,687.75,158.38,0.230,55,45,24,10,790
2025-09-08,Monday   ,37,3,September,2025,Blue Harbor Digital,MEDICARE SPANISH,search,64.66,19.57,0.303,3,2,1,1,822
2025-09-08,Monday   ,37,3,September,2025,Cedar Lane Ads,ACA ENGLISH,facebook,234.25,56.65,0.242,16,14,6,2,946
2025-09-08,Monday   ,37,3,September,2025,Lantern Media Group,MEDICARE ENGLISH,facebook,3427.27,910.37,0.266,163,142,92,21,669
2025-09-08,Monday   ,37,3,September,2025,Copperfield Digital,MEDICARE ENGLISH,facebook,233.02,37.34,0.160,15,12,8,3,979
2025-09-08,Monday   ,37,3,September,2025,Aster Performance,AUTO ENGLISH,youtube,835.74,338.42,0.405,57,49,22,8,735
2025-09-08,Monday   ,37,3,September,2025,Kingfisher Ads,MEDICARE ENGLISH,NULL,1041.78,261.85,0.251,75,70,36,5,521
2025-09-08,Monday   ,37,3,September,2025,Sable Creek Media,MEDICARE ENGLISH,facebook,622.02,161.31,0.259,31,25,12,6,749
2025-09-08,Monday   ,37,3,September,2025,Ironwood Digital,ACA ENGLISH,youtube,819.70,211.36,0.258,39,32,22,7,512
2025-09-08,Monday   ,37,3,September,2025,Juniper Path,AUTO INSURANCE ENGLISH,search,393.49,-21.39,-0.054,23,19,12,4,891
2025-09-08,Monday   ,37,3,September,2025,Halcyon Reach,MEDICARE ENGLISH,search,539.03,40.91,0.076,30,26,12,4,891
2025-09-08,Monday   ,37,3,September,2025,Prairie Signal,MEDICARE ENGLISH,youtube,211.86,53.14,0.251,12,11,7,1,1099
2025-09-08,Monday   ,37,3,September,2025,Silverpine Ads,AUTO INSURANCE ENGLISH,facebook,257.16,87.71,0.341,16,14,7,2,904
2025-09-08,Monday   ,37,3,September,2025,Ember Lane Digital,MEDICARE ENGLISH,facebook,1650.23,229.80,0.139,87,77,40,10,891
2025-09-08,Monday   ,37,3,September,2025,Foxglove Media,AUTO ENGLISH,search,617.57,229.50,0.372,32,28,20,4,721
2025-09-08,Monday   ,37,3,September,2025,Tidewater Reach,MEDICARE ENGLISH,facebook,942.02,NULL,NULL,71,59,36,12,805
2025-09-08,Monday   ,37,3,September,2025,Slate Harbor Ads,MEDICARE ENGLISH,NULL,10494.14,2051.54,0.195,695,643,373,52,809
2025-09-08,Monday   ,37,3,September,2025,Windrose Performance,MEDICARE ENGLISH,NULL,1274.84,269.65,0.212,85,70,34,15,1059
2025-09-08,Monday   ,37,3,September,2025,Thornfield Digital,MEDICARE ENGLISH,facebook,735.98,109.76,0.149,46,42,22,4,844
2025-09-08,Monday   ,37,3,September,2025,Auburn Peak Media,AUTO INSURANCE ENGLISH,search,128.67,41.12,0.320,9,8,5,1,915
2025-09-08,Monday   ,37,3,September,2025,Granite Bay Digital,MEDICARE ENGLISH,NULL,389.05,96.11,0.247,24,22,10,2,847
2025-09-09,Tuesday  ,37,3,September,2025,Northwind Media,MEDICARE ENGLISH,youtube,3395.20,427.52,0.126,261,219,105,42,981
2025-09-09,Tuesday  ,37,3,September,2025,Blue Harbor Digital,MEDICARE ENGLISH,search,679.84,123.56,0.182,32,26,12,6,1082
2025-09-09,Tuesday  ,37,3,September,2025,Cedar Lane Ads,ACA ENGLISH,facebook,880.20,170.06,0.193,54,46,28,8,825
2025-09-09,Tuesday  ,37,3,September,2025,Vertex Reach,MEDICARE ENGLISH,facebook,3093.00,637.77,0.206,222,190,135,32,1035
2025-09-09,Tuesday  ,37,3,September,2025,Copperfield Digital,MEDICARE ENGLISH,facebook,197.87,26.31,0.133,10,8,4,2,1075
2025-09-09,Tuesday  ,37,3,September,2025,Bright Meridian,MEDICARE ENGLISH,facebook,3446.25,801.85,0.233,266,252,179,14,918
2025-09-09,Tuesday  ,37,3,September,2025,Ironwood Digital,ACA ENGLISH,youtube,1363.20,293.38,0.215,82,73,39,9,912
2025-09-09,Tuesday  ,37,3,September,2025,Juniper Path,AUTO INSURANCE ENGLISH,search,782.94,40.51,0.052,59,48,33,11,682
2025-09-09,Tuesday  ,37,3,September,2025,Juniper Path,MEDICARE SPANISH,search,276.58,58.38,0.211,18,17,7,1,654
2025-09-09,Tuesday  ,37,3,September,2025,Halcyon Reach,MEDICARE ENGLISH,search,899.22,47.64,0.053,72,62,31,10,562
2025-09-09,Tuesday  ,37,3,September,2025,Prairie Signal,MEDICARE ENGLISH,youtube,268.29,67.74,0.252,14,12,5,2,821
2025-09-09,Tuesday  ,37,3,September,2025,Silverpine Ads,AUTO INSURANCE ENGLISH,facebook,1118.26,663.77,0.594,87,76,43,11,656
2025-09-09,Tuesday  ,37,3,September,2025,Foxglove Media,AUTO ENGLISH,search,1825.37,812.19,0.445,146,124,57,22,941
2025-09-09,Tuesday  ,37,3,September,2025,Quarry Point,FINAL EXPENSE ENGLISH,NULL,1572.23,281.10,0.179,112,99,46,13,710
2025-09-09,Tuesday  ,37,3,September,2025,Tidewater Reach,MEDICARE ENGLISH,facebook,1998.62,364.04,0.182,119,99,58,20,966
2025-09-09,Tuesday  ,37,3,September,2025,Slate Harbor Ads,ACA ENGLISH,NULL,906.49,NULL,NULL,43,36,20,7,542
2025-09-09,Tuesday  ,37,3,September,2025,Auburn Peak Media,AUTO INSURANCE ENGLISH,search,25.46,12.36,0.485,1,0,0,1,953
2025-09-09,Tuesday  ,37,3,September,2025,Auburn Peak Media,FINAL EXPENSE ENGLISH,search,43.58,10.14,0.233,3,2,1,1,1038
2025-09-09,Tuesday  ,37,3,September,2025,Larkspur Ads,FINAL EXPENSE ENGLISH,NULL,806.21,131.29,0.163,39,36,19,3,774
2025-09-09,Tuesday  ,37,3,September,2025,Granite Bay Digital,MEDICARE ENGLISH,NULL,1500.99,228.19,0.152,114,105,66,9,748
2025-09-10,Wednesday,37,3,September,2025,Northwind Media,MEDICARE ENGLISH,youtube,3496.43,NULL,NULL,240,198,93,42,1001
2025-09-10,Wednesday,37,3,September,2025,Blue Harbor Digital,MEDICARE ENGLISH,search,420.31,116.08,0.276,20,18,9,2,510
2025-09-10,Wednesday,37,3,September,2025,Blue Harbor Digital,MEDICARE SPANISH,search,35.33,9.30,0.263,2,1,0,1,1073
2025-09-10,Wednesday,37,3,September,2025,Cedar Lane Ads,ACA ENGLISH,facebook,197.93,32.62,0.165,14,11,5,3,671
2025-09-10,Wednesday,37,3,September,2025,Copperfield Digital,MEDICARE ENGLISH,facebook,1098.98,205.52,0.187,53,44,26,9,628
2025-09-10,Wednesday,37,3,September,2025,Kingfisher Ads,MEDICARE ENGLISH,NULL,2809.96,224.37,0.080,141,133,72,8,518
2025-09-10,Wednesday,37,3,September,2025,Bright Meridian,MEDICARE ENGLISH,facebook,6095.98,1047.95,0.172,357,301,194,56,1098
2025-09-10,Wednesday,37,3,September,2025,Ironwood Digital,ACA ENGLISH,youtube,1010.17,239.80,0.237,51,43,20,8,536
2025-09-10,Wednesday,37,3,September,2025,Juniper Path,AUTO INSURANCE ENGLISH,search,716.61,101.88,0.142,33,30,16,3,511
2025-09-10,Wednesday,37,3,September,2025,Juniper Path,MEDICARE SPANISH,search,509.24,NULL,NULL,23,21,10,2,1002
2025-09-10,Wednesday,37,3,September,2025,Halcyon Reach,MEDICARE ENGLISH,search,409.38,51.12,0.125,19,17,9,2,988
2025-09-10,Wednesday,37,3,September,2025,Prairie Signal,MEDICARE ENGLISH,youtube,567.22,36.40,0.064,46,42,19,4,825
2025-09-10,Wednesday,37,3,September,2025,Prairie Signal,ACA ENGLISH,youtube,79.18,17.91,0.226,6,5,3,1,995
2025-09-10,Wednesday,37,3,September,2025,Silverpine Ads,AUTO INSURANCE ENGLISH,facebook,333.71,56.42,0.169,18,15,7,3,1093
2025-09-10,Wednesday,37,3,September,2025,Ember Lane Digital,MEDICARE ENGLISH,facebook,2438.96,397.81,0.163,158,134,95,24,1090
2025-09-10,Wednesday,37,3,September,2025,Foxglove Media,AUTO ENGLISH,search,341.11,192.59,0.565,20,17,11,3,589
2025-09-10,Wednesday,37,3,September,2025,Tidewater Reach,MEDICARE ENGLISH,facebook,770.43,88.23,0.115,49,41,21,8,650
2025-09-10,Wednesday,37,3,September,2025,Slate Harbor Ads,ACA ENGLISH,NULL,846.86,84.96,0.100,38,35,15,3,1091
2025-09-10,Wednesday,37,3,September,2025,Slate Harbor Ads,MEDICARE ENGLISH,NULL,3312.78,NULL,NULL,192,172,122,20,992
2025-09-10,Wednesday,37,3,September,2025,Windrose Performance,AUTO ENGLISH,NULL,419.96,85.35,0.203,28,23,16,5,1045
2025-09-10,Wednesday,37,3,September,2025,Thornfield Digital,MEDICARE ENGLISH,facebook,1370.69,165.24,0.121,81,68,46,13,852
2025-09-10,Wednesday,37,3,September,2025,Auburn Peak Media,AUTO INSURANCE ENGLISH,search,115.69,8.03,0.069,6,5,3,1,1085
2025-09-10,Wednesday,37,3,September,2025,Larkspur Ads,FINAL EXPENSE ENGLISH,NULL,570.14,89.50,0.157,32,29,14,3,869
2025-09-10,Wednesday,37,3,September,2025,Granite Bay Digital,MEDICARE ENGLISH,NULL,413.66,71.50,0.173,25,21,12,4,613
2025-09-11,Thursday ,37,3,September,2025,Northwind Media,MEDICARE ENGLISH,youtube,1644.82,147.78,0.090,99,91,51,8,853
2025-09-11,Thursday ,37,3,September,2025,Blue Harbor Digital,MEDICARE ENGLISH,search,286.90,99.50,0.347,14,11,7,3,944
2025-09-11,Thursday ,37,3,September,2025,Blue Harbor Digital,MEDICARE SPANISH,search,119.68,NULL,NULL,9,7,3,2,984
2025-09-11,Thursday ,37,3,September,2025,Copperfield Digital,MEDICARE ENGLISH,facebook,344.11,44.74,0.130,15,13,7,2,822
2025-09-11,Thursday ,37,3,September,2025,Kingfisher Ads,MEDICARE ENGLISH,NULL,1922.21,174.67,0.091,95,86,50,9,910
2025-09-11,Thursday ,37,3,September,2025,Ironwood Digital,ACA ENGLISH,youtube,678.27,NULL,NULL,34,29,18,5,806
2025-09-11,Thursday ,37,3,September,2025,Halcyon Reach,MEDICARE ENGLISH,search,1118.17,287.12,0.257,68,56,40,12,701
2025-09-11,Thursday ,37,3,September,2025,Prairie Signal,MEDICARE ENGLISH,youtube,921.45,129.97,0.141,59,50,34,9,872
2025-09-11,Thursday ,37,3,September,2025,Silverpine Ads,AUTO INSURANCE ENGLISH,facebook,413.04,-47.77,-0.116,21,17,8,4,692
2025-09-11,Thursday ,37,3,September,2025,Foxglove Media,AUTO ENGLISH,search,911.45,-41.63,-0.046,57,46,25,11,671
2025-09-11,Thursday ,37,3,September,2025,Quarry Point,FINAL EXPENSE ENGLISH,NULL,870.96,75.29,0.086,40,33,18,7,996
2025-09-11,Thursday ,37,3,September,2025,Tidewater Reach,MEDICARE ENGLISH,facebook,1194.57,145.06,0.121,91,83,53,8,745
2025-09-11,Thursday ,37,3,September,2025,Marigold Digital,MEDICARE ENGLISH,facebook,4140.18,591.60,0.143,200,166,80,34,1086
2025-09-11,Thursday ,37,3,September,2025,Slate Harbor Ads,ACA ENGLISH,NULL,516.20,NULL,NULL,35,32,21,3,937
2025-09-11,Thursday ,37,3,September,2025,Bellweather Media,MEDICARE ENGLISH,NULL,411.27,74.08,0.180,22,19,9,3,984
2025-09-11,Thursday ,37,3,September,2025,Bellweather Media,ACA ENGLISH,NULL,263.58,39.58,0.150,14,12,8,2,675
2025-09-11,Thursday ,37,3,September,2025,Windrose Performance,MEDICARE ENGLISH,NULL,372.78,NULL,NULL,25,21,13,4,567
2025-09-11,Thursday ,37,3,September,2025,Auburn Peak Media,AUTO INSURANCE ENGLISH,search,62.53,12.94,0.207,3,2,1,1,584
2025-09-11,Thursday ,37,3,September,2025,Auburn Peak Media,FINAL EXPENSE ENGLISH,search,33.61,5.97,0.178,2,1,0,1,1082
2025-09-11,Thursday ,37,3,September,2025,Larkspur Ads,FINAL EXPENSE ENGLISH,NULL,1672.19,52.97,0.032,127,108,77,19,813
2025-09-12,Friday   ,37,3,September,2025,Northwind Media,MEDICARE ENGLISH,youtube,1737.09,209.87,0.121,97,86,52,11,755
2025-09-12,Friday   ,37,3,September,2025,Blue Harbor Digital,MEDICARE ENGLISH,search,301.28,36.06,0.120,14,12,5,2,994
2025-09-12,Friday   ,37,3,September,2025,Blue Harbor Digital,MEDICARE SPANISH,search,51.35,10.37,0.202,3,2,1,1,864
2025-09-12,Friday   ,37,3,September,2025,Copperfield Digital,MEDICARE ENGLISH,facebook,427.97,71.45,0.167,20,16,9,4,566
2025-09-12,Friday   ,37,3,September,2025,Copperfield Digital,ACA ENGLISH,facebook,80.36,18.00,0.224,5,4,2,1,938
2025-09-12,Friday   ,37,3,September,2025,Aster Performance,AUTO ENGLISH,youtube,1546.36,-465.67,-0.301,103,87,51,16,581
2025-09-12,Friday   ,37,3,September,2025,Kingfisher Ads,MEDICARE ENGLISH,NULL,2852.00,516.30,0.181,132,109,73,23,841
2025-09-12,Friday   ,37,3,September,2025,Bright Meridian,MEDICARE ENGLISH,facebook,2171.21,300.17,0.138,107,89,58,18,966
2025-09-12,Friday   ,37,3,September,2025,Ironwood Digital,ACA ENGLISH,youtube,2873.41,666.64,0.232,142,134,89,8,969
2025-09-12,Friday   ,37,3,September,2025,Juniper Path,AUTO INSURANCE ENGLISH,search,350.44,20.09,0.057,21,19,8,2,954
2025-09-12,Friday   ,37,3,September,2025,Halcyon Reach,MEDICARE ENGLISH,search,748.86,112.66,0.150,55,47,28,8,941
2025-09-12,Friday   ,37,3,September,2025,Onyx Row Media,AUTO ENGLISH,NULL,288.07,NULL,NULL,14,13,7,1,900
2025-09-12,Friday   ,37,3,September,2025,Silverpine Ads,AUTO INSURANCE ENGLISH,facebook,250.15,54.42,0.218,15,13,7,2,677
2025-09-12,Friday   ,37,3,September,2025,Quarry Point,FINAL EXPENSE ENGLISH,NULL,856.00,NULL,NULL,40,34,23,6,602
2025-09-12,Friday   ,37,3,September,2025,Tidewater Reach,MEDICARE ENGLISH,facebook,1638.60,258.98,0.158,127,119,63,8,589
2025-09-12,Friday   ,37,3,September,2025,Marigold Digital,MEDICARE ENGLISH,facebook,2535.64,672.78,0.265,140,120,77,20,576
2025-09-12,Friday   ,37,3,September,2025,Cobalt Grove,MEDICARE ENGLISH,facebook,2041.72,239.63,0.117,144,124,65,20,1034
2025-09-12,Friday   ,37,3,September,2025,Windrose Performance,AUTO ENGLISH,NULL,271.87,31.20,0.115,19,16,9,3,584
2025-09-12,Friday   ,37,3,September,2025,Granite Bay Digital,MEDICARE ENGLISH,NULL,761.30,180.93,0.238,56,46,31,10,661
2025-09-12,Friday   ,37,3,September,2025,Mistral Reach,MEDICARE ENGLISH,search,2163.26,NULL,NULL,103,93,58,10,1079
2025-09-15,Monday   ,38,3,September,2025,Northwind Media,MEDICARE ENGLISH,youtube,1491.73,NULL,NULL,91,74,50,17,684
2025-09-15,Monday   ,38,3,September,2025,Blue Harbor Digital,MEDICARE ENGLISH,search,225.50,33.85,0.150,10,9,6,1,1064
2025-09-15,Monday   ,38,3,September,2025,Cedar Lane Ads,ACA ENGLISH,facebook,221.45,38.62,0.174,10,8,5,2,576
2025-09-15,Monday   ,38,3,September,2025,Vertex Reach,MEDICARE ENGLISH,facebook,1188.30,89.15,0.075,84,78,49,6,566
2025-09-15,Monday   ,38,3,September,2025,Vertex Reach,FINAL EXPENSE ENGLISH,facebook,528.93,79.77,0.151,25,20,10,5,570
2025-09-15,Monday   ,38,3,September,2025,Lantern Media Group,MEDICARE ENGLISH,facebook,2731.89,286.64,0.105,128,116,68,12,785
2025-09-15,Monday   ,38,3,September,2025,Copperfield Digital,MEDICARE ENGLISH,facebook,513.97,NULL,NULL,40,37,20,3,1099
2025-09-15,Monday   ,38,3,September,2025,Kingfisher Ads,MEDICARE ENGLISH,NULL,4334.69,331.25,0.076,274,242,121,32,575
2025-09-15,Monday   ,38,3,September,2025,Ironwood Digital,ACA ENGLISH,youtube,1335.41,198.29,0.148,92,76,51,16,634
2025-09-15,Monday   ,38,3,September,2025,Ironwood Digital,MEDICARE ENGLISH,youtube,5815.06,1165.68,0.200,425,351,228,74,981
2025-09-15,Monday   ,38,3,September,2025,Juniper Path,AUTO INSURANCE ENGLISH,search,360.45,104.16,0.289,17,15,7,2,947
2025-09-15,Monday   ,38,3,September,2025,Juniper Path,MEDICARE SPANISH,search,231.71,65.27,0.282,17,15,9,2,1016
2025-09-15,Monday   ,38,3,September,2025,Halcyon Reach,MEDICARE ENGLISH,search,558.41,86.14,0.154,31,26,13,5,590
2025-09-15,Monday   ,38,3,September,2025,Halcyon Reach,MEDICARE SPANISH,search,146.56,34.30,0.234,9,7,4,2,985
2025-09-15,Monday   ,38,3,September,2025,Prairie Signal,MEDICARE ENGLISH,youtube,278.58,NULL,NULL,16,14,9,2,1034
2025-09-15,Monday   ,38,3,September,2025,Onyx Row Media,MEDICARE SPANISH,NULL,57.18,NULL,NULL,3,2,1,1,935
2025-09-15,Monday   ,38,3,September,2025,Onyx Row Media,AUTO ENGLISH,NULL,244.96,-58.17,-0.237,14,11,6,3,692
2025-09-15,Monday   ,38,3,September,2025,Silverpine Ads,AUTO INSURANCE ENGLISH,facebook,1024.53,-65.06,-0.064,49,43,22,6,1077
2025-09-15,Monday   ,38,3,September,2025,Silverpine Ads,AUTO ENGLISH,facebook,913.94,-166.78,-0.182,57,53,26,4,976
2025-09-15,Monday   ,38,3,September,2025,Ember Lane Digital,MEDICARE ENGLISH,facebook,2207.27,156.94,0.071,171,149,83,22,589
2025-09-15,Monday   ,38,3,September,2025,Slate Harbor Ads,ACA ENGLISH,NULL,1017.63,269.79,0.265,73,66,46,7,609
2025-09-15,Monday   ,38,3,September,2025,Slate Harbor Ads,MEDICARE ENGLISH,NULL,1740.17,104.91,0.060,111,101,51,10,775
2025-09-15,Monday   ,38,3,September,2025,Bellweather Media,MEDICARE ENGLISH,NULL,1113.48,145.05,0.130,52,45,21,7,1091
2025-09-15,Monday   ,38,3,September,2025,Windrose Performance,AUTO ENGLISH,NULL,308.41,147.35,0.478,19,17,10,2,649
2025-09-15,Monday   ,38,3,September,2025,Thornfield Digital,MEDICARE ENGLISH,facebook,1065.89,153.62,0.144,75,62,34,13,929
2025-09-15,Monday   ,38,3,September,2025,Auburn Peak Media,AUTO INSURANCE ENGLISH,search,85.97,44.87,0.522,5,4,2,1,652
2025-09-15,Monday   ,38,3,September,2025,Granite Bay Digital,MEDICARE ENGLISH,NULL,326.78,81.81,0.250,17,15,10,2,814
2025-09-16,Tuesday  ,38,3,September,2025,Northwind Media,MEDICARE ENGLISH,youtube,4114.67,NULL,NULL,301,271,168,30,537
2025-09-16,Tuesday  ,38,3,September,2025,Blue Harbor Digital,MEDICARE ENGLISH,search,246.28,65.11,0.264,11,9,6,2,653
2025-09-16,Tuesday  ,38,3,September,2025,Cedar Lane Ads,ACA ENGLISH,facebook,411.45,99.70,0.242,24,20,11,4,1090
2025-09-16,Tuesday  ,38,3,September,2025,Lantern Media Group,MEDICARE ENGLISH,facebook,3653.66,NULL,NULL,238,217,140,21,680
2025-09-16,Tuesday  ,38,3,September,2025,Aster Performance,AUTO ENGLISH,youtube,533.23,192.00,0.360,30,25,12,5,850
2025-09-16,Tuesday  ,38,3,September,2025,Kingfisher Ads,MEDICARE ENGLISH,NULL,1586.23,NULL,NULL,80,67,42,13,1057
2025-09-16,Tuesday  ,38,3,September,2025,Bright Meridian,MEDICARE ENGLISH,facebook,1587.19,NULL,NULL,74,67,37,7,818
2025-09-16,Tuesday  ,38,3,September,2025,Sable Creek Media,MEDICARE ENGLISH,facebook,1978.57,307.71,0.156,102,84,44,18,1030
2025-09-16,Tuesday  ,38,3,September,2025,Juniper Path,AUTO INSURANCE ENGLISH,search,781.33,179.17,0.229,38,35,19,3,1027
2025-09-16,Tuesday  ,38,3,September,2025,Juniper Path,MEDICARE SPANISH,search,116.24,34.80,0.299,6,5,2,1,636
2025-09-16,Tuesday  ,38,3,September,2025,Halcyon Reach,MEDICARE ENGLISH,search,1863.91,312.43,0.168,143,119,67,24,776
2025-09-16,Tuesday  ,38,3,September,2025,Onyx Row Media,MEDICARE SPANISH,NULL,40.86,5.70,0.139,2,1,0,1,596
2025-09-16,Tuesday  ,38,3,September,2025,Silverpine Ads,AUTO INSURANCE ENGLISH,facebook,342.72,20.08,0.059,20,18,10,2,623
2025-09-16,Tuesday  ,38,3,September,2025,Quarry Point,FINAL EXPENSE ENGLISH,NULL,1769.92,176.45,0.100,84,79,43,5,517
2025-09-16,Tuesday  ,38,3,September,2025,Tidewater Reach,MEDICARE ENGLISH,facebook,937.00,162.51,0.173,47,44,24,3,632
2025-09-16,Tuesday  ,38,3,September,2025,Marigold Digital,MEDICARE ENGLISH,facebook,1751.28,300.19,0.171,101,92,49,9,586
2025-09-16,Tuesday  ,38,3,September,2025,Windrose Performance,AUTO ENGLISH,NULL,626.32,97.50,0.156,52,42,22,10,896
2025-09-16,Tuesday  ,38,3,September,2025,Auburn Peak Media,AUTO INSURANCE ENGLISH,search,109.51,-15.11,-0.138,5,4,2,1,953
2025-09-16,Tuesday  ,38,3,September,2025,Larkspur Ads,FINAL EXPENSE ENGLISH,NULL,983.14,NULL,NULL,49,44,31,5,568
2025-09-16,Tuesday  ,38,3,September,2025,Mistral Reach,MEDICARE ENGLISH,search,3686.69,1176.40,0.319,209,191,111,18,1061
2025-09-17,Wednesday,38,3,September,2025,Northwind Media,MEDICARE ENGLISH,youtube,2671.73,157.16,0.059,159,134,67,25,697
2025-09-17,Wednesday,38,3,September,2025,Blue Harbor Digital,MEDICARE ENGLISH,search,319.75,75.65,0.237,15,12,7,3,637
2025-09-17,Wednesday,38,3,September,2025,Kingfisher Ads,MEDICARE ENGLISH,NULL,2104.58,141.09,0.067,160,137,66,23,768
2025-09-17,Wednesday,38,3,September,2025,Ironwood Digital,ACA ENGLISH,youtube,1951.93,NULL,NULL,134,125,68,9,513
2025-09-17,Wednesday,38,3,September,2025,Juniper Path,AUTO INSURANCE ENGLISH,search,635.98,-124.04,-0.195,36,33,20,3,956
2025-09-17,Wednesday,38,3,September,2025,Prairie Signal,MEDICARE ENGLISH,youtube,463.89,NULL,NULL,25,20,9,5,645
2025-09-17,Wednesday,38,3,September,2025,Prairie Signal,ACA ENGLISH,youtube,181.50,27.21,0.150,14,12,6,2,983
2025-09-17,Wednesday,38,3,September,2025,Foxglove Media,AUTO ENGLISH,search,1411.05,196.66,0.139,112,96,43,16,999
2025-09-17,Wednesday,38,3,September,2025,Quarry Point,FINAL EXPENSE ENGLISH,NULL,894.31,26.62,0.030,54,47,25,7,815
2025-09-17,Wednesday,38,3,September,2025,Tidewater Reach,MEDICARE ENGLISH,facebook,800.97,138.95,0.173,42,39,19,3,722
2025-09-17,Wednesday,38,3,September,2025,Slate Harbor Ads,ACA ENGLISH,NULL,723.17,149.87,0.207,40,33,23,7,672
2025-09-17,Wednesday,38,3,September,2025,Slate Harbor Ads,MEDICARE ENGLISH,NULL,3012.20,902.89,0.300,231,202,113,29,816
2025-09-17,Wednesday,38,3,September,2025,Bellweather Media,MEDICARE ENGLISH,NULL,615.31,82.62,0.134,39,34,16,5,818
2025-09-17,Wednesday,38,3,September,2025,Thornfield Digital,MEDICARE ENGLISH,facebook,1147.63,178.75,0.156,70,61,30,9,660
2025-09-17,Wednesday,38,3,September,2025,Auburn Peak Media,AUTO INSURANCE ENGLISH,search,137.54,-15.07,-0.110,7,6,4,1,751
2025-09-17,Wednesday,38,3,September,2025,Larkspur Ads,FINAL EXPENSE ENGLISH,NULL,1046.07,NULL,NULL,59,50,31,9,791
2025-09-18,Thursday ,38,3,September,2025,Northwind Media,MEDICARE ENGLISH,youtube,7110.34,286.28,0.040,417,358,217,59,803
2025-09-18,Thursday ,38,3,September,2025,Blue Harbor Digital,MEDICARE ENGLISH,search,367.76,56.52,0.154,16,13,7,3,1086
2025-09-18,Thursday ,38,3,September,2025,Cedar Lane Ads,ACA ENGLISH,facebook,145.40,19.89,0.137,10,9,5,1,865
2025-09-18,Thursday ,38,3,September,2025,Copperfield Digital,MEDICARE ENGLISH,facebook,246.29,NULL,NULL,11,9,5,2,640
2025-09-18,Thursday ,38,3,September,2025,Copperfield Digital,ACA ENGLISH,facebook,99.00,10.81,0.109,4,3,1,1,903
2025-09-18,Thursday ,38,3,September,2025,Bright Meridian,MEDICARE ENGLISH,facebook,2602.52,NULL,NULL,214,200,120,14,869
2025-09-18,Thursday ,38,3,September,2025,Sable Creek Media,MEDICARE ENGLISH,facebook,1432.15,105.69,0.074,110,103,70,7,662
2025-09-18,Thursday ,38,3,September,2025,Ironwood Digital,ACA ENGLISH,youtube,1631.67,212.92,0.130,117,96,50,21,815
2025-09-18,Thursday ,38,3,September,2025,Ironwood Digital,MEDICARE ENGLISH,youtube,11244.22,2729.58,0.243,573,528,249,45,1025
2025-09-18,Thursday ,38,3,September,2025,Juniper Path,AUTO INSURANCE ENGLISH,search,353.40,100.15,0.283,21,19,8,2,814
2025-09-18,Thursday ,38,3,September,2025,Juniper Path,MEDICARE SPANISH,search,617.23,196.90,0.319,40,32,14,8,741
2025-09-18,Thursday ,38,3,September,2025,Halcyon Reach,MEDICARE ENGLISH,search,1556.68,333.81,0.214,83,68,32,15,504
2025-09-18,Thursday ,38,3,September,2025,Prairie Signal,ACA ENGLISH,youtube,152.10,16.95,0.111,11,9,5,2,697
2025-09-18,Thursday ,38,3,September,2025,Onyx Row Media,MEDICARE SPANISH,NULL,234.14,52.03,0.222,10,9,4,1,793
2025-09-18,Thursday ,38,3,September,2025,Onyx Row Media,MEDICARE ENGLISH,NULL,241.08,52.49,0.218,13,12,7,1,999
2025-09-18,Thursday ,38,3,September,2025,Silverpine Ads,AUTO INSURANCE ENGLISH,facebook,399.06,18.51,0.046,18,15,10,3,1023
2025-09-18,Thursday ,38,3,September,2025,Silverpine Ads,AUTO ENGLISH,facebook,562.61,18.19,0.032,29,24,12,5,1021
2025-09-18,Thursday ,38,3,September,2025,Foxglove Media,AUTO ENGLISH,search,602.86,172.22,0.286,32,28,18,4,1085
2025-09-18,Thursday ,38,3,September,2025,Quarry Point,FINAL EXPENSE ENGLISH,NULL,1533.74,228.81,0.149,85,69,35,16,593
2025-09-18,Thursday ,38,3,September,2025,Marigold Digital,MEDICARE ENGLISH,facebook,3880.15,1404.90,0.362,190,163,111,27,1027
2025-09-18,Thursday ,38,3,September,2025,Slate Harbor Ads,ACA ENGLISH,NULL,830.42,154.71,0.186,51,43,29,8,1098
2025-09-18,Thursday ,38,3,September,2025,Cobalt Grove,MEDICARE ENGLISH,facebook,1361.00,-63.07,-0.046,75,70,50,5,543
2025-09-18,Thursday ,38,3,September,2025,Thornfield Digital,MEDICARE ENGLISH,facebook,572.79,NULL,NULL,26,22,10,4,731
2025-09-18,Thursday ,38,3,September,2025,Auburn Peak Media,AUTO INSURANCE ENGLISH,search,69.19,-5.35,-0.077,4,3,1,1,990
2025-09-18,Thursday ,38,3,September,2025,Auburn Peak Media,FINAL EXPENSE ENGLISH,search,52.70,12.54,0.238,2,1,0,1,984
2025-09-18,Thursday ,38,3,September,2025,Larkspur Ads,FINAL EXPENSE ENGLISH,NULL,893.87,131.78,0.147,60,56,35,4,603
2025-09-18,Thursday ,38,3,September,2025,Granite Bay Digital,MEDICARE ENGLISH,NULL,1364.42,410.13,0.301,86,77,45,9,888
2025-09-18,Thursday ,38,3,September,2025,Granite Bay Digital,ACA ENGLISH,NULL,251.11,NULL,NULL,14,11,7,3,775
2025-09-18,Thursday ,38,3,September,2025,Mistral Reach,MEDICARE ENGLISH,search,6117.70,935.23,0.153,372,349,246,23,804
2025-09-19,Friday   ,38,3,September,2025,Blue Harbor Digital,MEDICARE ENGLISH,search,236.07,58.22,0.247,17,14,8,3,682
2025-09-19,Friday   ,38,3,September,2025,Cedar Lane Ads,ACA ENGLISH,facebook,340.83,43.98,0.129,16,13,8,3,864
2025-09-19,Friday   ,38,3,September,2025,Lantern Media Group,MEDICARE ENGLISH,facebook,2112.45,458.88,0.217,109,93,46,16,595
2025-09-19,Friday   ,38,3,September,2025,Copperfield Digital,MEDICARE ENGLISH,facebook,1322.75,116.75,0.088,83,73,41,10,1020
2025-09-19,Friday   ,38,3,September,2025,Aster Performance,AUTO ENGLISH,youtube,642.38,301.65,0.470,42,37,19,5,983
2025-09-19,Friday   ,38,3,September,2025,Bright Meridian,MEDICARE ENGLISH,facebook,5093.38,563.47,0.111,248,218,131,30,659
2025-09-19,Friday   ,38,3,September,2025,Sable Creek Media,MEDICARE ENGLISH,facebook,1114.67,105.09,0.094,92,79,55,13,538
2025-09-19,Friday   ,38,3,September,2025,Ironwood Digital,ACA ENGLISH,youtube,2637.93,834.46,0.316,137,116,55,21,1079
2025-09-19,Friday   ,38,3,September,2025,Juniper Path,AUTO INSURANCE ENGLISH,search,236.01,14.54,0.062,12,10,6,2,933
2025-09-19,Friday   ,38,3,September,2025,Halcyon Reach,MEDICARE ENGLISH,search,502.27,62.12,0.124,27,22,13,5,1082
2025-09-19,Friday   ,38,3,September,2025,Halcyon Reach,MEDICARE SPANISH,search,172.16,NULL,NULL,8,7,3,1,529
2025-09-19,Friday   ,38,3,September,2025,Silverpine Ads,AUTO INSURANCE ENGLISH,facebook,331.86,39.11,0.118,18,15,8,3,637
2025-09-19,Friday   ,38,3,September,2025,Silverpine Ads,AUTO ENGLISH,facebook,401.98,48.51,0.121,28,25,13,3,644
2025-09-19,Friday   ,38,3,September,2025,Foxglove Media,AUTO ENGLISH,search,411.01,173.88,0.423,22,18,11,4,630
2025-09-19,Friday   ,38,3,September,2025,Quarry Point,FINAL EXPENSE ENGLISH,NULL,733.54,NULL,NULL,36,31,14,5,965
2025-09-19,Friday   ,38,3,September,2025,Slate Harbor Ads,ACA ENGLISH,NULL,416.75,91.51,0.220,23,19,9,4,573
2025-09-19,Friday   ,38,3,September,2025,Bellweather Media,MEDICARE ENGLISH,NULL,386.52,105.89,0.274,32,26,13,6,641
2025-09-19,Friday   ,38,3,September,2025,Bellweather Media,MEDICARE SPANISH,NULL,118.39,NULL,NULL,8,7,3,1,811
2025-09-19,Friday   ,38,3,September,2025,Cobalt Grove,MEDICARE ENGLISH,facebook,476.07,55.58,0.117,27,22,10,5,821
2025-09-19,Friday   ,38,3,September,2025,Windrose Performance,AUTO ENGLISH,NULL,702.51,-50.73,-0.072,42,38,18,4,721
2025-09-19,Friday   ,38,3,September,2025,Thornfield Digital,MEDICARE ENGLISH,facebook,550.45,59.44,0.108,35,31,17,4,809
2025-09-19,Friday   ,38,3,September,2025,Auburn Peak Media,AUTO INSURANCE ENGLISH,search,57.22,-0.09,-0.002,3,2,1,1,943
2025-09-19,Friday   ,38,3,September,2025,Auburn Peak Media,FINAL EXPENSE ENGLISH,search,79.82,16.23,0.203,6,5,2,1,863
2025-09-19,Friday   ,38,3,September,2025,Larkspur Ads,FINAL EXPENSE ENGLISH,NULL,535.03,187.12,0.350,36,31,19,5,596
2025-09-22,Monday   ,39,3,September,2025,Northwind Media,MEDICARE ENGLISH,youtube,4427.77,106.11,0.024,356,306,162,50,1022
2025-09-22,Monday   ,39,3,September,2025,Blue Harbor Digital,MEDICARE ENGLISH,search,342.79,50.45,0.147,20,17,11,3,875
2025-09-22,Monday   ,39,3,September,2025,Cedar Lane Ads,ACA ENGLISH,facebook,790.83,125.23,0.158,55,50,26,5,935
2025-09-22,Monday   ,39,3,September,2025,Copperfield Digital,MEDICARE ENGLISH,facebook,535.83,122.25,0.228,29,24,13,5,563
2025-09-22,Monday   ,39,3,September,2025,Copperfield Digital,ACA ENGLISH,facebook,52.17,8.18,0.157,2,1,0,1,1021
2025-09-22,Monday   ,39,3,September,2025,Bright Meridian,MEDICARE ENGLISH,facebook,7742.89,NULL,NULL,461,406,282,55,1012
2025-09-22,Monday   ,39,3,September,2025,Bright Meridian,AUTO INSURANCE ENGLISH,facebook,1261.60,-238.77,-0.189,58,50,24,8,924
2025-09-22,Monday   ,39,3,September,2025,Sable Creek Media,MEDICARE ENGLISH,facebook,2075.88,180.30,0.087,114,101,72,13,755
2025-09-22,Monday   ,39,3,September,2025,Ironwood Digital,ACA ENGLISH,youtube,3825.75,984.57,0.257,184,159,72,25,628
2025-09-22,Monday   ,39,3,September,2025,Halcyon Reach,MEDICARE ENGLISH,search,745.30,NULL,NULL,36,30,14,6,1089
2025-09-22,Monday   ,39,3,September,2025,Prairie Signal,MEDICARE ENGLISH,youtube,709.28,142.33,0.201,50,44,22,6,1018
2025-09-22,Monday   ,39,3,September,2025,Onyx Row Media,MEDICARE SPANISH,NULL,410.73,42.05,0.102,23,19,10,4,669
2025-09-22,Monday   ,39,3,September,2025,Silverpine Ads,AUTO INSURANCE ENGLISH,facebook,535.25,127.35,0.238,29,24,15,5,797
2025-09-22,Monday   ,39,3,September,2025,Silverpine Ads,AUTO ENGLISH,facebook,581.08,NULL,NULL,27,25,15,2,896
2025-09-22,Monday   ,39,3,September,2025,Quarry Point,FINAL EXPENSE ENGLISH,NULL,659.12,115.43,0.175,44,37,25,7,814
2025-09-22,Monday   ,39,3,September,2025,Tidewater Reach,MEDICARE ENGLISH,facebook,987.99,96.17,0.097,71,61,41,10,741
2025-09-22,Monday   ,39,3,September,2025,Slate Harbor Ads,ACA ENGLISH,NULL,1578.46,329.09,0.208,79,66,46,13,565
2025-09-22,Monday   ,39,3,September,2025,Bellweather Media,MEDICARE ENGLISH,NULL,558.84,151.66,0.271,27,22,10,5,853
2025-09-22,Monday   ,39,3,September,2025,Bellweather Media,ACA ENGLISH,NULL,365.96,119.94,0.328,28,23,16,5,1033
2025-09-22,Monday   ,39,3,September,2025,Windrose Performance,AUTO ENGLISH,NULL,740.36,121.84,0.165,36,30,16,6,643
2025-09-23,Tuesday  ,39,3,September,2025,Northwind Media,MEDICARE ENGLISH,youtube,3926.75,948.65,0.242,263,221,152,42,765
2025-09-23,Tuesday  ,39,3,September,2025,Lantern Media Group,MEDICARE ENGLISH,facebook,4815.17,939.94,0.195,336,284,150,52,734
2025-09-23,Tuesday  ,39,3,September,2025,Copperfield Digital,MEDICARE ENGLISH,facebook,156.66,25.18,0.161,11,9,5,2,602
2025-09-23,Tuesday  ,39,3,September,2025,Bright Meridian,MEDICARE ENGLISH,facebook,3208.13,635.25,0.198,155,140,73,15,1061
2025-09-23,Tuesday  ,39,3,September,2025,Juniper Path,AUTO INSURANCE ENGLISH,search,519.58,70.94,0.137,29,26,15,3,1091
2025-09-23,Tuesday  ,39,3,September,2025,Halcyon Reach,MEDICARE ENGLISH,search,394.90,127.53,0.323,20,17,11,3,836
2025-09-23,Tuesday  ,39,3,September,2025,Prairie Signal,MEDICARE ENGLISH,youtube,163.96,21.77,0.133,13,11,7,2,778
2025-09-23,Tuesday  ,39,3,September,2025,Onyx Row Media,MEDICARE SPANISH,NULL,124.38,28.66,0.230,6,5,2,1,692
2025-09-23,Tuesday  ,39,3,September,2025,Silverpine Ads,AUTO INSURANCE ENGLISH,facebook,318.78,NULL,NULL,21,17,12,4,702
2025-09-23,Tuesday  ,39,3,September,2025,Foxglove Media,AUTO ENGLISH,search,1730.58,-205.94,-0.119,144,133,68,11,982
2025-09-23,Tuesday  ,39,3,September,2025,Tidewater Reach,MEDICARE ENGLISH,facebook,1078.29,226.47,0.210,65,57,34,8,634
2025-09-23,Tuesday  ,39,3,September,2025,Slate Harbor Ads,ACA ENGLISH,NULL,317.80,33.66,0.106,18,14,6,4,532
2025-09-24,Wednesday,39,3,September,2025,Northwind Media,MEDICARE ENGLISH,youtube,1918.03,777.69,0.405,93,76,48,17,913
2025-09-24,Wednesday,39,3,September,2025,Blue Harbor Digital,MEDICARE ENGLISH,search,164.14,37.08,0.226,7,6,3,1,773
2025-09-24,Wednesday,39,3,September,2025,Blue Harbor Digital,MEDICARE SPANISH,search,84.48,13.82,0.164,4,3,1,1,867
2025-09-24,Wednesday,39,3,September,2025,Cedar Lane Ads,ACA ENGLISH,facebook,518.06,NULL,NULL,30,27,17,3,1037
2025-09-24,Wednesday,39,3,September,2025,Lantern Media Group,MEDICARE ENGLISH,facebook,1331.95,NULL,NULL,107,98,45,9,919
2025-09-24,Wednesday,39,3,September,2025,Copperfield Digital,MEDICARE ENGLISH,facebook,178.10,NULL,NULL,11,9,4,2,660
2025-09-24,Wednesday,39,3,September,2025,Copperfield Digital,ACA ENGLISH,facebook,36.76,4.03,0.110,1,0,0,1,1056
2025-09-24,Wednesday,39,3,September,2025,Kingfisher Ads,MEDICARE ENGLISH,NULL,2202.08,419.66,0.191,118,112,80,6,568
2025-09-24,Wednesday,39,3,September,2025,Bright Meridian,MEDICARE ENGLISH,facebook,1296.45,249.17,0.192,75,67,37,8,893
2025-09-24,Wednesday,39,3,September,2025,Juniper Path,AUTO INSURANCE ENGLISH,search,611.58,162.34,0.265,29,25,15,4,760
2025-09-24,Wednesday,39,3,September,2025,Halcyon Reach,MEDICARE ENGLISH,search,976.27,216.16,0.221,54,46,25,8,648
2025-09-24,Wednesday,39,3,September,2025,Prairie Signal,MEDICARE ENGLISH,youtube,737.64,68.98,0.094,42,39,27,3,859
2025-09-24,Wednesday,39,3,September,2025,Foxglove Media,AUTO ENGLISH,search,2040.33,305.77,0.150,148,129,86,19,1015
2025-09-24,Wednesday,39,3,September,2025,Tidewater Reach,MEDICARE ENGLISH,facebook,751.37,124.39,0.166,51,42,29,9,554
2025-09-24,Wednesday,39,3,September,2025,Slate Harbor Ads,ACA ENGLISH,NULL,1573.71,NULL,NULL,91,76,39,15,888
2025-09-24,Wednesday,39,3,September,2025,Thornfield Digital,MEDICARE ENGLISH,facebook,2662.67,520.22,0.195,211,190,88,21,974
2025-09-24,Wednesday,39,3,September,2025,Larkspur Ads,FINAL EXPENSE ENGLISH,NULL,759.70,205.24,0.270,39,33,23,6,1095
2025-09-24,Wednesday,39,3,September,2025,Granite Bay Digital,MEDICARE ENGLISH,NULL,645.09,123.33,0.191,33,29,16,4,733
2025-09-24,Wednesday,39,3,September,2025,Mistral Reach,MEDICARE ENGLISH,search,4131.37,1207.33,0.292,290,272,129,18,881
2025-09-25,Thursday ,39,3,September,2025,Northwind Media,MEDICARE ENGLISH,youtube,3694.89,469.06,0.127,296,265,136,31,966
2025-09-25,Thursday ,39,3,September,2025,Blue Harbor Digital,MEDICARE ENGLISH,search,372.40,69.75,0.187,24,21,11,3,1094
2025-09-25,Thursday ,39,3,September,2025,Cedar Lane Ads,ACA ENGLISH,facebook,317.01,75.91,0.239,14,13,8,1,769
2025-09-25,Thursday ,39,3,September,2025,Lantern Media Group,MEDICARE ENGLISH,facebook,6439.54,854.41,0.133,412,361,230,51,914
2025-09-25,Thursday ,39,3,September,2025,Copperfield Digital,MEDICARE ENGLISH,facebook,337.62,32.45,0.096,22,18,9,4,1042
2025-09-25,Thursday ,39,3,September,2025,Aster Performance,AUTO ENGLISH,youtube,908.03,-22.65,-0.025,53,46,24,7,739
2025-09-25,Thursday ,39,3,September,2025,Bright Meridian,MEDICARE ENGLISH,facebook,5514.65,649.88,0.118,263,238,129,25,1050
2025-09-25,Thursday ,39,3,September,2025,Sable Creek Media,MEDICARE ENGLISH,facebook,1754.53,307.91,0.175,80,72,48,8,634
2025-09-25,Thursday ,39,3,September,2025,Juniper Path,AUTO INSURANCE ENGLISH,search,368.68,103.83,0.282,23,20,12,3,1087
2025-09-25,Thursday ,39,3,September,2025,Prairie Signal,MEDICARE ENGLISH,youtube,226.09,29.08,0.129,17,14,8,3,1095
2025-09-25,Thursday ,39,3,September,2025,Onyx Row Media,MEDICARE SPANISH,NULL,90.42,22.11,0.245,7,6,4,1,738
2025-09-25,Thursday ,39,3,September,2025,Onyx Row Media,AUTO ENGLISH,NULL,503.52,162.06,0.322,27,25,14,2,828
2025-09-25,Thursday ,39,3,September,2025,Onyx Row Media,MEDICARE ENGLISH,NULL,1416.37,189.75,0.134,65,55,26,10,673
2025-09-25,Thursday ,39,3,September,2025,Silverpine Ads,AUTO INSURANCE ENGLISH,facebook,125.01,28.85,0.231,10,8,5,2,605
2025-09-25,Thursday ,39,3,September,2025,Ember Lane Digital,MEDICARE ENGLISH,facebook,1491.53,155.68,0.104,113,105,47,8,1063
2025-09-25,Thursday ,39,3,September,2025,Foxglove Media,AUTO ENGLISH,search,700.64,224.99,0.321,37,32,15,5,510
2025-09-25,Thursday ,39,3,September,2025,Marigold Digital,MEDICARE ENGLISH,facebook,5589.33,1194.86,0.214,255,234,107,21,730
2025-09-25,Thursday ,39,3,September,2025,Cobalt Grove,MEDICARE ENGLISH,facebook,3825.27,604.10,0.158,293,265,124,28,637
2025-09-25,Thursday ,39,3,September,2025,Windrose Performance,AUTO ENGLISH,NULL,213.40,14.74,0.069,11,9,6,2,549
2025-09-25,Thursday ,39,3,September,2025,Windrose Performance,MEDICARE ENGLISH,NULL,1266.28,430.32,0.340,64,56,33,8,737
2025-09-25,Thursday ,39,3,September,2025,Thornfield Digital,MEDICARE ENGLISH,facebook,2509.45,443.06,0.177,202,173,83,29,823
2025-09-25,Thursday ,39,3,September,2025,Auburn Peak Media,AUTO INSURANCE ENGLISH,search,109.50,5.04,0.046,8,7,3,1,516
2025-09-25,Thursday ,39,3,September,2025,Auburn Peak Media,FINAL EXPENSE ENGLISH,search,137.87,13.92,0.101,7,6,3,1,582
2025-09-26,Friday   ,39,3,September,2025,Northwind Media,MEDICARE ENGLISH,youtube,3005.71,240.23,0.080,193,166,94,27,1070
2025-09-26,Friday   ,39,3,September,2025,Blue Harbor Digital,MEDICARE ENGLISH,search,287.84,49.56,0.172,19,15,10,4,681
2025-09-26,Friday   ,39,3,September,2025,Cedar Lane Ads,ACA ENGLISH,facebook,133.76,22.99,0.172,6,4,2,2,1037
2025-09-26,Friday   ,39,3,September,2025,Vertex Reach,MEDICARE ENGLISH,facebook,3317.81,NULL,NULL,272,252,150,20,584
2025-09-26,Friday   ,39,3,September,2025,Vertex Reach,FINAL EXPENSE ENGLISH,facebook,387.99,41.38,0.107,26,23,11,3,814
2025-09-26,Friday   ,39,3,September,2025,Kingfisher Ads,MEDICARE ENGLISH,NULL,1812.29,370.90,0.205,89,78,51,11,1026
2025-09-26,Friday   ,39,3,September,2025,Bright Meridian,MEDICARE ENGLISH,facebook,7427.23,877.14,0.118,557,504,343,53,507
2025-09-26,Friday   ,39,3,September,2025,Ironwood Digital,ACA ENGLISH,youtube,1572.39,501.94,0.319,88,73,47,15,896
2025-09-26,Friday   ,39,3,September,2025,Juniper Path,AUTO INSURANCE ENGLISH,search,606.38,211.67,0.349,38,32,19,6,1053
2025-09-26,Friday   ,39,3,September,2025,Prairie Signal,MEDICARE ENGLISH,youtube,614.51,72.06,0.117,44,40,24,4,640
2025-09-26,Friday   ,39,3,September,2025,Onyx Row Media,MEDICARE SPANISH,NULL,66.64,19.51,0.293,3,2,0,1,666
2025-09-26,Friday   ,39,3,September,2025,Onyx Row Media,AUTO ENGLISH,NULL,252.70,98.80,0.391,17,14,9,3,523
2025-09-26,Friday   ,39,3,September,2025,Onyx Row Media,MEDICARE ENGLISH,NULL,164.55,37.79,0.230,8,7,3,1,1045
2025-09-26,Friday   ,39,3,September,2025,Silverpine Ads,AUTO INSURANCE ENGLISH,facebook,116.36,25.06,0.215,8,7,4,1,709
2025-09-26,Friday   ,39,3,September,2025,Foxglove Media,AUTO ENGLISH,search,890.53,54.03,0.061,60,52,28,8,920
2025-09-26,Friday   ,39,3,September,2025,Quarry Point,FINAL EXPENSE ENGLISH,NULL,897.62,94.41,0.105,44,40,18,4,968
2025-09-26,Friday   ,39,3,September,2025,Marigold Digital,MEDICARE ENGLISH,facebook,1306.16,423.15,0.324,94,88,47,6,573
2025-09-26,Friday   ,39,3,September,2025,Slate Harbor Ads,ACA ENGLISH,NULL,497.03,84.99,0.171,28,23,16,5,852
2025-09-26,Friday   ,39,3,September,2025,Bellweather Media,MEDICARE ENGLISH,NULL,327.14,93.62,0.286,16,13,6,3,693
2025-09-26,Friday   ,39,3,September,2025,Bellweather Media,MEDICARE SPANISH,NULL,40.16,12.21,0.304,2,1,0,1,540
2025-09-26,Friday   ,39,3,September,2025,Bellweather Media,ACA ENGLISH,NULL,167.18,37.88,0.227,12,10,5,2,902
2025-09-26,Friday   ,39,3,September,2025,Windrose Performance,AUTO ENGLISH,NULL,272.54,-29.38,-0.108,13,11,6,2,1039
2025-09-26,Friday   ,39,3,September,2025,Thornfield Digital,MEDICARE ENGLISH,facebook,688.59,150.96,0.219,32,27,16,5,671
2025-09-26,Friday   ,39,3,September,2025,Larkspur Ads,FINAL EXPENSE ENGLISH,NULL,541.77,119.36,0.220,25,21,10,4,1062
2025-09-29,Monday   ,40,3,September,2025,Blue Harbor Digital,MEDICARE ENGLISH,search,159.85,35.22,0.220,12,10,5,2,504
2025-09-29,Monday   ,40,3,September,2025,Blue Harbor Digital,MEDICARE SPANISH,search,46.87,9.40,0.200,2,1,0,1,931
2025-09-29,Monday   ,40,3,September,2025,Lantern Media Group,MEDICARE ENGLISH,facebook,3350.13,-86.60,-0.026,272,243,142,29,1014
2025-09-29,Monday   ,40,3,September,2025,Copperfield Digital,MEDICARE ENGLISH,facebook,1693.73,126.81,0.075,79,72,42,7,751
2025-09-29,Monday   ,40,3,September,2025,Copperfield Digital,ACA ENGLISH,facebook,149.06,25.10,0.168,12,10,7,2,553
2025-09-29,Monday   ,40,3,September,2025,Bright Meridian,MEDICARE ENGLISH,facebook,2412.72,463.65,0.192,128,114,63,14,1076
2025-09-29,Monday   ,40,3,September,2025,Bright Meridian,AUTO INSURANCE ENGLISH,facebook,739.67,0.15,0.000,39,35,22,4,928
2025-09-29,Monday   ,40,3,September,2025,Ironwood Digital,ACA ENGLISH,youtube,2523.64,NULL,NULL,128,112,69,16,657
2025-09-29,Monday   ,40,3,September,2025,Juniper Path,AUTO INSURANCE ENGLISH,search,375.18,104.21,0.278,21,18,12,3,660
2025-09-29,Monday   ,40,3,September,2025,Prairie Signal,MEDICARE ENGLISH,youtube,361.98,57.85,0.160,24,22,15,2,778
2025-09-29,Monday   ,40,3,September,2025,Prairie Signal,ACA ENGLISH,youtube,160.53,NULL,NULL,8,6,3,2,809
2025-09-29,Monday   ,40,3,September,2025,Silverpine Ads,AUTO INSURANCE ENGLISH,facebook,331.54,-62.43,-0.188,18,16,7,2,693
2025-09-29,Monday   ,40,3,September,2025,Silverpine Ads,AUTO ENGLISH,facebook,522.12,37.86,0.073,29,24,11,5,836
2025-09-29,Monday   ,40,3,September,2025,Ember Lane Digital,MEDICARE ENGLISH,facebook,1643.20,188.56,0.115,130,123,57,7,722
2025-09-29,Monday   ,40,3,September,2025,Foxglove Media,AUTO ENGLISH,search,455.57,140.36,0.308,31,25,14,6,623
2025-09-29,Monday   ,40,3,September,2025,Quarry Point,FINAL EXPENSE ENGLISH,NULL,1714.71,384.79,0.224,128,117,71,11,670
2025-09-29,Monday   ,40,3,September,2025,Tidewater Reach,MEDICARE ENGLISH,facebook,1320.71,272.98,0.207,94,89,52,5,722
2025-09-29,Monday   ,40,3,September,2025,Slate Harbor Ads,MEDICARE ENGLISH,NULL,3941.84,758.82,0.193,309,291,195,18,817
2025-09-29,Monday   ,40,3,September,2025,Cobalt Grove,MEDICARE ENGLISH,facebook,620.74,73.62,0.119,49,42,26,7,612
2025-09-29,Monday   ,40,3,September,2025,Windrose Performance,AUTO ENGLISH,NULL,206.02,112.73,0.547,13,11,7,2,587
2025-09-29,Monday   ,40,3,September,2025,Thornfield Digital,MEDICARE ENGLISH,facebook,920.17,35.50,0.039,64,57,36,7,957
2025-09-29,Monday   ,40,3,September,2025,Auburn Peak Media,AUTO INSURANCE ENGLISH,search,115.60,0.25,0.002,5,4,2,1,1055
2025-09-29,Monday   ,40,3,September,2025,Larkspur Ads,FINAL EXPENSE ENGLISH,NULL,449.94,80.09,0.178,31,25,14,6,715
2025-09-29,Monday   ,40,3,September,2025,Granite Bay Digital,MEDICARE ENGLISH,NULL,333.09,60.22,0.181,18,15,7,3,818
